Record_ID,Material_ID,DOI,Source_File,Support,Support_Type,Amine_1_or_Additive_1,Amine_Type,MW_Mn_g_mol,Organic_Content_pct,N_Content_mmol_g,Amine_2_or_Additive_2,Amine_2_or_Additive_2_Type,Amine_3_or_Additive_3,Amine_3_or_Additive_3_Type,BET_Bare_Surface_Area_m2_g,Bare_Pore_Volume_cm3_g,Average_Bare_Pore_Diameter_nm,BET_Surface_Area_m2_g,Pore_Volume_cm3_g,Average_Pore_Diameter_nm,Relative_Humidity_pct,CO2_Concentration,CO2_Concentration_vol_pct,Flow_Rate,Flow_Rate_mL_min,Interfering_Gases,Adsorption_Temperature_C,CO2_Test_Method,CO2_Capacity,CO2_Capacity_mmol_g,Amine_Efficiency,Amine_Efficiency_mmol_mmol,Heat_of_Adsorption_kJ_mol,Time_to_Half_Saturation,Time_to_90_Saturation,Kinetic_name,Kinetic_label,Kinetic_values,Kinetic_units,Kinetic_percent_saturation,Desorption_Gas,Desorption_Temperature_C,Desorption_Time,Weight_Loss_Stability_pct,Capacity_Loss_Stability_pct,Cycle_1_name,Cycle_1_label,Cycle_1_values,Cycle_1_units,Cycle_1_max_cycle,Cycle_2_name,Cycle_2_label,Cycle_2_values,Cycle_2_units,Cycle_2_max_cycle,Model_Name,Prompt_Name
MCM-48-C_bare_MCM-48-C_bare_T25_TGA_pureCO2,MCM-48-C_bare,10.1021/acs.iecr.9b00534,001.pdf-id_comprehensive_extraction.json,MCM-48,Porous Silica Materials,0,,,,,0,,0,,1039.0,0.82,3.7,,,,0.0,100%,100.0,40 mL/min,40.0,,25.0,TGA,0.44 mmol/g,0.44,,,,,,,,,,,,,,,,,,,,,,,,,,qwen3-max,DAC_prompt_SCaSE
MCM-48-W_bare_MCM-48-W_bare_T25_TGA_pureCO2,MCM-48-W_bare,10.1021/acs.iecr.9b00534,001.pdf-id_comprehensive_extraction.json,MCM-48,Porous Silica Materials,0,,,,,0,,0,,533.0,0.31,3.4,,,,0.0,100%,100.0,40 mL/min,40.0,,25.0,TGA,0.52 mmol/g,0.52,,,,,,,,,,,,,,,,,,,,,,,,,,qwen3-max,DAC_prompt_SCaSE
MCM-48-C_PEI_9%_MCM-48-C_9%PEI_T25_TGA_pureCO2,MCM-48-C_PEI_9%,10.1021/acs.iecr.9b00534,001.pdf-id_comprehensive_extraction.json,MCM-48,Porous Silica Materials,PEI,Polymeric Amines,600.0,9.0,2.0930232558139537,0,,0,,1039.0,0.82,3.7,585.0,0.38,3.8,0.0,100%,100.0,40 mL/min,40.0,,25.0,TGA,1.06 mmol/g,1.06,11.6 mmol CO2/g PEI,11.6,63.0,287.5000000000007,1200.000000000007,TG Curve/ CO2 adsorption profile,Weight percentage,"[[0, 100.0], [100, 101.2], [300, 102.8], [500, 103.9], [1000, 104.7], [1500, 105.1], [2000, 105.3], [2500, 105.4], [3000, 105.4], [3500, 105.4]]","s, wt%","['-', '-']",,,,,,,,,,,,,,,,qwen3-max,DAC_prompt_SCaSE
MCM-48-W_PEI_10%_MCM-48-W_10%PEI_T25_TGA_pureCO2,MCM-48-W_PEI_10%,10.1021/acs.iecr.9b00534,001.pdf-id_comprehensive_extraction.json,MCM-48,Porous Silica Materials,PEI,Polymeric Amines,600.0,10.0,2.3255813953488373,CTAB,Additive,0,,533.0,0.31,3.4,206.0,0.15,3.3,0.0,100%,100.0,40 mL/min,40.0,,25.0,TGA,1.51 mmol/g,1.51,15.0 mmol CO2/g PEI,15.0,56.0,178.26086956521738,683.3333333333283,TG Curve/ CO2 adsorption profile,Weight percentage,"[[0, 100.0], [100, 102.5], [300, 104.8], [500, 105.9], [1000, 106.5], [1500, 106.7], [2000, 106.8], [2500, 106.8], [3000, 106.8], [3500, 106.8]]","s, wt%","['-', '-']",,,,,,,,,,,,,,,,qwen3-max,DAC_prompt_SCaSE
MCM-48-C_PEI_18%_MCM-48-C_18%PEI_T25_TGA_pureCO2,MCM-48-C_PEI_18%,10.1021/acs.iecr.9b00534,001.pdf-id_comprehensive_extraction.json,MCM-48,Porous Silica Materials,PEI,Polymeric Amines,600.0,18.0,4.186046511627907,0,,0,,1039.0,0.82,3.7,529.0,0.37,3.7,0.0,100%,100.0,40 mL/min,40.0,,25.0,TGA,1.42 mmol/g,1.42,7.6 mmol CO2/g PEI,7.6,62.0,691.1764705882367,2012.5000000000036,TG Curve/ CO2 adsorption profile,Weight percentage,"[[0, 100.0], [500, 102.8], [1000, 104.5], [1500, 105.6], [2000, 106.2], [2500, 106.6], [3000, 106.8], [3500, 106.9]]","s, wt%","['-', '-']",,,,,,,,,,,,,,,,qwen3-max,DAC_prompt_SCaSE
MCM-48-W_PEI_20%_MCM-48-W_20%PEI_T25_TGA_pureCO2,MCM-48-W_PEI_20%,10.1021/acs.iecr.9b00534,001.pdf-id_comprehensive_extraction.json,MCM-48,Porous Silica Materials,PEI,Polymeric Amines,600.0,20.0,4.651162790697675,CTAB,Additive,0,,533.0,0.31,3.4,163.0,0.14,2.8,0.0,100%,100.0,40 mL/min,40.0,,25.0,TGA,2.04 mmol/g,2.04,10.1 mmol CO2/g PEI,10.1,59.0,366.93548387096735,1324.999999999994,TG Curve/ CO2 adsorption profile,Weight percentage,"[[0, 100.0], [500, 106.2], [1000, 107.8], [1500, 108.4], [2000, 108.7], [2500, 108.9], [3000, 109.0], [3500, 109.1]]","s, wt%","['-', '-']",,,,,,,,,,,,,,,,qwen3-max,DAC_prompt_SCaSE
MCM-48-C_PEI_32%_MCM-48-C_32%PEI_T25_TGA_pureCO2,MCM-48-C_PEI_32%,10.1021/acs.iecr.9b00534,001.pdf-id_comprehensive_extraction.json,MCM-48,Porous Silica Materials,PEI,Polymeric Amines,600.0,32.0,7.441860465116279,0,,0,,1039.0,0.82,3.7,149.0,0.14,3.5,0.0,100%,100.0,40 mL/min,40.0,,25.0,TGA,1.82 mmol/g,1.82,5.6 mmol CO2/g PEI,5.6,63.0,409.0909090909095,1099.9999999999973,TG Curve/ CO2 adsorption profile,Weight percentage,"[[0, 100.0], [250, 102.1], [500, 104.3], [750, 105.6], [1000, 106.2], [1500, 106.7], [2000, 106.9], [2500, 107.0], [3000, 107.0], [3500, 107.0]]","s, wt%","['-', '-']",,,,,,,,,,,,,,,,qwen3-max,DAC_prompt_SCaSE
MCM-48-W_PEI_27%_MCM-48-W_27%PEI_T25_TGA_pureCO2,MCM-48-W_PEI_27%,10.1021/acs.iecr.9b00534,001.pdf-id_comprehensive_extraction.json,MCM-48,Porous Silica Materials,PEI,Polymeric Amines,600.0,27.0,6.279069767441861,CTAB,Additive,0,,533.0,0.31,3.4,35.0,0.18,2.2,0.0,100%,100.0,40 mL/min,40.0,,25.0,TGA,2.35 mmol/g,2.35,8.4 mmol CO2/g PEI,8.4,61.0,347.8260869565217,1442.8571428571438,TG Curve/ CO2 adsorption profile,Weight percentage,"[[0, 100.0], [250, 104.5], [500, 106.8], [750, 108.2], [1000, 109.1], [1500, 109.8], [2000, 110.2], [2500, 110.5], [3000, 110.7], [3500, 110.8]]","s, wt%","['-', '-']",,,,,,,,,,,,,,,,qwen3-max,DAC_prompt_SCaSE
MCM-48-C_PEI_42%_MCM-48-C_42%PEI_T25_TGA_pureCO2,MCM-48-C_PEI_42%,10.1021/acs.iecr.9b00534,001.pdf-id_comprehensive_extraction.json,MCM-48,Porous Silica Materials,PEI,Polymeric Amines,600.0,42.0,9.767441860465116,0,,0,,1039.0,0.82,3.7,13.0,0.04,12.307692307692308,0.0,100%,100.0,40 mL/min,40.0,,25.0,TGA,2.16 mmol/g,2.16,5.1 mmol CO2/g PEI,5.1,61.0,589.285714285714,1408.3333333333303,TG Curve/ CO2 adsorption profile,Weight percentage,"[[0, 106.0], [500, 107.8], [1000, 109.2], [1500, 109.8], [2000, 110.0], [2500, 110.1], [3000, 110.1], [3500, 110.1]]","s, wt%","['-', '-']",,,,,,Cyclic CO2 profile,Adsorption Amount (mmol/g),"[[1, 2.05], [2, 2.03], [3, 2.02], [4, 2.01], [5, 2.0], [6, 1.99]]",mmol/g,6.0,,,,,,qwen3-max,DAC_prompt_SCaSE
MCM-48-W_PEI_37%_MCM-48-W_37%PEI_T25_TGA_pureCO2,MCM-48-W_PEI_37%,10.1021/acs.iecr.9b00534,001.pdf-id_comprehensive_extraction.json,MCM-48,Porous Silica Materials,PEI,Polymeric Amines,600.0,37.0,8.604651162790699,CTAB,Additive,0,,533.0,0.31,3.4,3.0,0.01,13.333333333333334,0.0,100%,100.0,40 mL/min,40.0,,25.0,TGA,2.59 mmol/g,2.59,6.9 mmol CO2/g PEI,6.9,60.0,514.7058823529403,1324.9999999999964,TG Curve/ CO2 adsorption profile,Weight percentage,"[[0, 106.0], [500, 108.5], [1000, 110.2], [1500, 110.8], [2000, 111.0], [2500, 111.1], [3000, 111.1], [3500, 111.1]]","s, wt%","['-', '-']",,,,,,Cyclic CO2 profile,Adsorption Amount (mmol/g),"[[1, 2.55], [2, 2.53], [3, 2.52], [4, 2.51], [5, 2.5], [6, 2.49]]",mmol/g,6.0,,,,,,qwen3-max,DAC_prompt_SCaSE
MCM-48-W_PEI_37%_MCM-48-W_37%PEI_T50_BTC_15pctCO2_dry,MCM-48-W_PEI_37%,10.1021/acs.iecr.9b00534,001.pdf-id_comprehensive_extraction.json,MCM-48,Porous Silica Materials,PEI,Polymeric Amines,600.0,37.0,8.604651162790699,CTAB,Additive,0,,533.0,0.31,3.4,3.0,0.01,13.333333333333334,0.0,15%,15.0,,,,50.0,BTC,1.54 mmol/g,1.54,,,,51.42857142857143,66.66666666666667,Fixed-Bed Breakthrough Testing,c/c₀,"[[0, 0.0], [20, 0.01], [30, 0.05], [40, 0.15], [50, 0.45], [60, 0.8], [70, 0.95], [75, 0.98], [80, 0.99], [140, 1.0]]","s, -","['-', '-']",,,,,,,,,,,,,,,,qwen3-max,DAC_prompt_SCaSE
MCM-48-W_PEI_37%_MCM-48-W_37%PEI_T50_BTC_15pctCO2_humid,MCM-48-W_PEI_37%,10.1021/acs.iecr.9b00534,001.pdf-id_comprehensive_extraction.json,MCM-48,Porous Silica Materials,PEI,Polymeric Amines,600.0,37.0,8.604651162790699,CTAB,Additive,0,,533.0,0.31,3.4,3.0,0.01,13.333333333333334,13.74,15%,15.0,,,,50.0,BTC,1.81 mmol/g,1.81,,,,74.0,85.0,Fixed-Bed Breakthrough Testing,c/c₀,"[[0, 0.0], [40, 0.0], [60, 0.05], [70, 0.3], [75, 0.55], [80, 0.75], [85, 0.9], [90, 0.97], [100, 1.0], [140, 1.0]]","s, -","['-', '-']",,,,,,,,,,,,,,,,qwen3-max,DAC_prompt_SCaSE
MCM-48-W_PEI_37%_MCM-48-W_37%PEI_T50_BTC_15pctCO2_SO2,MCM-48-W_PEI_37%,10.1021/acs.iecr.9b00534,001.pdf-id_comprehensive_extraction.json,MCM-48,Porous Silica Materials,PEI,Polymeric Amines,600.0,37.0,8.604651162790699,CTAB,Additive,0,,533.0,0.31,3.4,3.0,0.01,13.333333333333334,0.0,15%,15.0,,,SO2,50.0,BTC,1.20 mmol/g,1.2,,,,76.25,87.5,Fixed-Bed Breakthrough Testing,c/c₀,"[[0, 0.0], [40, 0.0], [60, 0.02], [70, 0.2], [75, 0.45], [80, 0.65], [85, 0.85], [90, 0.95], [100, 1.0], [140, 1.0]]","s, -","['-', '-']",,,,,,,,,,,,,,,,qwen3-max,DAC_prompt_SCaSE
MCM-48-C_PEI_47%_MCM-48-C_47%PEI_T25_TGA_pureCO2,MCM-48-C_PEI_47%,10.1021/acs.iecr.9b00534,001.pdf-id_comprehensive_extraction.json,MCM-48,Porous Silica Materials,PEI,Polymeric Amines,600.0,47.0,10.930232558139535,0,,0,,1039.0,0.82,3.7,,,,0.0,100%,100.0,40 mL/min,40.0,,25.0,TGA,2.11 mmol/g,2.11,4.4 mmol CO2/g PEI,4.4,58.0,208.33333333333331,950.0000000000028,TG Curve/ CO2 adsorption profile,Weight percentage,"[[0, 100.0], [250, 106.0], [500, 107.8], [750, 108.6], [1000, 109.1], [1250, 109.4], [1500, 109.6], [2000, 109.8], [2500, 109.9], [3000, 110.0]]","s, wt%","['-', '-']",,,,,,,,,,,,,,,,qwen3-max,DAC_prompt_SCaSE
MCM-48-W_PEI_46%_MCM-48-W_46%PEI_T25_TGA_pureCO2,MCM-48-W_PEI_46%,10.1021/acs.iecr.9b00534,001.pdf-id_comprehensive_extraction.json,MCM-48,Porous Silica Materials,PEI,Polymeric Amines,600.0,46.0,10.697674418604652,CTAB,Additive,0,,533.0,0.31,3.4,,,,0.0,100%,100.0,40 mL/min,40.0,,25.0,TGA,2.53 mmol/g,2.53,5.5 mmol CO2/g PEI,5.5,60.0,225.8064516129032,950.0000000000008,TG Curve/ CO2 adsorption profile,Weight percentage,"[[0, 100.0], [250, 106.2], [500, 108.5], [750, 109.6], [1000, 110.2], [1250, 110.6], [1500, 110.8], [2000, 111.0], [2500, 111.1], [3000, 111.2]]","s, wt%","['-', '-']",,,,,,,,,,,,,,,,qwen3-max,DAC_prompt_SCaSE
G-10_TEPA_40%_G-10_40%TEPA__T25_TGA_dry_400ppmCO2_N2_100SCCM,G-10_TEPA_40%,-,002.pdf-id_comprehensive_extraction.json,G-10,Porous Silica Materials,TEPA,Small-Molecule Polyamines,189.3,40.0,9.30232558139535,0,,0,,270.0,1.39,20.4,,,,0.0,400 ppmv,0.04,100 mL/min,100.0,,25.0,TGA,9.46 wt%,2.15,0.234 gCO2/gamine,0.532,,30.666666666666664,77.59999999999998,TG Curve/ CO2 adsorption profile,CO2 uptake (wt%),"[[0, 0.0], [12, 1.2], [24, 2.3], [36, 3.2], [48, 3.9], [60, 4.5], [72, 4.9], [84, 5.2], [96, 5.4], [108, 5.5], [120, 5.6]]","minutes, wt%","['-', '-']",,,,,,,,,,,,,,,,qwen3-max,DAC_prompt_SCaSE
G-10_TEPA_40%_G-10_40%TEPA__T30_TGA_dry_400ppmCO2_N2_100SCCM,G-10_TEPA_40%,-,002.pdf-id_comprehensive_extraction.json,G-10,Porous Silica Materials,TEPA,Small-Molecule Polyamines,189.3,40.0,9.30232558139535,0,,0,,270.0,1.39,20.4,,,,0.0,400 ppmv,0.04,100 mL/min,100.0,,30.0,TGA,9.65 wt%,2.193,0.247 gCO2/gamine,0.561,,,,,,,,,,,,,,,,,,,,,,,,qwen3-max,DAC_prompt_SCaSE
G-10_TEPA_40%_G-10_40%TEPA__T35_TGA_dry_400ppmCO2_N2_100SCCM,G-10_TEPA_40%,-,002.pdf-id_comprehensive_extraction.json,G-10,Porous Silica Materials,TEPA,Small-Molecule Polyamines,189.3,40.0,9.30232558139535,0,,0,,270.0,1.39,20.4,,,,0.0,400 ppmv,0.04,100 mL/min,100.0,,35.0,TGA,9.83 wt%,2.234,0.246 gCO2/gamine,0.559,,,,,,,,,,,,,,,,,,,,,,,,qwen3-max,DAC_prompt_SCaSE
G-10_TEPA_40%_G-10_40%TEPA__T25_BTC_dry_400ppmCO2_N2_1SLPM,G-10_TEPA_40%,-,002.pdf-id_comprehensive_extraction.json,G-10,Porous Silica Materials,TEPA,Small-Molecule Polyamines,189.3,40.0,9.30232558139535,0,,0,,270.0,1.39,20.4,,,,0.0,400 ppmv,0.04,1000 mL/min,1000.0,,25.0,BTC,,,,,,13.0,51.0,Fixed-Bed Breakthrough Testing,Effluent CO2 Concentration (ppmv),"[[0, 0], [5, 5], [10, 15], [15, 45], [20, 120], [25, 200], [30, 260], [35, 300], [40, 325], [45, 340], [50, 350], [55, 355], [60, 360], [65, 365], [70, 370], [75, 375], [80, 380], [85, 385], [90, 390]]","Minutes, ppmv","['13 min', '-']",,,,,,,,,,,,,,,,qwen3-max,DAC_prompt_SCaSE
G-10_TEPA_40%_G-10_40%TEPA__T25_TGA_cyclic_50cycles_dry_400ppmCO2_N2_100SCCM,G-10_TEPA_40%,-,002.pdf-id_comprehensive_extraction.json,G-10,Porous Silica Materials,TEPA,Small-Molecule Polyamines,189.3,40.0,9.30232558139535,0,,0,,270.0,1.39,20.4,,,,0.0,400 ppmv,0.04,100 mL/min,100.0,,25.0,TGA,,,,,,,,,,,,,N2,100.0,15.0,55.0,29.0,Cyclic CO2 profile,CO2 Uptake (wt. %),"[[1, 5.64], [5, 5.62], [10, 5.6], [15, 5.58], [20, 5.56], [25, 5.54], [30, 5.52], [35, 5.48], [40, 5.42], [45, 5.34], [50, 3.99]]",wt. %,50.0,Weight/mass profile,Mass Change %,"[[0, 5.0], [1200, -10.0], [2400, -15.0], [3600, -17.5], [4800, -19.0], [6000, -20.0], [7200, -20.8], [8400, -21.5], [9000, -22.0], [9600, -22.2]]","minutes, %",9600.0,qwen3-max,DAC_prompt_SCaSE
G-10_PEI-600_40%_G-10_40%PEI-600__T25_TGA_dry_400ppmCO2_N2_100SCCM,G-10_PEI-600_40%,-,002.pdf-id_comprehensive_extraction.json,G-10,Porous Silica Materials,PEI-600,Polymeric Amines,600.0,40.0,9.30232558139535,0,,0,,270.0,1.39,20.4,65.0,0.44,27.076923076923077,0.0,400 ppmv,0.04,100 mL/min,100.0,,25.0,TGA,6.79 wt%,1.543,0.170 gCO2/gamine,0.386,,40.0,93.33333333333334,TG Curve/ CO2 adsorption profile,CO2 uptake (wt%),"[[0, 0.0], [20, 1.6], [40, 3.0], [60, 4.2], [80, 5.0], [100, 5.6], [120, 6.0]]","minutes, wt%","['-', '-']",,,,,,,,,,,,,,,,qwen3-max,DAC_prompt_SCaSE
G-10_PEI-600_40%_G-10_40%PEI-600__T30_TGA_dry_400ppmCO2_N2_100SCCM,G-10_PEI-600_40%,-,002.pdf-id_comprehensive_extraction.json,G-10,Porous Silica Materials,PEI-600,Polymeric Amines,600.0,40.0,9.30232558139535,0,,0,,270.0,1.39,20.4,65.0,0.44,27.076923076923077,0.0,400 ppmv,0.04,100 mL/min,100.0,,30.0,TGA,7.18 wt%,1.632,0.182 gCO2/gamine,0.414,,,,,,,,,,,,,,,,,,,,,,,,qwen3-max,DAC_prompt_SCaSE
G-10_PEI-600_40%_G-10_40%PEI-600__T35_TGA_dry_400ppmCO2_N2_100SCCM,G-10_PEI-600_40%,-,002.pdf-id_comprehensive_extraction.json,G-10,Porous Silica Materials,PEI-600,Polymeric Amines,600.0,40.0,9.30232558139535,0,,0,,270.0,1.39,20.4,65.0,0.44,27.076923076923077,0.0,400 ppmv,0.04,100 mL/min,100.0,,35.0,TGA,7.45 wt%,1.693,0.189 gCO2/gamine,0.43,,,,,,,,,,,,,,,,,,,,,,,,qwen3-max,DAC_prompt_SCaSE
G-10_PEI-600_40%_G-10_40%PEI-600__T25_BTC_dry_400ppmCO2_N2_1SLPM,G-10_PEI-600_40%,-,002.pdf-id_comprehensive_extraction.json,G-10,Porous Silica Materials,PEI-600,Polymeric Amines,600.0,40.0,9.30232558139535,0,,0,,270.0,1.39,20.4,65.0,0.44,27.076923076923077,0.0,400 ppmv,0.04,1000 mL/min,1000.0,,25.0,BTC,,,,,,4.0,55.25,Fixed-Bed Breakthrough Testing,Effluent CO2 Concentration (ppmv),"[[0, 0], [5, 2], [10, 8], [15, 30], [20, 100], [25, 180], [30, 240], [35, 280], [40, 310], [45, 330], [50, 345], [55, 355], [60, 365], [65, 370], [70, 375], [75, 380], [80, 385], [85, 390], [90, 395]]","Minutes, ppmv","['4 min', '-']",,,,,,,,,,,,,,,,qwen3-max,DAC_prompt_SCaSE
G-10_PEI-600_40%_G-10_40%PEI-600__T25_BTC_humid_400ppmCO2_N2_1SLPM_RH92.5%,G-10_PEI-600_40%,-,002.pdf-id_comprehensive_extraction.json,G-10,Porous Silica Materials,PEI-600,Polymeric Amines,600.0,40.0,9.30232558139535,0,,0,,270.0,1.39,20.4,65.0,0.44,27.076923076923077,92.5,400 ppmv,0.04,1000 mL/min,1000.0,,25.0,BTC,,,,,,15.0,60.75,Fixed-Bed Breakthrough Testing,Effluent CO2 Concentration (ppmv),"[[0, 0], [5, 2], [10, 10], [15, 40], [20, 100], [25, 180], [30, 250], [40, 300], [60, 350], [90, 390]]","Minutes, ppmv","['15 min', '-']",,,,,,,,,,,,,,,,qwen3-max,DAC_prompt_SCaSE
G-10_PEI-600_40%_G-10_40%PEI-600__T25_TGA_cyclic_50cycles_dry_400ppmCO2_N2_100SCCM,G-10_PEI-600_40%,-,002.pdf-id_comprehensive_extraction.json,G-10,Porous Silica Materials,PEI-600,Polymeric Amines,600.0,40.0,9.30232558139535,0,,0,,270.0,1.39,20.4,65.0,0.44,27.076923076923077,0.0,400 ppmv,0.04,100 mL/min,100.0,,25.0,TGA,,,,,,,,,,,,,N2,100.0,15.0,1.35,0.8,Cyclic CO2 profile,CO2 Uptake (wt. %),"[[1, 5.2], [2, 5.2], [3, 5.2], [4, 5.2], [5, 5.2], [10, 5.2], [20, 5.2], [30, 5.2], [40, 5.2], [50, 5.16]]",wt. %,50.0,Weight/mass profile,Mass Change %,"[[0, 5.0], [120, 0.0], [135, 0.0], [255, 5.0], [375, 0.0], [390, 0.0], [510, 5.0], [630, 0.0], [645, 0.0], [765, 5.0]]","minutes, %",765.0,qwen3-max,DAC_prompt_SCaSE
M4_AM-TEPA_50%_M4_50%AM-TEPA__T25_BTC_pureCO2,M4_AM-TEPA_50%,10.1021/ie300234k,003.pdf-id_comprehensive_extraction.json,M4,Porous Silica Materials,AM-TEPA,Small-Molecule Polyamines,189.3,48.92,11.376744186046512,0,,0,,451.5,0.54,4.75,4.94,0.0375,2.85,0.0,100 vol%,100.0,80 mL/min,80.0,,25.0,BTC,128.8 mg/g,2.93,0.22 mmol/mmol,0.22,,3.1071428571428594,9.050000000000004,Fixed-Bed Breakthrough Testing,Weight (%),"[[0, 100.0], [2, 104.8], [5, 109.0], [10, 112.0], [15, 112.6], [20, 112.7], [30, 112.7], [40, 112.7], [50, 112.7], [60, 112.7]]","min, %","['-', '-']",AIR,100.0,2.0,,0.8,Cyclic CO2 profile,Adsorption capacity (mg g⁻¹),"[[1, 128.8], [2, 128.5], [3, 128.3], [4, 128.2], [5, 128.1], [6, 128.0], [7, 128.0], [8, 128.0], [9, 127.9], [10, 127.9], [11, 127.8], [12, 127.8]]",mg/g,12.0,,,,,,qwen3-max,DAC_prompt_SCaSE
M4_AM-TEPA_50%_M4_50%AM-TEPA__T55_BTC_pureCO2,M4_AM-TEPA_50%,10.1021/ie300234k,003.pdf-id_comprehensive_extraction.json,M4,Porous Silica Materials,AM-TEPA,Small-Molecule Polyamines,189.3,48.92,11.376744186046512,0,,0,,451.5,0.54,4.75,4.94,0.0375,2.85,0.0,100 vol%,100.0,80 mL/min,80.0,,55.0,BTC,134.7 mg/g,3.06,,,,,,,,,,,,,,,,,,,,,,,,,,qwen3-max,DAC_prompt_SCaSE
M4_AM-TEPA_60%_M4_60%AM-TEPA__T25_BTC_pureCO2,M4_AM-TEPA_60%,10.1021/ie300234k,003.pdf-id_comprehensive_extraction.json,M4,Porous Silica Materials,AM-TEPA,Small-Molecule Polyamines,189.3,60.0,13.953488372093023,0,,0,,451.5,0.54,4.75,4.94,0.0375,2.85,0.0,100 vol%,100.0,80 mL/min,80.0,,25.0,BTC,159.1 mg/g,3.62,,,,3.011627906976741,9.116666666666664,Fixed-Bed Breakthrough Testing,Weight (%),"[[0, 100.0], [2, 105.2], [5, 109.5], [10, 112.5], [15, 113.0], [20, 113.2], [30, 113.3], [40, 113.3], [50, 113.3], [60, 113.3]]","min, %","['-', '-']",,,,,,,,,,,,,,,,qwen3-max,DAC_prompt_SCaSE
M4_AM-TEPA_40%_M4_40%AM-TEPA__T25_BTC_pureCO2,M4_AM-TEPA_40%,10.1021/ie300234k,003.pdf-id_comprehensive_extraction.json,M4,Porous Silica Materials,AM-TEPA,Small-Molecule Polyamines,189.3,40.0,9.30232558139535,0,,0,,451.5,0.54,4.75,4.94,0.0375,2.85,0.0,100 vol%,100.0,80 mL/min,80.0,,25.0,BTC,108.0 mg/g,2.46,,,,3.5405405405405386,9.61111111111111,Fixed-Bed Breakthrough Testing,Weight (%),"[[0, 100.0], [2, 104.5], [5, 108.2], [10, 111.8], [15, 112.5], [20, 112.7], [30, 112.8], [40, 112.8], [50, 112.8], [60, 112.8]]","min, %","['-', '-']",,,,,,,,,,,,,,,,qwen3-max,DAC_prompt_SCaSE
M4_AM-TEPA_70%_M4_70%AM-TEPA__T25_BTC_pureCO2,M4_AM-TEPA_70%,10.1021/ie300234k,003.pdf-id_comprehensive_extraction.json,M4,Porous Silica Materials,AM-TEPA,Small-Molecule Polyamines,189.3,70.0,16.27906976744186,0,,0,,451.5,0.54,4.75,4.94,0.0375,2.85,0.0,100 vol%,100.0,80 mL/min,80.0,,25.0,BTC,120.4 mg/g,2.74,,,,3.6999999999999984,14.966666666666647,Fixed-Bed Breakthrough Testing,Weight (%),"[[0, 100.0], [2, 105.5], [5, 110.0], [10, 113.0], [15, 114.5], [20, 115.5], [30, 116.0], [40, 116.1], [50, 116.1], [60, 116.1]]","min, %","['-', '-']",,,,,,,,,,,,,,,,qwen3-max,DAC_prompt_SCaSE
M4_TEPA_50%_M4_50%TEPA__T25_BTC_pureCO2,M4_TEPA_50%,10.1021/ie300234k,003.pdf-id_comprehensive_extraction.json,M4,Porous Silica Materials,TEPA,Small-Molecule Polyamines,189.3,49.68,11.553488372093023,0,,0,,451.5,0.54,4.75,,,,0.0,100 vol%,100.0,80 mL/min,80.0,,25.0,BTC,193.8 mg/g,4.4,0.33 mmol/mmol,0.33,,1.584,7.377777777777778,Fixed-Bed Breakthrough Testing,Weight (%),"[[0, 100.0], [2, 112.5], [4, 115.8], [6, 117.2], [8, 118.1], [10, 118.7], [15, 119.2], [20, 119.5], [30, 119.7], [60, 119.8]]","min, %","['-', '-']",AIR,100.0,2.0,,48.2,Cyclic CO2 profile,Adsorption capacity (mg g⁻¹),"[[1, 193.8], [2, 180.0], [3, 165.0], [4, 140.0], [5, 100.3], [6, 100.3], [7, 100.3], [8, 100.3], [9, 100.3], [10, 100.3], [11, 100.3], [12, 100.3]]",mg/g,12.0,,,,,,qwen3-max,DAC_prompt_SCaSE
M4_DEA_50%_M4_50%DEA__T25_BTC_pureCO2,M4_DEA_50%,10.1021/ie300234k,003.pdf-id_comprehensive_extraction.json,M4,Porous Silica Materials,DEA,Small-Molecule Polyamines,105.14,51.63,12.006976744186048,0,,0,,451.5,0.54,4.75,,,,0.0,100 vol%,100.0,80 mL/min,80.0,,25.0,BTC,109.0 mg/g,2.48,0.50 mmol/mmol,0.5,,,,,,,,,AIR,100.0,2.0,,,,,,,,,,,,,qwen3-max,DAC_prompt_SCaSE
M4_bare_M4_bare__T25_BTC_pureCO2,M4_bare,10.1021/ie300234k,003.pdf-id_comprehensive_extraction.json,M4,Porous Silica Materials,0,,,,,0,,0,,451.5,0.54,4.75,,,,0.0,100 vol%,100.0,80 mL/min,80.0,,25.0,BTC,128.8 mg/g,2.93,,,,,,,,,,,,,,,,,,,,,,,,,,qwen3-max,DAC_prompt_SCaSE
M1_AM-TEPA_50%_M1_50%AM-TEPA__T25_BTC_pureCO2,M1_AM-TEPA_50%,10.1021/ie300234k,003.pdf-id_comprehensive_extraction.json,M1,Porous Silica Materials,AM-TEPA,Small-Molecule Polyamines,189.3,48.97,11.388372093023255,0,,0,,1027.2,0.73,2.85,,,,0.0,100 vol%,100.0,80 mL/min,80.0,,25.0,BTC,65.9 mg/g,1.5,0.14 mmol/mmol,0.14,,,,,,,,,AIR,100.0,2.0,,,,,,,,,,,,,qwen3-max,DAC_prompt_SCaSE
M2_AM-TEPA_50%_M2_50%AM-TEPA__T25_BTC_pureCO2,M2_AM-TEPA_50%,10.1021/ie300234k,003.pdf-id_comprehensive_extraction.json,M2,Porous Silica Materials,AM-TEPA,Small-Molecule Polyamines,189.3,47.59,11.067441860465118,0,,0,,863.8,0.48,2.24,,,,0.0,100 vol%,100.0,80 mL/min,80.0,,25.0,BTC,60.3 mg/g,1.37,0.11 mmol/mmol,0.11,,,,,,,,,AIR,100.0,2.0,,,,,,,,,,,,,qwen3-max,DAC_prompt_SCaSE
M3_AM-TEPA_50%_M3_50%AM-TEPA__T25_BTC_pureCO2,M3_AM-TEPA_50%,10.1021/ie300234k,003.pdf-id_comprehensive_extraction.json,M3,Porous Silica Materials,AM-TEPA,Small-Molecule Polyamines,189.3,48.43,11.262790697674419,0,,0,,1052.6,0.69,2.62,,,,0.0,100 vol%,100.0,80 mL/min,80.0,,25.0,BTC,90.1 mg/g,2.05,0.16 mmol/mmol,0.16,,,,,,,,,AIR,100.0,2.0,,,,,,,,,,,,,qwen3-max,DAC_prompt_SCaSE
M3_AM-TEPA_30%_M3_30%AM-TEPA__T25_BTC_pureCO2,M3_AM-TEPA_30%,10.1021/ie300234k,003.pdf-id_comprehensive_extraction.json,M3,Porous Silica Materials,AM-TEPA,Small-Molecule Polyamines,189.3,30.0,6.976744186046512,0,,0,,1052.6,0.69,2.62,,,,0.0,100 vol%,100.0,80 mL/min,80.0,,25.0,BTC,90.2 mg/g,2.05,,,,,,,,,,,,,,,,,,,,,,,,,,qwen3-max,DAC_prompt_SCaSE
M4_AM-TEPA_50%_T85_M4_50%AM-TEPA__T85_BTC_pureCO2,M4_AM-TEPA_50%_T85,10.1021/ie300234k,003.pdf-id_comprehensive_extraction.json,M4,Porous Silica Materials,AM-TEPA,Small-Molecule Polyamines,189.3,48.92,11.376744186046512,0,,0,,451.5,0.54,4.75,4.94,0.0375,2.85,0.0,100 vol%,100.0,80 mL/min,80.0,,85.0,BTC,97.8 mg/g,2.22,,,,,,,,,,,,,,,,,,,,,,,,,,qwen3-max,DAC_prompt_SCaSE
SBA-15_TEPA_40%_SBA-15_40%TEPA__T25_BTC_400ppmCO2,SBA-15_TEPA_40%,10.1002/sus2.141,004.pdf-id_comprehensive_extraction.json,SBA-15,Porous Silica Materials,TEPA,Small-Molecule Polyamines,189.0,40.0,13.2,0,,0,,991.9,1.076,4.33914709144067,105.0,0.24,9.142857142857142,0.0,400 ppm,0.04,100 mL/min,100.0,,25.0,BTC,1.62 mmol/g,1.62,0.17 CO2/N,0.17,,25.0,62.49999999999999,Fixed-Bed Breakthrough Testing; TG Curve/ CO2 adsorption profile,Capacity (mmol CO2 g-1); Adsorption rate (mmol g-1 min-1),"[[0, 0.0], [10, 0.42], [20, 0.85], [30, 1.2], [40, 1.48], [50, 1.68], [60, 1.82], [70, 1.92], [80, 2.0], [90, 2.05]]; [[0, 0.042], [12, 0.038], [24, 0.034], [36, 0.029], [48, 0.024], [60, 0.018], [72, 0.012], [84, 0.008], [96, 0.005], [108, 0.003]]","Time (min), Capacity (mmol CO2 g-1); Time (min), Adsorption rate (mmol g-1 min-1)","['-', '-']; ['-', '-']",,,,,,Cyclic CO2 profile,Capacity (mmol CO2 g-1),"[[1, 1.72], [2, 1.7], [3, 1.69], [4, 1.68], [5, 1.67]]","Cycle number, Capacity (mmol CO2 g-1)",5.0,,,,,,qwen3-max,DAC_prompt_SCaSE
SBA-15_TEPA_40%_SBA-15_40%TEPA__T80_TSA_air,SBA-15_TEPA_40%,10.1002/sus2.141,004.pdf-id_comprehensive_extraction.json,SBA-15,Porous Silica Materials,TEPA,Small-Molecule Polyamines,189.0,40.0,13.2,0,,0,,991.9,1.076,4.33914709144067,105.0,0.24,9.142857142857142,21.0,400 ppm,0.04,,,,80.0,TSA,,,,,,,,,,,,,AIR,80.0,12.0,,4.0,,,,,,,,,,,qwen3-max,DAC_prompt_SCaSE
SBA-15_CTAB_10%_SBA-15_10%CTAB_40%TEPA_T25_BTC_400ppmCO2,SBA-15_CTAB_10%,10.1002/sus2.141,004.pdf-id_comprehensive_extraction.json,SBA-15,Porous Silica Materials,CTAB,Additive,364.0,40.0,12.6,CTAB,Additive,0,,991.9,1.076,4.33914709144067,48.0,0.12,10.0,0.0,400 ppm,0.04,100 mL/min,100.0,,25.0,BTC,1.54 mmol/g,1.54,0.17 CO2/N,0.17,,24.24242424242424,60.24999999999999,Fixed-Bed Breakthrough Testing,Capacity (mmol CO2 g-1),"[[0, 0.0], [10, 0.38], [20, 0.75], [30, 1.08], [40, 1.32], [50, 1.48], [60, 1.6], [70, 1.68], [80, 1.74], [90, 1.78]]","Time (min), Capacity (mmol CO2 g-1)","['-', '-']",,,,,,Cyclic CO2 profile,Capacity (mmol CO2 g-1),"[[1, 1.7], [2, 1.69], [3, 1.68], [4, 1.67], [5, 1.66]]","Cycle number, Capacity (mmol CO2 g-1)",5.0,,,,,,qwen3-max,DAC_prompt_SCaSE
SBA-15_DEA_10%_SBA-15_10%DEA_40%TEPA_T25_BTC_400ppmCO2,SBA-15_DEA_10%,10.1002/sus2.141,004.pdf-id_comprehensive_extraction.json,SBA-15,Porous Silica Materials,DEA,Small-Molecule Polyamines,105.0,40.0,14.54,DEA,Small-Molecule Polyamines,0,,991.9,1.076,4.33914709144067,68.0,0.15,8.823529411764707,0.0,400 ppm,0.04,100 mL/min,100.0,,25.0,BTC,2.27 mmol/g,2.27,0.22 CO2/N,0.22,,23.157894736842103,57.66666666666668,Fixed-Bed Breakthrough Testing,Capacity (mmol CO2 g-1),"[[0, 0.0], [10, 0.45], [20, 0.92], [30, 1.3], [40, 1.58], [50, 1.78], [60, 1.9], [70, 1.98], [80, 2.04], [90, 2.08]]","Time (min), Capacity (mmol CO2 g-1)","['-', '-']",,,,,,Cyclic CO2 profile,Capacity (mmol CO2 g-1),"[[1, 1.45], [2, 1.42], [3, 1.4], [4, 1.39], [5, 1.38]]","Cycle number, Capacity (mmol CO2 g-1)",5.0,,,,,,qwen3-max,DAC_prompt_SCaSE
SBA-15_DEA_10%_SBA-15_10%DEA_40%TEPA_T80_TSA_air,SBA-15_DEA_10%,10.1002/sus2.141,004.pdf-id_comprehensive_extraction.json,SBA-15,Porous Silica Materials,DEA,Small-Molecule Polyamines,105.0,40.0,14.54,DEA,Small-Molecule Polyamines,0,,991.9,1.076,4.33914709144067,68.0,0.15,8.823529411764707,21.0,400 ppm,0.04,,,,80.0,TSA,,,,,,,,,,,,,AIR,80.0,12.0,,2.5,,,,,,,,,,,qwen3-max,DAC_prompt_SCaSE
SBA-15_P123_10%_SBA-15_10%P123_40%TEPA_T25_BTC_400ppmCO2,SBA-15_P123_10%,10.1002/sus2.141,004.pdf-id_comprehensive_extraction.json,SBA-15,Porous Silica Materials,P123,Additive,5800.0,40.0,12.8,P123,Additive,0,,991.9,1.076,4.33914709144067,41.0,0.11,10.731707317073171,0.0,400 ppm,0.04,100 mL/min,100.0,,25.0,BTC,1.60 mmol/g,1.6,0.18 CO2/N,0.18,,25.625,60.49999999999999,Fixed-Bed Breakthrough Testing,Capacity (mmol CO2 g-1),"[[0, 0.0], [10, 0.35], [20, 0.7], [30, 1.02], [40, 1.28], [50, 1.46], [60, 1.58], [70, 1.66], [80, 1.72], [90, 1.76]]","Time (min), Capacity (mmol CO2 g-1)","['-', '-']",,,,,,Cyclic CO2 profile,Capacity (mmol CO2 g-1),"[[1, 1.25], [2, 1.23], [3, 1.22], [4, 1.21], [5, 1.2]]","Cycle number, Capacity (mmol CO2 g-1)",5.0,,,,,,qwen3-max,DAC_prompt_SCaSE
SBA-15_PC_10%_SBA-15_10%PC_40%TEPA_T25_BTC_400ppmCO2,SBA-15_PC_10%,10.1002/sus2.141,004.pdf-id_comprehensive_extraction.json,SBA-15,Porous Silica Materials,PC,Additive,314.0,40.0,12.8,PC,Additive,0,,991.9,1.076,4.33914709144067,54.0,0.13,9.62962962962963,0.0,400 ppm,0.04,100 mL/min,100.0,,25.0,BTC,1.40 mmol/g,1.4,0.15 CO2/N,0.15,,25.27777777777778,63.80000000000001,Fixed-Bed Breakthrough Testing,Capacity (mmol CO2 g-1),"[[0, 0.0], [10, 0.4], [20, 0.82], [30, 1.18], [40, 1.45], [50, 1.64], [60, 1.78], [70, 1.88], [80, 1.96], [90, 2.02]]","Time (min), Capacity (mmol CO2 g-1)","['-', '-']",,,,,,Cyclic CO2 profile,Capacity (mmol CO2 g-1),"[[1, 1.2], [2, 1.18], [3, 1.17], [4, 1.16], [5, 1.15]]","Cycle number, Capacity (mmol CO2 g-1)",5.0,,,,,,qwen3-max,DAC_prompt_SCaSE
SBA-15_PEG200_10%_SBA-15_10%PEG200_40%TEPA_T25_BTC_400ppmCO2,SBA-15_PEG200_10%,10.1002/sus2.141,004.pdf-id_comprehensive_extraction.json,SBA-15,Porous Silica Materials,PEG200,Additive,200.0,40.0,12.9,PEG200,Additive,0,,991.9,1.076,4.33914709144067,62.0,0.13,8.387096774193548,0.0,400 ppm,0.04,100 mL/min,100.0,,25.0,BTC,2.05 mmol/g,2.05,0.22 CO2/N,0.22,,22.250000000000004,53.83333333333335,Fixed-Bed Breakthrough Testing,Capacity (mmol CO2 g-1),"[[0, 0.0], [10, 0.48], [20, 0.98], [30, 1.38], [40, 1.68], [50, 1.88], [60, 2.0], [70, 2.08], [80, 2.12], [90, 2.14]]","Time (min), Capacity (mmol CO2 g-1)","['-', '-']",,,,,,Cyclic CO2 profile,Capacity (mmol CO2 g-1),"[[1, 1.3], [2, 1.28], [3, 1.27], [4, 1.26], [5, 1.25]]","Cycle number, Capacity (mmol CO2 g-1)",5.0,,,,,,qwen3-max,DAC_prompt_SCaSE
SBA-15_PEG200_10%_SBA-15_10%PEG200_40%TEPA_T80_TSA_air,SBA-15_PEG200_10%,10.1002/sus2.141,004.pdf-id_comprehensive_extraction.json,SBA-15,Porous Silica Materials,PEG200,Additive,200.0,40.0,12.9,PEG200,Additive,0,,991.9,1.076,4.33914709144067,62.0,0.13,8.387096774193548,21.0,400 ppm,0.04,,,,80.0,TSA,,,,,,,,,,,,,AIR,80.0,12.0,,1.9,,,,,,,,,,,qwen3-max,DAC_prompt_SCaSE
SBA-15_SDS_10%_SBA-15_10%SDS_40%TEPA_T25_BTC_400ppmCO2,SBA-15_SDS_10%,10.1002/sus2.141,004.pdf-id_comprehensive_extraction.json,SBA-15,Porous Silica Materials,SDS,Additive,288.0,40.0,12.9,SDS,Additive,0,,991.9,1.076,4.33914709144067,38.0,0.08,8.421052631578947,0.0,400 ppm,0.04,100 mL/min,100.0,,25.0,BTC,1.63 mmol/g,1.63,0.18 CO2/N,0.18,,26.33333333333333,61.49999999999999,Fixed-Bed Breakthrough Testing,Capacity (mmol CO2 g-1),"[[0, 0.0], [10, 0.32], [20, 0.65], [30, 0.95], [40, 1.2], [50, 1.38], [60, 1.5], [70, 1.58], [80, 1.64], [90, 1.68]]","Time (min), Capacity (mmol CO2 g-1)","['-', '-']",,,,,,Cyclic CO2 profile,Capacity (mmol CO2 g-1),"[[1, 1.1], [2, 1.08], [3, 1.07], [4, 1.06], [5, 1.05]]","Cycle number, Capacity (mmol CO2 g-1)",5.0,,,,,,qwen3-max,DAC_prompt_SCaSE
SBA-15_Span80_10%_SBA-15_10%Span80_40%TEPA_T25_BTC_400ppmCO2,SBA-15_Span80_10%,10.1002/sus2.141,004.pdf-id_comprehensive_extraction.json,SBA-15,Porous Silica Materials,Span80,Additive,429.0,40.0,12.7,Span80,Additive,0,,991.9,1.076,4.33914709144067,56.0,0.16,11.428571428571429,0.0,400 ppm,0.04,100 mL/min,100.0,,25.0,BTC,1.42 mmol/g,1.42,0.17 CO2/N,0.17,,25.26315789473685,63.20000000000002,Fixed-Bed Breakthrough Testing,Capacity (mmol CO2 g-1),"[[0, 0.0], [10, 0.41], [20, 0.84], [30, 1.22], [40, 1.5], [50, 1.7], [60, 1.84], [70, 1.94], [80, 2.02], [90, 2.08]]","Time (min), Capacity (mmol CO2 g-1)","['-', '-']",,,,,,Cyclic CO2 profile,Capacity (mmol CO2 g-1),"[[1, 1.05], [2, 1.03], [3, 1.02], [4, 1.01], [5, 1.0]]","Cycle number, Capacity (mmol CO2 g-1)",5.0,,,,,,qwen3-max,DAC_prompt_SCaSE
SNP_PEI_30%_SNP_30%PEI__T75_BTC_15vol%CO2_60mL/min,SNP_PEI_30%,10.1021/acs.energyfuels.3c02384,005.pdf-id_comprehensive_extraction.json,SNP,Porous Silica Materials,PEI,Polymeric Amines,600.0,30.0,6.976744186046512,0,,0,,1005.35,1.72,6.84,142.01,0.639,18.01,0.0,15 vol%,15.0,60 mL/min,60.0,,75.0,BTC,2.0 mmol/g,2.0,,,,,,,,,,,,,,,,,,,,,,,,,,qwen3-max,DAC_prompt_SCaSE
SNP_PEI_40%_SNP_40%PEI__T75_BTC_15vol%CO2_60mL/min,SNP_PEI_40%,10.1021/acs.energyfuels.3c02384,005.pdf-id_comprehensive_extraction.json,SNP,Porous Silica Materials,PEI,Polymeric Amines,600.0,40.0,9.30232558139535,0,,0,,1005.35,1.72,6.84,107.89,0.45,16.67,0.0,15 vol%,15.0,60 mL/min,60.0,,75.0,BTC,1.79 mmol/g,1.79,,,,74.58333333333333,321.9999999999999,Fixed-Bed Breakthrough Testing,Adsorption capacity (mmol CO₂/g),"[[0, 0.0], [100, 1.2], [200, 1.5], [300, 1.6], [500, 1.7], [750, 1.75], [1000, 1.77], [1250, 1.78], [1500, 1.79], [1800, 1.79]]","Time (min), Adsorption capacity (mmol CO₂/g)","['-', '-']",,,,,,,,,,,,,,,,qwen3-max,DAC_prompt_SCaSE
SNP_PEI_50%_SNP_50%PEI__T75_BTC_15vol%CO2_60mL/min,SNP_PEI_50%,10.1021/acs.energyfuels.3c02384,005.pdf-id_comprehensive_extraction.json,SNP,Porous Silica Materials,PEI,Polymeric Amines,600.0,50.0,11.627906976744187,0,,0,,1005.35,1.72,6.84,66.18,0.322,19.47,0.0,15 vol%,15.0,60 mL/min,60.0,,75.0,BTC,3.2 mmol/g,3.2,,,,,,,,,,,,,,,,,,,,,,,,,,qwen3-max,DAC_prompt_SCaSE
SNP_PEI_60%_SNP_60%PEI__T75_BTC_15vol%CO2_60mL/min,SNP_PEI_60%,10.1021/acs.energyfuels.3c02384,005.pdf-id_comprehensive_extraction.json,SNP,Porous Silica Materials,PEI,Polymeric Amines,600.0,60.0,13.953488372093023,0,,0,,1005.35,1.72,6.84,21.67,0.133,24.49,0.0,15 vol%,15.0,60 mL/min,60.0,,75.0,BTC,3.68 mmol/g,3.68,0.2637 mmol/mmol,0.2637,51.91,163.88888888888886,497.49999999999983,Fixed-Bed Breakthrough Testing; TG Curve/ CO2 adsorption profile,Adsorption capacity (mmol CO₂/g); Adsorption amount (mmol CO₂),"[[0, 0.0], [100, 1.2], [200, 2.1], [300, 2.7], [400, 3.0], [500, 3.2], [600, 3.3], [800, 3.4], [1200, 3.5], [1800, 3.55]]; [[0, 0.0], [300, 1.2], [600, 2.1], [900, 2.6], [1200, 2.9], [1500, 3.1], [1800, 3.25], [2100, 3.35], [2400, 3.42], [2700, 3.46], [3000, 3.48]]","Time (min), Adsorption capacity (mmol CO₂/g); Time (s), Adsorption amount (mmol CO₂)","['-', '-']; ['-', '-']",,,,,,Cyclic CO2 profile,Adsorption capacity (mmol/g),"[[1, 4.0], [2, 3.8], [3, 3.9], [4, 4.1], [5, 4.0], [6, 3.6], [7, 3.9], [8, 4.1], [9, 4.0], [10, 3.9]]",mmol/g,10.0,,,,,,qwen3-max,DAC_prompt_SCaSE
SNP_PEI_60%_SNP_60%PEI__T25_BTC_15vol%CO2_60mL/min,SNP_PEI_60%,10.1021/acs.energyfuels.3c02384,005.pdf-id_comprehensive_extraction.json,SNP,Porous Silica Materials,PEI,Polymeric Amines,600.0,60.0,13.953488372093023,0,,0,,1005.35,1.72,6.84,21.67,0.133,24.49,0.0,15 vol%,15.0,60 mL/min,60.0,,25.0,BTC,2.0 mmol/g,2.0,,,,,,,,,,,,,,,,,,,,,,,,,,qwen3-max,DAC_prompt_SCaSE
SNP_PEI_60%_SNP_60%PEI__T50_BTC_15vol%CO2_60mL/min,SNP_PEI_60%,10.1021/acs.energyfuels.3c02384,005.pdf-id_comprehensive_extraction.json,SNP,Porous Silica Materials,PEI,Polymeric Amines,600.0,60.0,13.953488372093023,0,,0,,1005.35,1.72,6.84,21.67,0.133,24.49,0.0,15 vol%,15.0,60 mL/min,60.0,,50.0,BTC,2.7 mmol/g,2.7,,,,,,,,,,,,,,,,,,,,,,,,,,qwen3-max,DAC_prompt_SCaSE
SNP_PEI_60%_SNP_60%PEI__T90_BTC_15vol%CO2_60mL/min,SNP_PEI_60%,10.1021/acs.energyfuels.3c02384,005.pdf-id_comprehensive_extraction.json,SNP,Porous Silica Materials,PEI,Polymeric Amines,600.0,60.0,13.953488372093023,0,,0,,1005.35,1.72,6.84,21.67,0.133,24.49,0.0,15 vol%,15.0,60 mL/min,60.0,,90.0,BTC,3.3 mmol/g,3.3,,,,,,,,,,,,,,,,,,,,,,,,,,qwen3-max,DAC_prompt_SCaSE
SNP_PEI_70%_SNP_70%PEI__T75_BTC_15vol%CO2_60mL/min,SNP_PEI_70%,10.1021/acs.energyfuels.3c02384,005.pdf-id_comprehensive_extraction.json,SNP,Porous Silica Materials,PEI,Polymeric Amines,600.0,70.0,16.27906976744186,0,,0,,1005.35,1.72,6.84,,,,0.0,15 vol%,15.0,60 mL/min,60.0,,75.0,BTC,3.93 mmol/g,3.93,,,,,,,,,,,,,,,,,,,,,,,,,,qwen3-max,DAC_prompt_SCaSE
SNH_PEI_30%_SNH_30%PEI__T75_BTC_15vol%CO2_60mL/min,SNH_PEI_30%,10.1021/acs.energyfuels.3c02384,005.pdf-id_comprehensive_extraction.json,SNH,Porous Silica Materials,PEI,Polymeric Amines,600.0,30.0,6.976744186046512,0,,0,,530.89,0.789,5.95,222.22,0.479,8.63,0.0,15 vol%,15.0,60 mL/min,60.0,,75.0,BTC,2.0 mmol/g,2.0,,,,,,,,,,,,,,,,,,,,,,,,,,qwen3-max,DAC_prompt_SCaSE
SNH_PEI_40%_SNH_40%PEI__T75_BTC_15vol%CO2_60mL/min,SNH_PEI_40%,10.1021/acs.energyfuels.3c02384,005.pdf-id_comprehensive_extraction.json,SNH,Porous Silica Materials,PEI,Polymeric Amines,600.0,40.0,9.30232558139535,0,,0,,530.89,0.789,5.95,11.54,0.034,11.62,0.0,15 vol%,15.0,60 mL/min,60.0,,75.0,BTC,2.49 mmol/g,2.49,,,,88.92857142857144,441.0000000000004,Fixed-Bed Breakthrough Testing,Adsorption capacity (mmol CO₂/g),"[[0, 0.0], [100, 1.4], [200, 1.8], [300, 2.1], [500, 2.3], [750, 2.4], [1000, 2.45], [1250, 2.47], [1500, 2.48], [1800, 2.49]]","Time (min), Adsorption capacity (mmol CO₂/g)","['-', '-']",,,,,,,,,,,,,,,,qwen3-max,DAC_prompt_SCaSE
SNH_PEI_50%_SNH_50%PEI__T75_BTC_15vol%CO2_60mL/min,SNH_PEI_50%,10.1021/acs.energyfuels.3c02384,005.pdf-id_comprehensive_extraction.json,SNH,Porous Silica Materials,PEI,Polymeric Amines,600.0,50.0,11.627906976744187,0,,0,,530.89,0.789,5.95,6.98,0.018,10.38,0.0,15 vol%,15.0,60 mL/min,60.0,,75.0,BTC,2.7 mmol/g,2.7,,,,,,,,,,,,,,,,,,,,,,,,,,qwen3-max,DAC_prompt_SCaSE
SNH_PEI_60%_SNH_60%PEI__T75_BTC_15vol%CO2_60mL/min,SNH_PEI_60%,10.1021/acs.energyfuels.3c02384,005.pdf-id_comprehensive_extraction.json,SNH,Porous Silica Materials,PEI,Polymeric Amines,600.0,60.0,13.953488372093023,0,,0,,530.89,0.789,5.95,4.47,0.013,11.4,0.0,15 vol%,15.0,60 mL/min,60.0,,75.0,BTC,3.15 mmol/g,3.15,0.2257 mmol/mmol,0.2257,,158.33333333333331,560.0000000000001,Fixed-Bed Breakthrough Testing,Adsorption capacity (mmol CO₂/g),"[[0, 0.0], [100, 1.2], [200, 1.8], [300, 2.2], [400, 2.5], [500, 2.7], [600, 2.85], [800, 2.95], [1200, 3.05], [1800, 3.1]]","Time (min), Adsorption capacity (mmol CO₂/g)","['-', '-']",,,,,,Cyclic CO2 profile,Adsorption capacity (mmol/g),"[[1, 3.2], [2, 3.0], [3, 3.0], [4, 2.9], [5, 3.0], [6, 2.8], [7, 2.9], [8, 2.9], [9, 2.8], [10, 2.7]]",mmol/g,10.0,,,,,,qwen3-max,DAC_prompt_SCaSE
SNH_PEI_60%_SNH_60%PEI__T25_BTC_15vol%CO2_60mL/min,SNH_PEI_60%,10.1021/acs.energyfuels.3c02384,005.pdf-id_comprehensive_extraction.json,SNH,Porous Silica Materials,PEI,Polymeric Amines,600.0,60.0,13.953488372093023,0,,0,,530.89,0.789,5.95,4.47,0.013,11.4,0.0,15 vol%,15.0,60 mL/min,60.0,,25.0,BTC,2.1 mmol/g,2.1,,,,,,,,,,,,,,,,,,,,,,,,,,qwen3-max,DAC_prompt_SCaSE
SNH_PEI_60%_SNH_60%PEI__T50_BTC_15vol%CO2_60mL/min,SNH_PEI_60%,10.1021/acs.energyfuels.3c02384,005.pdf-id_comprehensive_extraction.json,SNH,Porous Silica Materials,PEI,Polymeric Amines,600.0,60.0,13.953488372093023,0,,0,,530.89,0.789,5.95,4.47,0.013,11.4,0.0,15 vol%,15.0,60 mL/min,60.0,,50.0,BTC,2.8 mmol/g,2.8,,,,,,,,,,,,,,,,,,,,,,,,,,qwen3-max,DAC_prompt_SCaSE
SNH_PEI_60%_SNH_60%PEI__T90_BTC_15vol%CO2_60mL/min,SNH_PEI_60%,10.1021/acs.energyfuels.3c02384,005.pdf-id_comprehensive_extraction.json,SNH,Porous Silica Materials,PEI,Polymeric Amines,600.0,60.0,13.953488372093023,0,,0,,530.89,0.789,5.95,4.47,0.013,11.4,0.0,15 vol%,15.0,60 mL/min,60.0,,90.0,BTC,3.2 mmol/g,3.2,,,,,,,,,,,,,,,,,,,,,,,,,,qwen3-max,DAC_prompt_SCaSE
SNT_PEI_30%_SNT_30%PEI__T75_BTC_15vol%CO2_60mL/min,SNT_PEI_30%,10.1021/acs.energyfuels.3c02384,005.pdf-id_comprehensive_extraction.json,SNT,Porous Silica Materials,PEI,Polymeric Amines,600.0,30.0,6.976744186046512,0,,0,,365.19,0.335,3.66,15.02,0.051,13.55,0.0,15 vol%,15.0,60 mL/min,60.0,,75.0,BTC,1.4 mmol/g,1.4,,,,,,,,,,,,,,,,,,,,,,,,,,qwen3-max,DAC_prompt_SCaSE
SNT_PEI_40%_SNT_40%PEI__T75_BTC_15vol%CO2_60mL/min,SNT_PEI_40%,10.1021/acs.energyfuels.3c02384,005.pdf-id_comprehensive_extraction.json,SNT,Porous Silica Materials,PEI,Polymeric Amines,600.0,40.0,9.30232558139535,0,,0,,365.19,0.335,3.66,9.23,0.028,12.19,0.0,15 vol%,15.0,60 mL/min,60.0,,75.0,BTC,1.64 mmol/g,1.64,,,,105.0,452.0,Fixed-Bed Breakthrough Testing,Adsorption capacity (mmol CO₂/g),"[[0, 0.0], [100, 0.8], [200, 1.2], [300, 1.4], [500, 1.5], [750, 1.55], [1000, 1.6], [1250, 1.62], [1500, 1.63], [1800, 1.64]]","Time (min), Adsorption capacity (mmol CO₂/g)","['-', '-']",,,,,,,,,,,,,,,,qwen3-max,DAC_prompt_SCaSE
SNT_PEI_50%_SNT_50%PEI__T75_BTC_15vol%CO2_60mL/min,SNT_PEI_50%,10.1021/acs.energyfuels.3c02384,005.pdf-id_comprehensive_extraction.json,SNT,Porous Silica Materials,PEI,Polymeric Amines,600.0,50.0,11.627906976744187,0,,0,,365.19,0.335,3.66,3.25,0.013,16.59,0.0,15 vol%,15.0,60 mL/min,60.0,,75.0,BTC,2.18 mmol/g,2.18,,,,,,,,,,,,,,,,,,,,,,,,,,qwen3-max,DAC_prompt_SCaSE
SNT_PEI_60%_SNT_60%PEI__T75_BTC_15vol%CO2_60mL/min,SNT_PEI_60%,10.1021/acs.energyfuels.3c02384,005.pdf-id_comprehensive_extraction.json,SNT,Porous Silica Materials,PEI,Polymeric Amines,600.0,60.0,13.953488372093023,0,,0,,365.19,0.335,3.66,2.35,0.008,13.34,0.0,15 vol%,15.0,60 mL/min,60.0,,75.0,BTC,1.8 mmol/g,1.8,,,,87.64705882352942,376.2499999999999,Fixed-Bed Breakthrough Testing,Adsorption capacity (mmol CO₂/g),"[[0, 0.0], [100, 0.85], [200, 1.12], [300, 1.28], [400, 1.36], [500, 1.41], [600, 1.44], [800, 1.47], [1000, 1.48], [1500, 1.49]]","Time (min), Adsorption capacity (mmol CO₂/g)","['-', '-']",,,,,,Cyclic CO2 profile,Adsorption capacity (mmol/g),"[[1, 1.5], [2, 1.5], [3, 1.5], [4, 1.5], [5, 1.5], [6, 1.5], [7, 1.5], [8, 1.5], [9, 1.5], [10, 1.5]]",mmol/g,10.0,,,,,,qwen3-max,DAC_prompt_SCaSE
SNT_PEI_60%_SNT_60%PEI__T90_BTC_15vol%CO2_60mL/min,SNT_PEI_60%,10.1021/acs.energyfuels.3c02384,005.pdf-id_comprehensive_extraction.json,SNT,Porous Silica Materials,PEI,Polymeric Amines,600.0,60.0,13.953488372093023,0,,0,,365.19,0.335,3.66,2.35,0.008,13.34,0.0,15 vol%,15.0,60 mL/min,60.0,,90.0,BTC,1.91 mmol/g,1.91,0.1369 mmol/mmol,0.1369,,,,,,,,,,,,,,,,,,,,,,,,qwen3-max,DAC_prompt_SCaSE
SBA-15_Ph-3-ED_20%_SBA-15_20%Ph-3-ED__T35_TGA_400ppmCO2_He_dry,SBA-15_Ph-3-ED_20%,10.1021/acssuschemeng.0c03706,006.pdf-id_comprehensive_extraction.json,SBA-15,Porous Silica Materials,Ph-3-ED,Small-Molecule Polyamines,295.26,23.0,3.3,0,,0,,700.0,0.96,7.0,401.0,0.71,5.0,0.0,400 ppm,0.04,90 mL/min,90.0,He,35.0,TGA,0.18 mmol/g_SiO2,0.18,0.05 mmolCO2/mmolN,0.05,,,,,,,,,He,90.0,12.0,,,,,,,,,,,,,qwen3-max,DAC_prompt_SCaSE
SBA-15_Ph-3-ED_30%_SBA-15_30%Ph-3-ED__T35_TGA_400ppmCO2_He_dry,SBA-15_Ph-3-ED_30%,10.1021/acssuschemeng.0c03706,006.pdf-id_comprehensive_extraction.json,SBA-15,Porous Silica Materials,Ph-3-ED,Small-Molecule Polyamines,295.26,27.0,4.9,0,,0,,700.0,0.96,7.0,345.0,0.59,5.0,0.0,400 ppm,0.04,90 mL/min,90.0,He,35.0,TGA,0.42 mmol/g_SiO2,0.42,0.09 mmolCO2/mmolN,0.09,,,,,,,,,He,90.0,12.0,,,,,,,,,,,,,qwen3-max,DAC_prompt_SCaSE
SBA-15_Ph-3-ED_40%_SBA-15_40%Ph-3-ED__T35_TGA_400ppmCO2_He_dry,SBA-15_Ph-3-ED_40%,10.1021/acssuschemeng.0c03706,006.pdf-id_comprehensive_extraction.json,SBA-15,Porous Silica Materials,Ph-3-ED,Small-Molecule Polyamines,295.26,37.0,7.34,0,,0,,700.0,0.96,7.0,241.0,0.41,5.0,0.0,400 ppm,0.04,90 mL/min,90.0,He,35.0,TGA,0.96 mmol/g_SiO2,0.96,0.13 mmolCO2/mmolN,0.13,,,,,,,,,He,90.0,12.0,,,,,,,,,,,,,qwen3-max,DAC_prompt_SCaSE
SBA-15_Ph-3-ED_50%_SBA-15_50%Ph-3-ED__T35_TGA_400ppmCO2_He_dry,SBA-15_Ph-3-ED_50%,10.1021/acssuschemeng.0c03706,006.pdf-id_comprehensive_extraction.json,SBA-15,Porous Silica Materials,Ph-3-ED,Small-Molecule Polyamines,295.26,43.0,11.0,0,,0,,700.0,0.96,7.0,102.0,0.18,5.0,0.0,400 ppm,0.04,90 mL/min,90.0,He,35.0,TGA,1.43 mmol/g_SiO2,1.43,0.13 mmolCO2/mmolN,0.13,,,,,,,,,He,90.0,12.0,,,,,,,,,,,,,qwen3-max,DAC_prompt_SCaSE
SBA-15_Ph-3-ED_60%_SBA-15_60%Ph-3-ED__T35_TGA_400ppmCO2_He_dry,SBA-15_Ph-3-ED_60%,10.1021/acssuschemeng.0c03706,006.pdf-id_comprehensive_extraction.json,SBA-15,Porous Silica Materials,Ph-3-ED,Small-Molecule Polyamines,295.26,51.0,16.7,0,,0,,700.0,0.96,7.0,8.0,0.01,5.0,0.0,400 ppm,0.04,90 mL/min,90.0,He,35.0,TGA,1.9 mmol/g_SiO2,1.9,0.11 mmolCO2/mmolN,0.11,,,,,,,,,He,90.0,12.0,,,,,,,,,,,,,qwen3-max,DAC_prompt_SCaSE
SBA-15_Ph-3-ED_60%_SBA-15_60%Ph-3-ED__T35_BTC_400ppmCO2_N2_30%RH,SBA-15_Ph-3-ED_60%,10.1021/acssuschemeng.0c03706,006.pdf-id_comprehensive_extraction.json,SBA-15,Porous Silica Materials,Ph-3-ED,Small-Molecule Polyamines,295.26,51.0,16.7,0,,0,,700.0,0.96,7.0,8.0,0.01,5.0,30.0,400 ppm,0.04,90 mL/min,90.0,N2,35.0,BTC,2.9 mmol/g_SiO2,2.9,0.17 mmolCO2/mmolN,0.17,,22.0,40.0,Fixed-Bed Breakthrough Testing,Normalized CO₂ Concentration (C/C₀),"[[0, 0.0], [10, 0.0], [20, 0.0], [30, 0.75], [40, 0.9], [50, 0.96], [60, 0.98], [80, 0.99], [100, 1.0], [180, 1.0]]","min, dimensionless","['22 min', '-']",N2,90.0,,,,,,,,,,,,,,qwen3-max,DAC_prompt_SCaSE
SBA-15_Ph-3-PD_20%_SBA-15_20%Ph-3-PD__T35_TGA_400ppmCO2_He_dry,SBA-15_Ph-3-PD_20%,10.1021/acssuschemeng.0c03706,006.pdf-id_comprehensive_extraction.json,SBA-15,Porous Silica Materials,Ph-3-PD,Small-Molecule Polyamines,337.31,27.0,3.94,0,,0,,700.0,0.96,7.0,375.0,0.77,5.0,0.0,400 ppm,0.04,90 mL/min,90.0,He,35.0,TGA,0.1 mmol/g_SiO2,0.1,0.02 mmolCO2/mmolN,0.02,,,,,,,,,He,90.0,12.0,,,,,,,,,,,,,qwen3-max,DAC_prompt_SCaSE
SBA-15_Ph-3-PD_30%_SBA-15_30%Ph-3-PD__T35_TGA_400ppmCO2_He_dry,SBA-15_Ph-3-PD_30%,10.1021/acssuschemeng.0c03706,006.pdf-id_comprehensive_extraction.json,SBA-15,Porous Silica Materials,Ph-3-PD,Small-Molecule Polyamines,337.31,34.0,5.25,0,,0,,700.0,0.96,7.0,321.0,0.58,5.0,0.0,400 ppm,0.04,90 mL/min,90.0,He,35.0,TGA,0.25 mmol/g_SiO2,0.25,0.05 mmolCO2/mmolN,0.05,,,,,,,,,He,90.0,12.0,,,,,,,,,,,,,qwen3-max,DAC_prompt_SCaSE
SBA-15_Ph-3-PD_40%_SBA-15_40%Ph-3-PD__T35_TGA_400ppmCO2_He_dry,SBA-15_Ph-3-PD_40%,10.1021/acssuschemeng.0c03706,006.pdf-id_comprehensive_extraction.json,SBA-15,Porous Silica Materials,Ph-3-PD,Small-Molecule Polyamines,337.31,43.0,8.22,0,,0,,700.0,0.96,7.0,204.0,0.37,5.0,0.0,400 ppm,0.04,90 mL/min,90.0,He,35.0,TGA,0.72 mmol/g_SiO2,0.72,0.09 mmolCO2/mmolN,0.09,,,,,,,,,He,90.0,12.0,,,,,,,,,,,,,qwen3-max,DAC_prompt_SCaSE
SBA-15_Ph-3-PD_50%_SBA-15_50%Ph-3-PD__T35_TGA_400ppmCO2_He_dry,SBA-15_Ph-3-PD_50%,10.1021/acssuschemeng.0c03706,006.pdf-id_comprehensive_extraction.json,SBA-15,Porous Silica Materials,Ph-3-PD,Small-Molecule Polyamines,337.31,53.0,12.45,0,,0,,700.0,0.96,7.0,55.0,0.1,5.0,0.0,400 ppm,0.04,90 mL/min,90.0,He,35.0,TGA,1.23 mmol/g_SiO2,1.23,0.1 mmolCO2/mmolN,0.1,,,,,,,,,He,90.0,12.0,,,,,,,,,,,,,qwen3-max,DAC_prompt_SCaSE
SBA-15_Ph-6-ED_20%_SBA-15_20%Ph-6-ED__T35_TGA_400ppmCO2_He_dry,SBA-15_Ph-6-ED_20%,10.1021/acssuschemeng.0c03706,006.pdf-id_comprehensive_extraction.json,SBA-15,Porous Silica Materials,Ph-6-ED,Small-Molecule Polyamines,511.47,24.0,4.54,0,,0,,700.0,0.96,7.0,367.0,0.63,5.0,0.0,400 ppm,0.04,90 mL/min,90.0,He,35.0,TGA,0.22 mmol/g_SiO2,0.22,0.05 mmolCO2/mmolN,0.05,,,,,,,,,He,90.0,12.0,,,,,,,,,,,,,qwen3-max,DAC_prompt_SCaSE
SBA-15_Ph-6-ED_30%_SBA-15_30%Ph-6-ED__T35_TGA_400ppmCO2_He_dry,SBA-15_Ph-6-ED_30%,10.1021/acssuschemeng.0c03706,006.pdf-id_comprehensive_extraction.json,SBA-15,Porous Silica Materials,Ph-6-ED,Small-Molecule Polyamines,511.47,32.0,7.5,0,,0,,700.0,0.96,7.0,249.0,0.43,5.0,0.0,400 ppm,0.04,90 mL/min,90.0,He,35.0,TGA,0.55 mmol/g_SiO2,0.55,0.075 mmolCO2/mmolN,0.075,,,,,,,,,He,90.0,12.0,,,,,,,,,,,,,qwen3-max,DAC_prompt_SCaSE
SBA-15_Ph-6-ED_40%_SBA-15_40%Ph-6-ED__T35_TGA_400ppmCO2_He_dry,SBA-15_Ph-6-ED_40%,10.1021/acssuschemeng.0c03706,006.pdf-id_comprehensive_extraction.json,SBA-15,Porous Silica Materials,Ph-6-ED,Small-Molecule Polyamines,511.47,40.0,11.44,0,,0,,700.0,0.96,7.0,127.0,0.22,5.0,0.0,400 ppm,0.04,90 mL/min,90.0,He,35.0,TGA,0.87 mmol/g_SiO2,0.87,0.077 mmolCO2/mmolN,0.077,,,,,,,,,He,90.0,12.0,,,,,,,,,,,,,qwen3-max,DAC_prompt_SCaSE
SBA-15_Ph-6-ED_50%_SBA-15_50%Ph-6-ED__T35_TGA_400ppmCO2_He_dry,SBA-15_Ph-6-ED_50%,10.1021/acssuschemeng.0c03706,006.pdf-id_comprehensive_extraction.json,SBA-15,Porous Silica Materials,Ph-6-ED,Small-Molecule Polyamines,511.47,49.0,16.7,0,,0,,700.0,0.96,7.0,28.0,0.06,5.0,0.0,400 ppm,0.04,90 mL/min,90.0,He,35.0,TGA,0.8 mmol/g_SiO2,0.8,0.048 mmolCO2/mmolN,0.048,,,,,,,,,He,90.0,12.0,,,,,,,,,,,,,qwen3-max,DAC_prompt_SCaSE
SBA-15_Ph-6-PD_20%_SBA-15_20%Ph-6-PD__T35_TGA_400ppmCO2_He_dry,SBA-15_Ph-6-PD_20%,10.1021/acssuschemeng.0c03706,006.pdf-id_comprehensive_extraction.json,SBA-15,Porous Silica Materials,Ph-6-PD,Small-Molecule Polyamines,595.56,23.0,4.23,0,,0,,700.0,0.96,7.0,357.0,0.58,5.0,0.0,400 ppm,0.04,90 mL/min,90.0,He,35.0,TGA,0.21 mmol/g_SiO2,0.21,0.05 mmolCO2/mmolN,0.05,,,,,,,,,He,90.0,12.0,,,,,,,,,,,,,qwen3-max,DAC_prompt_SCaSE
SBA-15_Ph-6-PD_30%_SBA-15_30%Ph-6-PD__T35_TGA_400ppmCO2_He_dry,SBA-15_Ph-6-PD_30%,10.1021/acssuschemeng.0c03706,006.pdf-id_comprehensive_extraction.json,SBA-15,Porous Silica Materials,Ph-6-PD,Small-Molecule Polyamines,595.56,30.0,6.44,0,,0,,700.0,0.96,7.0,291.0,0.49,5.0,0.0,400 ppm,0.04,90 mL/min,90.0,He,35.0,TGA,0.28 mmol/g_SiO2,0.28,0.043 mmolCO2/mmolN,0.043,,,,,,,,,He,90.0,12.0,,,,,,,,,,,,,qwen3-max,DAC_prompt_SCaSE
SBA-15_Ph-6-PD_40%_SBA-15_40%Ph-6-PD__T35_TGA_400ppmCO2_He_dry,SBA-15_Ph-6-PD_40%,10.1021/acssuschemeng.0c03706,006.pdf-id_comprehensive_extraction.json,SBA-15,Porous Silica Materials,Ph-6-PD,Small-Molecule Polyamines,595.56,40.0,10.02,0,,0,,700.0,0.96,7.0,163.0,0.3,5.0,0.0,400 ppm,0.04,90 mL/min,90.0,He,35.0,TGA,0.46 mmol/g_SiO2,0.46,0.046 mmolCO2/mmolN,0.046,,,,,,,,,He,90.0,12.0,,,,,,,,,,,,,qwen3-max,DAC_prompt_SCaSE
SBA-15_Ph-6-PD_50%_SBA-15_50%Ph-6-PD__T35_TGA_400ppmCO2_He_dry,SBA-15_Ph-6-PD_50%,10.1021/acssuschemeng.0c03706,006.pdf-id_comprehensive_extraction.json,SBA-15,Porous Silica Materials,Ph-6-PD,Small-Molecule Polyamines,595.56,49.0,15.48,0,,0,,700.0,0.96,7.0,39.0,0.08,5.0,0.0,400 ppm,0.04,90 mL/min,90.0,He,35.0,TGA,0.59 mmol/g_SiO2,0.59,0.038 mmolCO2/mmolN,0.038,,,,,,,,,He,90.0,12.0,,,,,,,,,,,,,qwen3-max,DAC_prompt_SCaSE
MF_bare_MF_bare_T110_N2ads,MF_bare,10.1021/acsami.3c17126,007.pdf-id_comprehensive_extraction.json,MF,Porous Organic Polymers (POPs),0,,,,,0,,0,,1300.3,5.19,24.6,,,,0.0,,,,,,,TGA,,,,,,,,,,,,,,,,,,,,,,,,,,,,qwen3-max,DAC_prompt_SCaSE
MF_TEPA33%_MF_TEPA33%_T30_420ppm_TGA_300min,MF_TEPA33%,10.1021/acsami.3c17126,007.pdf-id_comprehensive_extraction.json,MF,Porous Organic Polymers (POPs),TEPA,Small-Molecule Polyamines,189.3,33.0,7.674418604651163,0,,0,,1300.3,5.19,24.6,,1.12,,0.0,420 ppm,420.0,200 mL/min,200.0,,30.0,TGA,2.07 mmol/g,2.07,,,,88.33333333333333,193.8333333333333,TG Curve/ CO2 adsorption profile,CO₂ uptake (mmol/g),"[[0, 0.0], [30, 0.42], [60, 0.78], [90, 1.05], [120, 1.31], [150, 1.55], [180, 1.78], [210, 1.96], [240, 2.05], [300, 2.07]]","min, mmol/g","['-', '-']",,,,,,,,,,,,,,,,qwen3-max,DAC_prompt_SCaSE
MF_TEPA33%_MF_TEPA33%_T40_420ppm_TGA_300min,MF_TEPA33%,10.1021/acsami.3c17126,007.pdf-id_comprehensive_extraction.json,MF,Porous Organic Polymers (POPs),TEPA,Small-Molecule Polyamines,189.3,33.0,7.674418604651163,0,,0,,1300.3,5.19,24.6,,1.12,,0.0,420 ppm,420.0,200 mL/min,200.0,,40.0,TGA,1.95 mmol/g,1.95,,,,63.55555555555554,210.79999999999995,TG Curve/ CO2 adsorption profile,CO₂ uptake (mmol/g),"[[0, 0.0], [40, 0.75], [80, 1.2], [120, 1.45], [160, 1.65], [200, 1.8], [240, 1.9], [280, 1.95], [320, 2.0], [360, 2.03]]","min, mmol/g","['-', '-']",,,,,,,,,,,,,,,,qwen3-max,DAC_prompt_SCaSE
MF_TEPA33%_MF_TEPA33%_T50_420ppm_TGA_300min,MF_TEPA33%,10.1021/acsami.3c17126,007.pdf-id_comprehensive_extraction.json,MF,Porous Organic Polymers (POPs),TEPA,Small-Molecule Polyamines,189.3,33.0,7.674418604651163,0,,0,,1300.3,5.19,24.6,,1.12,,0.0,420 ppm,420.0,200 mL/min,200.0,,50.0,TGA,1.54 mmol/g,1.54,,,,57.71428571428572,183.6,TG Curve/ CO2 adsorption profile,CO₂ uptake (mmol/g),"[[0, 0.0], [40, 0.6], [80, 0.95], [120, 1.15], [160, 1.3], [200, 1.4], [240, 1.45], [280, 1.48], [320, 1.5], [360, 1.51]]","min, mmol/g","['-', '-']",,,,,,,,,,,,,,,,qwen3-max,DAC_prompt_SCaSE
MF_TEPA33%_MF_TEPA33%_T30_200ppm_TGA_300min,MF_TEPA33%,10.1021/acsami.3c17126,007.pdf-id_comprehensive_extraction.json,MF,Porous Organic Polymers (POPs),TEPA,Small-Molecule Polyamines,189.3,33.0,7.674418604651163,0,,0,,1300.3,5.19,24.6,,1.12,,0.0,200 ppm,200.0,200 mL/min,200.0,,30.0,TGA,1.71 mmol/g,1.71,,,,54.375000000000014,169.50000000000003,TG Curve/ CO2 adsorption profile,CO₂ uptake (mmol/g),"[[0, 0.0], [30, 0.6], [60, 1.0], [90, 1.3], [120, 1.5], [150, 1.6], [180, 1.7], [210, 1.75], [240, 1.8], [300, 1.85]]","min, mmol/g","['-', '-']",,,,,,,,,,,,,,,,qwen3-max,DAC_prompt_SCaSE
MF_TEPA33%_MF_TEPA33%_T30_600ppm_TGA_300min,MF_TEPA33%,10.1021/acsami.3c17126,007.pdf-id_comprehensive_extraction.json,MF,Porous Organic Polymers (POPs),TEPA,Small-Molecule Polyamines,189.3,33.0,7.674418604651163,0,,0,,1300.3,5.19,24.6,,1.12,,0.0,600 ppm,600.0,200 mL/min,200.0,,30.0,TGA,2.41 mmol/g,2.41,,,,39.642857142857146,133.00000000000006,TG Curve/ CO2 adsorption profile,CO₂ uptake (mmol/g),"[[0, 0.0], [30, 1.2], [60, 1.9], [90, 2.3], [120, 2.5], [150, 2.65], [180, 2.75], [210, 2.8], [240, 2.83], [300, 2.85]]","min, mmol/g","['-', '-']",,,,,,,,,,,,,,,,qwen3-max,DAC_prompt_SCaSE
MF_TEPA33%_MF_TEPA33%_T30_1000ppm_TGA_300min,MF_TEPA33%,10.1021/acsami.3c17126,007.pdf-id_comprehensive_extraction.json,MF,Porous Organic Polymers (POPs),TEPA,Small-Molecule Polyamines,189.3,33.0,7.674418604651163,0,,0,,1300.3,5.19,24.6,,1.12,,0.0,1000 ppm,1000.0,200 mL/min,200.0,,30.0,TGA,2.46 mmol/g,2.46,,,,31.5,92.79999999999995,TG Curve/ CO2 adsorption profile,CO₂ uptake (mmol/g),"[[0, 0.0], [30, 1.2], [60, 1.8], [90, 2.2], [120, 2.35], [150, 2.42], [180, 2.44], [210, 2.45], [240, 2.455], [300, 2.46]]","min, mmol/g","['-', '-']",,,,,,,,,,,,,,,,qwen3-max,DAC_prompt_SCaSE
MF_TEPA33%_MF_TEPA33%_cyclic_T30_420ppm_TGA,MF_TEPA33%,10.1021/acsami.3c17126,007.pdf-id_comprehensive_extraction.json,MF,Porous Organic Polymers (POPs),TEPA,Small-Molecule Polyamines,189.3,33.0,7.674418604651163,0,,0,,1300.3,5.19,24.6,,1.12,,0.0,420 ppm,420.0,200 mL/min,200.0,,30.0,TGA,,,,,,,,,,,,,,,,,,Cyclic CO2 profile,CO₂ uptake (mmol/g),"[[1, 2.08], [2, 1.94], [3, 1.93], [4, 1.93], [5, 1.93], [6, 1.93], [7, 1.93], [8, 1.93], [9, 1.93], [10, 1.93]]",mmol/g,10.0,,,,,,qwen3-max,DAC_prompt_SCaSE
MF_TEPA50%_MF_TEPA50%_T30_420ppm_TGA_300min,MF_TEPA50%,10.1021/acsami.3c17126,007.pdf-id_comprehensive_extraction.json,MF,Porous Organic Polymers (POPs),TEPA,Small-Molecule Polyamines,189.3,50.0,11.627906976744187,0,,0,,1300.3,5.19,24.6,,0.62,,0.0,420 ppm,420.0,200 mL/min,200.0,,30.0,TGA,2.30 mmol/g,2.3,,,,49.14893617021277,148.12499999999997,TG Curve/ CO2 adsorption profile,CO₂ uptake (mmol/g),"[[0, 0.0], [30, 0.85], [60, 1.32], [90, 1.68], [120, 1.92], [150, 2.08], [180, 2.18], [210, 2.24], [240, 2.28], [270, 2.3]]","min, mmol/g","['-', '-']",,,,,,,,,,,,,,,,qwen3-max,DAC_prompt_SCaSE
MF_TEPA60%_MF_TEPA60%_T30_420ppm_TGA_300min,MF_TEPA60%,10.1021/acsami.3c17126,007.pdf-id_comprehensive_extraction.json,MF,Porous Organic Polymers (POPs),TEPA,Small-Molecule Polyamines,189.3,60.0,13.953488372093023,0,,0,,1300.3,5.19,24.6,,0.24,,0.0,420 ppm,420.0,200 mL/min,200.0,,30.0,TGA,2.31 mmol/g,2.31,,,,47.99999999999999,143.99999999999997,TG Curve/ CO2 adsorption profile,CO₂ uptake (mmol/g),"[[0, 0.0], [30, 0.85], [60, 1.35], [90, 1.7], [120, 1.95], [150, 2.1], [180, 2.2], [210, 2.25], [240, 2.28], [270, 2.3]]","min, mmol/g","['-', '-']",,,,,,,,,,,,,,,,qwen3-max,DAC_prompt_SCaSE
MF_TEPA67%_MF_TEPA67%_T30_420ppm_TGA_300min,MF_TEPA67%,10.1021/acsami.3c17126,007.pdf-id_comprehensive_extraction.json,MF,Porous Organic Polymers (POPs),TEPA,Small-Molecule Polyamines,189.3,67.0,15.58139534883721,0,,0,,1300.3,5.19,24.6,,0.03,,0.0,420 ppm,420.0,200 mL/min,200.0,,30.0,TGA,2.39 mmol/g,2.39,,,,48.15789473684212,144.88235294117646,TG Curve/ CO2 adsorption profile,CO₂ uptake (mmol/g),"[[0, 0.0], [30, 0.85], [60, 1.42], [90, 1.78], [120, 2.01], [150, 2.18], [180, 2.27], [210, 2.32], [240, 2.36], [270, 2.38], [300, 2.39]]","min, mmol/g","['-', '-']",,,,,,,,,,,,,,,,qwen3-max,DAC_prompt_SCaSE
MF_TEPA71%_MF_TEPA71%_T30_420ppm_TGA_300min,MF_TEPA71%,10.1021/acsami.3c17126,007.pdf-id_comprehensive_extraction.json,MF,Porous Organic Polymers (POPs),TEPA,Small-Molecule Polyamines,189.3,71.0,16.511627906976745,0,,0,,1300.3,5.19,24.6,,0.01,,0.0,420 ppm,420.0,200 mL/min,200.0,,30.0,TGA,2.65 mmol/g,2.65,,,,77.08333333333333,216.25,TG Curve/ CO2 adsorption profile,CO₂ uptake (mmol/g),"[[0, 0.0], [30, 0.68], [60, 1.12], [90, 1.48], [120, 1.78], [150, 2.02], [180, 2.21], [210, 2.36], [240, 2.48], [300, 2.65]]","min, mmol/g","['-', '-']",,,,,,,,,,,,,,,,qwen3-max,DAC_prompt_SCaSE
MF_TEPA71%_MF_TEPA71%_T30_1000ppm_TGA_300min,MF_TEPA71%,10.1021/acsami.3c17126,007.pdf-id_comprehensive_extraction.json,MF,Porous Organic Polymers (POPs),TEPA,Small-Molecule Polyamines,189.3,71.0,16.511627906976745,0,,0,,1300.3,5.19,24.6,,0.01,,0.0,1000 ppm,1000.0,200 mL/min,200.0,,30.0,TGA,2.85 mmol/g,2.85,,,,,,,,,,,,,,,,,,,,,,,,,,qwen3-max,DAC_prompt_SCaSE
MF_TEPA75%_MF_TEPA75%_T30_420ppm_TGA_300min,MF_TEPA75%,10.1021/acsami.3c17126,007.pdf-id_comprehensive_extraction.json,MF,Porous Organic Polymers (POPs),TEPA,Small-Molecule Polyamines,189.3,75.0,17.441860465116278,0,,0,,1300.3,5.19,24.6,,0.0,,0.0,420 ppm,420.0,200 mL/min,200.0,,30.0,TGA,2.27 mmol/g,2.27,,,,47.1,138.6,TG Curve/ CO2 adsorption profile,CO₂ uptake (mmol/g),"[[0, 0.0], [30, 0.85], [60, 1.35], [90, 1.7], [120, 1.95], [150, 2.1], [180, 2.18], [210, 2.22], [240, 2.25], [270, 2.26], [300, 2.27]]","min, mmol/g","['-', '-']",,,,,,,,,,,,,,,,qwen3-max,DAC_prompt_SCaSE
MF-D_TEPA50%_MF-D_TEPA50%_T30_420ppm_TGA_300min,MF-D_TEPA50%,10.1021/acsami.3c17126,007.pdf-id_comprehensive_extraction.json,MF,Porous Organic Polymers (POPs),TEPA,Small-Molecule Polyamines,189.3,50.0,11.627906976744187,Additive,,0,,1300.3,5.19,24.6,376.3157894736842,1.43,15.2,0.0,420 ppm,420.0,200 mL/min,200.0,,30.0,TGA,1.58 mmol/g,1.58,,,,45.71428571428572,140.00000000000006,TG Curve/ CO2 adsorption profile,CO₂ uptake (mmol/g),"[[0, 0.0], [20, 0.65], [40, 1.02], [60, 1.3], [80, 1.52], [100, 1.7], [120, 1.85], [140, 1.98], [160, 2.08], [180, 2.15], [200, 2.2]]","min, mmol/g","['-', '-']",,,,,,,,,,,,,,,,qwen3-max,DAC_prompt_SCaSE
Sponge-MF_TEPA_Sponge-MF_TEPA_T30_420ppm_TGA_300min,Sponge-MF_TEPA,10.1021/acsami.3c17126,007.pdf-id_comprehensive_extraction.json,MF,Porous Organic Polymers (POPs),TEPA,Small-Molecule Polyamines,189.3,,,Additive,,0,,1300.3,5.19,24.6,,,,0.0,420 ppm,420.0,200 mL/min,200.0,,30.0,TGA,1.64 mmol/g,1.64,,,,65.62499999999999,189.375,TG Curve/ CO2 adsorption profile,CO₂ uptake (mmol/g),"[[0, 0.0], [30, 0.45], [60, 0.78], [90, 1.02], [120, 1.21], [150, 1.35], [180, 1.46], [210, 1.54], [240, 1.6], [300, 1.65]]","min, mmol/g","['-', '-']",,,,,,,,,,,,,,,,qwen3-max,DAC_prompt_SCaSE
SBA-15_PEI_40%_SBA-15_40%PEI__T25_TGA_dry_400ppm,SBA-15_PEI_40%,10.1016/j.micromeso.2022.111956,008.pdf-id_comprehensive_extraction.json,SBA-15,Porous Silica Materials,PEI,Polymeric Amines,600.0,40.0,9.30232558139535,0,,0,,733.0,2.5655,14.0,86.3,0.12944999999999998,6.0,0.0,400 ppm,0.04,300 mL/min,300.0,,25.0,TGA,0.67 mmol/g,0.67,,,,,,,,,,,,,,,,,,,,,,,,,,qwen3-max,DAC_prompt_SCaSE
SBA-15_PEI_50%_SBA-15_50%PEI__T25_TGA_dry_400ppm,SBA-15_PEI_50%,10.1016/j.micromeso.2022.111956,008.pdf-id_comprehensive_extraction.json,SBA-15,Porous Silica Materials,PEI,Polymeric Amines,600.0,50.0,11.627906976744187,0,,0,,733.0,2.5655,14.0,11.5,0.01725,6.0,0.0,400 ppm,0.04,300 mL/min,300.0,,25.0,TGA,0.81 mmol/g,0.81,,,,,,,,,,,,,,,,,,,,,,,,,,qwen3-max,DAC_prompt_SCaSE
SBA-15_PEI_50%_SBA-15_50%PEI__T25_BTC_humid_400ppm_60%RH,SBA-15_PEI_50%,10.1016/j.micromeso.2022.111956,008.pdf-id_comprehensive_extraction.json,SBA-15,Porous Silica Materials,PEI,Polymeric Amines,600.0,50.0,11.627906976744187,0,,0,,733.0,2.5655,14.0,11.5,0.01725,6.0,60.0,400 ppm,0.04,100 mL/min,100.0,,25.0,BTC,2.16 mmol/g,2.16,,,,3487.5,6455.0,Fixed-Bed Breakthrough Testing,CO2 concentration (ppm),"[[500, 0], [2500, 120], [4500, 280], [6500, 360], [8500, 385], [10500, 392], [12500, 395], [14500, 397], [15500, 398], [16000, 398]]","sec, ppm","['-', '-']",He,80.0,30.0,,,Cyclic CO2 profile,CO2 adsorption capacity / mmol g-1,"[[1, 2.15], [2, 2.1], [3, 2.08], [4, 2.05], [5, 2.03], [6, 2.02], [7, 2.01], [8, 2.0], [9, 2.0], [10, 2.0]]",,10.0,,,,,,qwen3-max,DAC_prompt_SCaSE
SBA-15_PEI_60%_SBA-15_60%PEI__T25_TGA_dry_400ppm,SBA-15_PEI_60%,10.1016/j.micromeso.2022.111956,008.pdf-id_comprehensive_extraction.json,SBA-15,Porous Silica Materials,PEI,Polymeric Amines,600.0,60.0,13.953488372093023,0,,0,,733.0,2.5655,14.0,1.1,0.0016500000000000002,6.0,0.0,400 ppm,0.04,300 mL/min,300.0,,25.0,TGA,1.14 mmol/g,1.14,,,,,,,,,,,,,,,,,,,,,,,,,,qwen3-max,DAC_prompt_SCaSE
SBA-15_PEI_70%_SBA-15_70%PEI__T25_TGA_dry_400ppm,SBA-15_PEI_70%,10.1016/j.micromeso.2022.111956,008.pdf-id_comprehensive_extraction.json,SBA-15,Porous Silica Materials,PEI,Polymeric Amines,600.0,70.0,16.27906976744186,0,,0,,733.0,2.5655,14.0,0.6,0.0008999999999999999,6.0,0.0,400 ppm,0.04,300 mL/min,300.0,,25.0,TGA,1.14 mmol/g,1.14,,,,,,,,,,,,,,,,,,,,,,,,,,qwen3-max,DAC_prompt_SCaSE
SBA-15_TETA_40%_SBA-15_40%TETA__T25_TGA_dry_400ppm,SBA-15_TETA_40%,10.1016/j.micromeso.2022.111956,008.pdf-id_comprehensive_extraction.json,SBA-15,Porous Silica Materials,TETA,Small-Molecule Polyamines,146.23,40.0,9.30232558139535,0,,0,,733.0,2.5655,14.0,64.7,0.09705000000000001,6.0,0.0,400 ppm,0.04,300 mL/min,300.0,,25.0,TGA,1.5 mmol/g,1.5,,,,,,,,,,,,,,,,,,,,,,,,,,qwen3-max,DAC_prompt_SCaSE
SBA-15_TETA_50%_SBA-15_50%TETA__T25_TGA_dry_400ppm,SBA-15_TETA_50%,10.1016/j.micromeso.2022.111956,008.pdf-id_comprehensive_extraction.json,SBA-15,Porous Silica Materials,TETA,Small-Molecule Polyamines,146.23,50.0,11.627906976744187,0,,0,,733.0,2.5655,14.0,2.7,0.004050000000000001,6.0,0.0,400 ppm,0.04,300 mL/min,300.0,,25.0,TGA,2.04 mmol/g,2.04,,,,,,,,,,,,,,,,,,,,,,,,,,qwen3-max,DAC_prompt_SCaSE
SBA-15_TETA_50%_SBA-15_50%TETA__T25_BTC_humid_400ppm_60%RH,SBA-15_TETA_50%,10.1016/j.micromeso.2022.111956,008.pdf-id_comprehensive_extraction.json,SBA-15,Porous Silica Materials,TETA,Small-Molecule Polyamines,146.23,50.0,11.627906976744187,0,,0,,733.0,2.5655,14.0,2.7,0.004050000000000001,6.0,60.0,400 ppm,0.04,100 mL/min,100.0,,25.0,BTC,1.80 mmol/g,1.8,,,,,,,,,,,He,80.0,30.0,,,Cyclic CO2 profile,CO2 adsorption capacity / mmol g-1,"[[1, 1.75], [2, 1.7], [3, 1.65], [4, 1.6], [5, 1.55], [6, 1.5], [7, 1.45], [8, 1.42], [9, 1.4], [10, 1.38]]",,10.0,,,,,,qwen3-max,DAC_prompt_SCaSE
SBA-15_TETA_60%_SBA-15_60%TETA__T25_TGA_dry_400ppm,SBA-15_TETA_60%,10.1016/j.micromeso.2022.111956,008.pdf-id_comprehensive_extraction.json,SBA-15,Porous Silica Materials,TETA,Small-Molecule Polyamines,146.23,60.0,13.953488372093023,0,,0,,733.0,2.5655,14.0,0.7,0.0010499999999999997,6.0,0.0,400 ppm,0.04,300 mL/min,300.0,,25.0,TGA,2.1 mmol/g,2.1,,,,,,,,,,,,,,,,,,,,,,,,,,qwen3-max,DAC_prompt_SCaSE
SBA-15_TETA_70%_SBA-15_70%TETA__T25_TGA_dry_400ppm,SBA-15_TETA_70%,10.1016/j.micromeso.2022.111956,008.pdf-id_comprehensive_extraction.json,SBA-15,Porous Silica Materials,TETA,Small-Molecule Polyamines,146.23,70.0,16.27906976744186,0,,0,,733.0,2.5655,14.0,0.9,0.00135,6.0,0.0,400 ppm,0.04,300 mL/min,300.0,,25.0,TGA,1.92 mmol/g,1.92,,,,,,,,,,,,,,,,,,,,,,,,,,qwen3-max,DAC_prompt_SCaSE
SBA-15_TEPA_40%_SBA-15_40%TEPA__T25_TGA_dry_400ppm,SBA-15_TEPA_40%,10.1016/j.micromeso.2022.111956,008.pdf-id_comprehensive_extraction.json,SBA-15,Porous Silica Materials,TEPA,Small-Molecule Polyamines,189.3,40.0,9.30232558139535,0,,0,,733.0,2.5655,14.0,71.5,0.10725,6.0,0.0,400 ppm,0.04,300 mL/min,300.0,,25.0,TGA,1.21 mmol/g,1.21,,,,,,,,,,,,,,,,,,,,,,,,,,qwen3-max,DAC_prompt_SCaSE
SBA-15_TEPA_50%_SBA-15_50%TEPA__T25_TGA_dry_400ppm,SBA-15_TEPA_50%,10.1016/j.micromeso.2022.111956,008.pdf-id_comprehensive_extraction.json,SBA-15,Porous Silica Materials,TEPA,Small-Molecule Polyamines,189.3,50.0,11.627906976744187,0,,0,,733.0,2.5655,14.0,3.6,0.0054,6.0,0.0,400 ppm,0.04,300 mL/min,300.0,,25.0,TGA,1.79 mmol/g,1.79,,,,,,,,,,,,,,,,,,,,,,,,,,qwen3-max,DAC_prompt_SCaSE
SBA-15_TEPA_50%_SBA-15_50%TEPA__T25_BTC_humid_400ppm_60%RH,SBA-15_TEPA_50%,10.1016/j.micromeso.2022.111956,008.pdf-id_comprehensive_extraction.json,SBA-15,Porous Silica Materials,TEPA,Small-Molecule Polyamines,189.3,50.0,11.627906976744187,0,,0,,733.0,2.5655,14.0,3.6,0.0054,6.0,60.0,400 ppm,0.04,100 mL/min,100.0,,25.0,BTC,2.12 mmol/g,2.12,,,,,,,,,,,He,80.0,30.0,,,Cyclic CO2 profile,CO2 adsorption capacity / mmol g-1,"[[1, 2.1], [2, 2.05], [3, 2.02], [4, 2.0], [5, 1.98], [6, 1.97], [7, 1.96], [8, 1.95], [9, 1.95], [10, 1.95]]",,10.0,,,,,,qwen3-max,DAC_prompt_SCaSE
SBA-15_TEPA_60%_SBA-15_60%TEPA__T25_TGA_dry_400ppm,SBA-15_TEPA_60%,10.1016/j.micromeso.2022.111956,008.pdf-id_comprehensive_extraction.json,SBA-15,Porous Silica Materials,TEPA,Small-Molecule Polyamines,189.3,60.0,13.953488372093023,0,,0,,733.0,2.5655,14.0,0.5,0.00075,6.0,0.0,400 ppm,0.04,300 mL/min,300.0,,25.0,TGA,2.17 mmol/g,2.17,,,,,,,,,,,,,,,,,,,,,,,,,,qwen3-max,DAC_prompt_SCaSE
SBA-15_TEPA_70%_SBA-15_70%TEPA__T25_TGA_dry_400ppm,SBA-15_TEPA_70%,10.1016/j.micromeso.2022.111956,008.pdf-id_comprehensive_extraction.json,SBA-15,Porous Silica Materials,TEPA,Small-Molecule Polyamines,189.3,70.0,16.27906976744186,0,,0,,733.0,2.5655,14.0,0.5,0.00075,6.0,0.0,400 ppm,0.04,300 mL/min,300.0,,25.0,TGA,1.93 mmol/g,1.93,,,,,,,,,,,,,,,,,,,,,,,,,,qwen3-max,DAC_prompt_SCaSE
SBA-15_EDA_50%_SBA-15_50%EDA__T25_TGA_dry_400ppm,SBA-15_EDA_50%,10.1016/j.micromeso.2022.111956,008.pdf-id_comprehensive_extraction.json,SBA-15,Porous Silica Materials,EDA,Small-Molecule Polyamines,60.1,50.0,11.627906976744187,0,,0,,733.0,2.5655,14.0,,,,0.0,400 ppm,0.04,300 mL/min,300.0,,25.0,TGA,0.11 mmol/g,0.11,,,,,,,,,,,,,,,,,,,,,,,,,,qwen3-max,DAC_prompt_SCaSE
SBA-15_EDA_50%_SBA-15_50%EDA__T25_BTC_humid_400ppm_60%RH,SBA-15_EDA_50%,10.1016/j.micromeso.2022.111956,008.pdf-id_comprehensive_extraction.json,SBA-15,Porous Silica Materials,EDA,Small-Molecule Polyamines,60.1,50.0,11.627906976744187,0,,0,,733.0,2.5655,14.0,,,,60.0,400 ppm,0.04,100 mL/min,100.0,,25.0,BTC,0.18 mmol/g,0.18,,,,,,,,,,,He,80.0,30.0,,,,,,,,,,,,,qwen3-max,DAC_prompt_SCaSE
SBA-15_EDA_60%_SBA-15_60%EDA__T25_TGA_dry_400ppm,SBA-15_EDA_60%,10.1016/j.micromeso.2022.111956,008.pdf-id_comprehensive_extraction.json,SBA-15,Porous Silica Materials,EDA,Small-Molecule Polyamines,60.1,60.0,13.953488372093023,0,,0,,733.0,2.5655,14.0,,,,0.0,400 ppm,0.04,300 mL/min,300.0,,25.0,TGA,0.12 mmol/g,0.12,,,,,,,,,,,,,,,,,,,,,,,,,,qwen3-max,DAC_prompt_SCaSE
SBA-15_DETA_50%_SBA-15_50%DETA__T25_TGA_dry_400ppm,SBA-15_DETA_50%,10.1016/j.micromeso.2022.111956,008.pdf-id_comprehensive_extraction.json,SBA-15,Porous Silica Materials,DETA,Small-Molecule Polyamines,103.17,50.0,11.627906976744187,0,,0,,733.0,2.5655,14.0,,,,0.0,400 ppm,0.04,300 mL/min,300.0,,25.0,TGA,0.5 mmol/g,0.5,,,,,,,,,,,,,,,,,,,,,,,,,,qwen3-max,DAC_prompt_SCaSE
SBA-15_DETA_50%_SBA-15_50%DETA__T25_BTC_humid_400ppm_60%RH,SBA-15_DETA_50%,10.1016/j.micromeso.2022.111956,008.pdf-id_comprehensive_extraction.json,SBA-15,Porous Silica Materials,DETA,Small-Molecule Polyamines,103.17,50.0,11.627906976744187,0,,0,,733.0,2.5655,14.0,,,,60.0,400 ppm,0.04,100 mL/min,100.0,,25.0,BTC,1.15 mmol/g,1.15,,,,,,,,,,,He,80.0,30.0,,,,,,,,,,,,,qwen3-max,DAC_prompt_SCaSE
SBA-15_DETA_60%_SBA-15_60%DETA__T25_TGA_dry_400ppm,SBA-15_DETA_60%,10.1016/j.micromeso.2022.111956,008.pdf-id_comprehensive_extraction.json,SBA-15,Porous Silica Materials,DETA,Small-Molecule Polyamines,103.17,60.0,13.953488372093023,0,,0,,733.0,2.5655,14.0,,,,0.0,400 ppm,0.04,300 mL/min,300.0,,25.0,TGA,0.45 mmol/g,0.45,,,,,,,,,,,,,,,,,,,,,,,,,,qwen3-max,DAC_prompt_SCaSE
MCM-41_PEI_40%_MCM-41_40%PEI__T25_TGA_dry_400ppm,MCM-41_PEI_40%,10.1016/j.micromeso.2022.111956,008.pdf-id_comprehensive_extraction.json,MCM-41,Porous Silica Materials,PEI,Polymeric Amines,600.0,40.0,9.30232558139535,0,,0,,1380.0,1.725,5.0,0.6,,,0.0,400 ppm,0.04,300 mL/min,300.0,,25.0,TGA,0.31 mmol/g,0.31,,,,,,,,,,,,,,,,,,,,,,,,,,qwen3-max,DAC_prompt_SCaSE
MCM-41_PEI_50%_MCM-41_50%PEI__T25_TGA_dry_400ppm,MCM-41_PEI_50%,10.1016/j.micromeso.2022.111956,008.pdf-id_comprehensive_extraction.json,MCM-41,Porous Silica Materials,PEI,Polymeric Amines,600.0,50.0,11.627906976744187,0,,0,,1380.0,1.725,5.0,0.6,,,0.0,400 ppm,0.04,300 mL/min,300.0,,25.0,TGA,0.37 mmol/g,0.37,,,,,,,,,,,,,,,,,,,,,,,,,,qwen3-max,DAC_prompt_SCaSE
MCM-41_PEI_50%_MCM-41_50%PEI__T25_BTC_humid_400ppm_60%RH,MCM-41_PEI_50%,10.1016/j.micromeso.2022.111956,008.pdf-id_comprehensive_extraction.json,MCM-41,Porous Silica Materials,PEI,Polymeric Amines,600.0,50.0,11.627906976744187,0,,0,,1380.0,1.725,5.0,0.6,,,60.0,400 ppm,0.04,100 mL/min,100.0,,25.0,BTC,0.66 mmol/g,0.66,,,,,,,,,,,He,80.0,30.0,,,,,,,,,,,,,qwen3-max,DAC_prompt_SCaSE
MCM-41_PEI_60%_MCM-41_60%PEI__T25_TGA_dry_400ppm,MCM-41_PEI_60%,10.1016/j.micromeso.2022.111956,008.pdf-id_comprehensive_extraction.json,MCM-41,Porous Silica Materials,PEI,Polymeric Amines,600.0,60.0,13.953488372093023,0,,0,,1380.0,1.725,5.0,,,,0.0,400 ppm,0.04,300 mL/min,300.0,,25.0,TGA,0.29 mmol/g,0.29,,,,,,,,,,,,,,,,,,,,,,,,,,qwen3-max,DAC_prompt_SCaSE
MCM-41_TETA_40%_MCM-41_40%TETA__T25_TGA_dry_400ppm,MCM-41_TETA_40%,10.1016/j.micromeso.2022.111956,008.pdf-id_comprehensive_extraction.json,MCM-41,Porous Silica Materials,TETA,Small-Molecule Polyamines,146.23,40.0,9.30232558139535,0,,0,,1380.0,1.725,5.0,3.7,,,0.0,400 ppm,0.04,300 mL/min,300.0,,25.0,TGA,0.63 mmol/g,0.63,,,,,,,,,,,,,,,,,,,,,,,,,,qwen3-max,DAC_prompt_SCaSE
MCM-41_TETA_50%_MCM-41_50%TETA__T25_TGA_dry_400ppm,MCM-41_TETA_50%,10.1016/j.micromeso.2022.111956,008.pdf-id_comprehensive_extraction.json,MCM-41,Porous Silica Materials,TETA,Small-Molecule Polyamines,146.23,50.0,11.627906976744187,0,,0,,1380.0,1.725,5.0,3.7,,,0.0,400 ppm,0.04,300 mL/min,300.0,,25.0,TGA,0.68 mmol/g,0.68,,,,,,,,,,,,,,,,,,,,,,,,,,qwen3-max,DAC_prompt_SCaSE
MCM-41_TETA_50%_MCM-41_50%TETA__T25_BTC_humid_400ppm_60%RH,MCM-41_TETA_50%,10.1016/j.micromeso.2022.111956,008.pdf-id_comprehensive_extraction.json,MCM-41,Porous Silica Materials,TETA,Small-Molecule Polyamines,146.23,50.0,11.627906976744187,0,,0,,1380.0,1.725,5.0,3.7,,,60.0,400 ppm,0.04,100 mL/min,100.0,,25.0,BTC,1.05 mmol/g,1.05,,,,,,,,,,,He,80.0,30.0,,,,,,,,,,,,,qwen3-max,DAC_prompt_SCaSE
MCM-41_TETA_60%_MCM-41_60%TETA__T25_TGA_dry_400ppm,MCM-41_TETA_60%,10.1016/j.micromeso.2022.111956,008.pdf-id_comprehensive_extraction.json,MCM-41,Porous Silica Materials,TETA,Small-Molecule Polyamines,146.23,60.0,13.953488372093023,0,,0,,1380.0,1.725,5.0,,,,0.0,400 ppm,0.04,300 mL/min,300.0,,25.0,TGA,1.28 mmol/g,1.28,,,,,,,,,,,,,,,,,,,,,,,,,,qwen3-max,DAC_prompt_SCaSE
MCM-41_TETA_70%_MCM-41_70%TETA__T25_TGA_dry_400ppm,MCM-41_TETA_70%,10.1016/j.micromeso.2022.111956,008.pdf-id_comprehensive_extraction.json,MCM-41,Porous Silica Materials,TETA,Small-Molecule Polyamines,146.23,70.0,16.27906976744186,0,,0,,1380.0,1.725,5.0,,,,0.0,400 ppm,0.04,300 mL/min,300.0,,25.0,TGA,0.46 mmol/g,0.46,,,,,,,,,,,,,,,,,,,,,,,,,,qwen3-max,DAC_prompt_SCaSE
MCM-41_TEPA_40%_MCM-41_40%TEPA__T25_TGA_dry_400ppm,MCM-41_TEPA_40%,10.1016/j.micromeso.2022.111956,008.pdf-id_comprehensive_extraction.json,MCM-41,Porous Silica Materials,TEPA,Small-Molecule Polyamines,189.3,40.0,9.30232558139535,0,,0,,1380.0,1.725,5.0,2.9,,,0.0,400 ppm,0.04,300 mL/min,300.0,,25.0,TGA,0.18 mmol/g,0.18,,,,,,,,,,,,,,,,,,,,,,,,,,qwen3-max,DAC_prompt_SCaSE
MCM-41_TEPA_50%_MCM-41_50%TEPA__T25_TGA_dry_400ppm,MCM-41_TEPA_50%,10.1016/j.micromeso.2022.111956,008.pdf-id_comprehensive_extraction.json,MCM-41,Porous Silica Materials,TEPA,Small-Molecule Polyamines,189.3,50.0,11.627906976744187,0,,0,,1380.0,1.725,5.0,2.9,,,0.0,400 ppm,0.04,300 mL/min,300.0,,25.0,TGA,0.65 mmol/g,0.65,,,,,,,,,,,,,,,,,,,,,,,,,,qwen3-max,DAC_prompt_SCaSE
MCM-41_TEPA_50%_MCM-41_50%TEPA__T25_BTC_humid_400ppm_60%RH,MCM-41_TEPA_50%,10.1016/j.micromeso.2022.111956,008.pdf-id_comprehensive_extraction.json,MCM-41,Porous Silica Materials,TEPA,Small-Molecule Polyamines,189.3,50.0,11.627906976744187,0,,0,,1380.0,1.725,5.0,2.9,,,60.0,400 ppm,0.04,100 mL/min,100.0,,25.0,BTC,0.86 mmol/g,0.86,,,,,,,,,,,He,80.0,30.0,,,,,,,,,,,,,qwen3-max,DAC_prompt_SCaSE
MCM-41_TEPA_60%_MCM-41_60%TEPA__T25_TGA_dry_400ppm,MCM-41_TEPA_60%,10.1016/j.micromeso.2022.111956,008.pdf-id_comprehensive_extraction.json,MCM-41,Porous Silica Materials,TEPA,Small-Molecule Polyamines,189.3,60.0,13.953488372093023,0,,0,,1380.0,1.725,5.0,,,,0.0,400 ppm,0.04,300 mL/min,300.0,,25.0,TGA,0.77 mmol/g,0.77,,,,,,,,,,,,,,,,,,,,,,,,,,qwen3-max,DAC_prompt_SCaSE
MCM-41_TEPA_70%_MCM-41_70%TEPA__T25_TGA_dry_400ppm,MCM-41_TEPA_70%,10.1016/j.micromeso.2022.111956,008.pdf-id_comprehensive_extraction.json,MCM-41,Porous Silica Materials,TEPA,Small-Molecule Polyamines,189.3,70.0,16.27906976744186,0,,0,,1380.0,1.725,5.0,,,,0.0,400 ppm,0.04,300 mL/min,300.0,,25.0,TGA,0.17 mmol/g,0.17,,,,,,,,,,,,,,,,,,,,,,,,,,qwen3-max,DAC_prompt_SCaSE
MCM-48_PEI_40%_MCM-48_40%PEI__T25_TGA_dry_400ppm,MCM-48_PEI_40%,10.1016/j.micromeso.2022.111956,008.pdf-id_comprehensive_extraction.json,MCM-48,Porous Silica Materials,PEI,Polymeric Amines,600.0,40.0,9.30232558139535,0,,0,,1650.0,2.0625,5.0,0.8,,,0.0,400 ppm,0.04,300 mL/min,300.0,,25.0,TGA,0.22 mmol/g,0.22,,,,,,,,,,,,,,,,,,,,,,,,,,qwen3-max,DAC_prompt_SCaSE
MCM-48_PEI_50%_MCM-48_50%PEI__T25_TGA_dry_400ppm,MCM-48_PEI_50%,10.1016/j.micromeso.2022.111956,008.pdf-id_comprehensive_extraction.json,MCM-48,Porous Silica Materials,PEI,Polymeric Amines,600.0,50.0,11.627906976744187,0,,0,,1650.0,2.0625,5.0,0.8,,,0.0,400 ppm,0.04,300 mL/min,300.0,,25.0,TGA,0.29 mmol/g,0.29,,,,,,,,,,,,,,,,,,,,,,,,,,qwen3-max,DAC_prompt_SCaSE
MCM-48_PEI_50%_MCM-48_50%PEI__T25_BTC_humid_400ppm_60%RH,MCM-48_PEI_50%,10.1016/j.micromeso.2022.111956,008.pdf-id_comprehensive_extraction.json,MCM-48,Porous Silica Materials,PEI,Polymeric Amines,600.0,50.0,11.627906976744187,0,,0,,1650.0,2.0625,5.0,0.8,,,60.0,400 ppm,0.04,100 mL/min,100.0,,25.0,BTC,0.81 mmol/g,0.81,,,,,,,,,,,He,80.0,30.0,,,,,,,,,,,,,qwen3-max,DAC_prompt_SCaSE
MCM-48_PEI_60%_MCM-48_60%PEI__T25_TGA_dry_400ppm,MCM-48_PEI_60%,10.1016/j.micromeso.2022.111956,008.pdf-id_comprehensive_extraction.json,MCM-48,Porous Silica Materials,PEI,Polymeric Amines,600.0,60.0,13.953488372093023,0,,0,,1650.0,2.0625,5.0,,,,0.0,400 ppm,0.04,300 mL/min,300.0,,25.0,TGA,0.29 mmol/g,0.29,,,,,,,,,,,,,,,,,,,,,,,,,,qwen3-max,DAC_prompt_SCaSE
MCM-48_TETA_40%_MCM-48_40%TETA__T25_TGA_dry_400ppm,MCM-48_TETA_40%,10.1016/j.micromeso.2022.111956,008.pdf-id_comprehensive_extraction.json,MCM-48,Porous Silica Materials,TETA,Small-Molecule Polyamines,146.23,40.0,9.30232558139535,0,,0,,1650.0,2.0625,5.0,1.0,,,0.0,400 ppm,0.04,300 mL/min,300.0,,25.0,TGA,0.95 mmol/g,0.95,,,,,,,,,,,,,,,,,,,,,,,,,,qwen3-max,DAC_prompt_SCaSE
MCM-48_TETA_50%_MCM-48_50%TETA__T25_TGA_dry_400ppm,MCM-48_TETA_50%,10.1016/j.micromeso.2022.111956,008.pdf-id_comprehensive_extraction.json,MCM-48,Porous Silica Materials,TETA,Small-Molecule Polyamines,146.23,50.0,11.627906976744187,0,,0,,1650.0,2.0625,5.0,1.0,,,0.0,400 ppm,0.04,300 mL/min,300.0,,25.0,TGA,0.83 mmol/g,0.83,,,,,,,,,,,,,,,,,,,,,,,,,,qwen3-max,DAC_prompt_SCaSE
MCM-48_TETA_50%_MCM-48_50%TETA__T25_BTC_humid_400ppm_60%RH,MCM-48_TETA_50%,10.1016/j.micromeso.2022.111956,008.pdf-id_comprehensive_extraction.json,MCM-48,Porous Silica Materials,TETA,Small-Molecule Polyamines,146.23,50.0,11.627906976744187,0,,0,,1650.0,2.0625,5.0,1.0,,,60.0,400 ppm,0.04,100 mL/min,100.0,,25.0,BTC,1.24 mmol/g,1.24,,,,,,,,,,,He,80.0,30.0,,,,,,,,,,,,,qwen3-max,DAC_prompt_SCaSE
MCM-48_TETA_60%_MCM-48_60%TETA__T25_TGA_dry_400ppm,MCM-48_TETA_60%,10.1016/j.micromeso.2022.111956,008.pdf-id_comprehensive_extraction.json,MCM-48,Porous Silica Materials,TETA,Small-Molecule Polyamines,146.23,60.0,13.953488372093023,0,,0,,1650.0,2.0625,5.0,,,,0.0,400 ppm,0.04,300 mL/min,300.0,,25.0,TGA,1.25 mmol/g,1.25,,,,,,,,,,,,,,,,,,,,,,,,,,qwen3-max,DAC_prompt_SCaSE
MCM-48_TETA_70%_MCM-48_70%TETA__T25_TGA_dry_400ppm,MCM-48_TETA_70%,10.1016/j.micromeso.2022.111956,008.pdf-id_comprehensive_extraction.json,MCM-48,Porous Silica Materials,TETA,Small-Molecule Polyamines,146.23,70.0,16.27906976744186,0,,0,,1650.0,2.0625,5.0,,,,0.0,400 ppm,0.04,300 mL/min,300.0,,25.0,TGA,0.73 mmol/g,0.73,,,,,,,,,,,,,,,,,,,,,,,,,,qwen3-max,DAC_prompt_SCaSE
MCM-48_TEPA_40%_MCM-48_40%TEPA__T25_TGA_dry_400ppm,MCM-48_TEPA_40%,10.1016/j.micromeso.2022.111956,008.pdf-id_comprehensive_extraction.json,MCM-48,Porous Silica Materials,TEPA,Small-Molecule Polyamines,189.3,40.0,9.30232558139535,0,,0,,1650.0,2.0625,5.0,0.1,,,0.0,400 ppm,0.04,300 mL/min,300.0,,25.0,TGA,0.50 mmol/g,0.5,,,,,,,,,,,,,,,,,,,,,,,,,,qwen3-max,DAC_prompt_SCaSE
MCM-48_TEPA_50%_MCM-48_50%TEPA__T25_TGA_dry_400ppm,MCM-48_TEPA_50%,10.1016/j.micromeso.2022.111956,008.pdf-id_comprehensive_extraction.json,MCM-48,Porous Silica Materials,TEPA,Small-Molecule Polyamines,189.3,50.0,11.627906976744187,0,,0,,1650.0,2.0625,5.0,0.1,,,0.0,400 ppm,0.04,300 mL/min,300.0,,25.0,TGA,0.85 mmol/g,0.85,,,,,,,,,,,,,,,,,,,,,,,,,,qwen3-max,DAC_prompt_SCaSE
MCM-48_TEPA_50%_MCM-48_50%TEPA__T25_BTC_humid_400ppm_60%RH,MCM-48_TEPA_50%,10.1016/j.micromeso.2022.111956,008.pdf-id_comprehensive_extraction.json,MCM-48,Porous Silica Materials,TEPA,Small-Molecule Polyamines,189.3,50.0,11.627906976744187,0,,0,,1650.0,2.0625,5.0,0.1,,,60.0,400 ppm,0.04,100 mL/min,100.0,,25.0,BTC,1.19 mmol/g,1.19,,,,,,,,,,,He,80.0,30.0,,,,,,,,,,,,,qwen3-max,DAC_prompt_SCaSE
MCM-48_TEPA_60%_MCM-48_60%TEPA__T25_TGA_dry_400ppm,MCM-48_TEPA_60%,10.1016/j.micromeso.2022.111956,008.pdf-id_comprehensive_extraction.json,MCM-48,Porous Silica Materials,TEPA,Small-Molecule Polyamines,189.3,60.0,13.953488372093023,0,,0,,1650.0,2.0625,5.0,,,,0.0,400 ppm,0.04,300 mL/min,300.0,,25.0,TGA,1.12 mmol/g,1.12,,,,,,,,,,,,,,,,,,,,,,,,,,qwen3-max,DAC_prompt_SCaSE
MCM-48_TEPA_70%_MCM-48_70%TEPA__T25_TGA_dry_400ppm,MCM-48_TEPA_70%,10.1016/j.micromeso.2022.111956,008.pdf-id_comprehensive_extraction.json,MCM-48,Porous Silica Materials,TEPA,Small-Molecule Polyamines,189.3,70.0,16.27906976744186,0,,0,,1650.0,2.0625,5.0,,,,0.0,400 ppm,0.04,300 mL/min,300.0,,25.0,TGA,0.41 mmol/g,0.41,,,,,,,,,,,,,,,,,,,,,,,,,,qwen3-max,DAC_prompt_SCaSE
CARIACTG10HPV_PEI_45.1%_CARIACTG10HPV_45.1%PEI__T25_TGA_400ppmCO2_Ar,CARIACTG10HPV_PEI_45.1%,10.1002/cssc.201000355,009.pdf-id_comprehensive_extraction.json,CARIACTG10HPV,Porous Silica Materials,PEI,Polymeric Amines,800.0,45.1,10.488372093023257,0,,0,,300.0,1.3,17.0,,,,0.0,400 ppm,0.04,100 mL/min,100.0,,25.0,TGA,2.36 mmol/g,2.36,0.22 mmol/mmol,0.22,,1230.7692307692305,1476.923076923077,TG Curve/ CO2 adsorption profile,Weight (mg),"[[0, 66.0], [500, 66.5], [1000, 67.2], [1500, 75.0], [2000, 75.5], [2500, 66.8], [3000, 67.0], [3500, 67.5], [4000, 75.2], [4500, 75.4], [5000, 66.9], [5500, 67.1], [6000, 67.6], [6500, 75.3], [7000, 75.6], [7500, 67.2], [8000, 67.5]]","Time (min), Weight (mg)","['-', '-']",Ar,110.0,3.0,,,Cyclic CO2 profile,Adsorption capacity (mmol/g),"[[1, 2.36], [2, 2.08], [3, 1.85], [4, 1.65]]",mmol/g,4.0,Weight/mass profile,Weight (mg),"[[0, 66.0], [500, 66.5], [1000, 67.2], [1500, 75.0], [2000, 75.5], [2500, 66.8], [3000, 67.0], [3500, 67.5], [4000, 75.2], [4500, 75.4], [5000, 66.9], [5500, 67.1], [6000, 67.6], [6500, 75.3], [7000, 75.6], [7500, 67.2], [8000, 67.5]]","Time (min), Weight (mg)",8000.0,qwen3-max,DAC_prompt_SCaSE
CARIACTG10HPV_PEI_46.0%_CARIACTG10HPV_46.0%PEI_APTES_T25_TGA_400ppmCO2_Ar,CARIACTG10HPV_PEI_46.0%,10.1002/cssc.201000355,009.pdf-id_comprehensive_extraction.json,CARIACTG10HPV,Porous Silica Materials,PEI,Polymeric Amines,800.0,46.0,10.697674418604652,APTES,Amine-Functional Silane Coupling Agents,0,,300.0,1.3,17.0,,,,0.0,400 ppm,0.04,100 mL/min,100.0,,25.0,TGA,2.26 mmol/g,2.26,0.21 mmol/mmol,0.21,,272.72727272727275,490.9090909090909,TG Curve/ CO2 adsorption profile,Weight (mg),"[[0, 46.0], [500, 51.5], [1000, 52.0], [1500, 52.0], [2000, 46.5], [2500, 51.0], [3000, 51.5], [3500, 51.5], [4000, 46.5], [4500, 51.0], [5000, 51.5], [5500, 51.5], [6000, 46.5], [6500, 51.0], [7000, 51.5], [7500, 51.5], [8000, 46.0]]","Time (min), Weight (mg)","['-', '-']",Ar,110.0,3.0,,,Cyclic CO2 profile,Adsorption capacity (mmol/g),"[[1, 2.26], [2, 2.16], [3, 2.09], [4, 2.05]]",mmol/g,4.0,Weight/mass profile,Weight (mg),"[[0, 46.0], [500, 51.5], [1000, 52.0], [1500, 52.0], [2000, 46.5], [2500, 51.0], [3000, 51.5], [3500, 51.5], [4000, 46.5], [4500, 51.0], [5000, 51.5], [5500, 51.5], [6000, 46.5], [6500, 51.0], [7000, 51.5], [7500, 51.5], [8000, 46.0]]","Time (min), Weight (mg)",8000.0,qwen3-max,DAC_prompt_SCaSE
CARIACTG10HPV_PEI_45.0%_CARIACTG10HPV_45.0%PEI_TEOT_T25_TGA_400ppmCO2_Ar,CARIACTG10HPV_PEI_45.0%,10.1002/cssc.201000355,009.pdf-id_comprehensive_extraction.json,CARIACTG10HPV,Porous Silica Materials,PEI,Polymeric Amines,800.0,45.0,10.465116279069768,TEOT,Additive,0,,300.0,1.3,17.0,,,,0.0,400 ppm,0.04,100 mL/min,100.0,,25.0,TGA,2.19 mmol/g,2.19,0.21 mmol/mmol,0.21,,142.8571428571429,428.5714285714287,TG Curve/ CO2 adsorption profile,Weight (mg),"[[0, 52.0], [500, 55.5], [1000, 55.5], [1500, 52.0], [2000, 52.0], [2500, 55.5], [3000, 55.5], [3500, 52.0], [4000, 52.0], [4500, 55.5], [5000, 55.5], [5500, 52.0], [6000, 52.0], [6500, 55.5], [7000, 55.5], [7500, 50.5]]","Time (min), Weight (mg)","['-', '-']",Ar,110.0,3.0,,,Cyclic CO2 profile,Adsorption capacity (mmol/g),"[[1, 2.19], [2, 2.17], [3, 2.16], [4, 2.16]]",mmol/g,4.0,Weight/mass profile,Weight (mg),"[[0, 52.0], [500, 55.5], [1000, 55.5], [1500, 52.0], [2000, 52.0], [2500, 55.5], [3000, 55.5], [3500, 52.0], [4000, 52.0], [4500, 55.5], [5000, 55.5], [5500, 52.0], [6000, 52.0], [6500, 55.5], [7000, 55.5], [7500, 50.5]]","Time (min), Weight (mg)",7500.0,qwen3-max,DAC_prompt_SCaSE
H-SiO2_PEI_262%_H-SiO2_262%PEI__T30_BTC_400ppm_dry,H-SiO2_PEI_262%,10.1021/acs.chemmater.9b01474,011.pdf-id_comprehensive_extraction.json,H-SiO2,Porous Silica Materials,PEI,Polymeric Amines,800.0,72.4,16.837209302325583,0,,0,,415.0,0.46,5.0,,,,0.0,400 ppm,0.04,100 mL/min,100.0,,30.0,BTC,2.34 mmol/g,2.34,,,,,,,,,,,,,,,,,,,,,,,,,,qwen3-max,DAC_prompt_SCaSE
H-SiO2_PEI_262%_H-SiO2_262%PEI__T30_BTC_400ppm_humid19%,H-SiO2_PEI_262%,10.1021/acs.chemmater.9b01474,011.pdf-id_comprehensive_extraction.json,H-SiO2,Porous Silica Materials,PEI,Polymeric Amines,800.0,72.4,16.837209302325583,0,,0,,415.0,0.46,5.0,,,,19.0,400 ppm,0.04,100 mL/min,100.0,,30.0,BTC,3.36 mmol/g,3.36,0.22 mmol/mmol,0.22,,5.5,6.5,Fixed-Bed Breakthrough Testing,C/C₀,"[[0.0, 0.0], [1.0, 0.0], [2.0, 0.0], [3.0, 0.0], [4.0, 0.15], [5.0, 0.55], [6.0, 0.8], [7.0, 0.88], [8.0, 0.92], [10.0, 0.95], [12.0, 0.96]]","h, dimensionless","['5.5 h', '6.5 h']",,,,,,Cyclic CO2 profile,Capacity (mmol CO₂ / g sorbent),"[[1, 3.4], [2, 3.2], [3, 3.1], [4, 3.0], [5, 2.9]]",,5.0,,,,,,qwen3-max,DAC_prompt_SCaSE
H-SiO2_PEI_262%_H-SiO2_262%PEI__T30_TGA_400ppm_dry,H-SiO2_PEI_262%,10.1021/acs.chemmater.9b01474,011.pdf-id_comprehensive_extraction.json,H-SiO2,Porous Silica Materials,PEI,Polymeric Amines,800.0,72.4,16.837209302325583,0,,0,,415.0,0.46,5.0,,,,0.0,400 ppm,0.04,,,,30.0,TGA,2.36 mmol/g,2.36,0.15 mmol/mmol,0.15,,,,,,,,,,,,,,,,,,,,,,,,qwen3-max,DAC_prompt_SCaSE
H-SiO2_PEI_262%_H-SiO2_262%PEI__T50_TGA_400ppm_dry,H-SiO2_PEI_262%,10.1021/acs.chemmater.9b01474,011.pdf-id_comprehensive_extraction.json,H-SiO2,Porous Silica Materials,PEI,Polymeric Amines,800.0,72.4,16.837209302325583,0,,0,,415.0,0.46,5.0,,,,0.0,400 ppm,0.04,,,,50.0,TGA,2.6 mmol/g,2.6,,,,,,,,,,,,,,,,,,,,,,,,,,qwen3-max,DAC_prompt_SCaSE
H-SiO2_PEI_262%_H-SiO2_262%PEI__T80_TGA_10%_dry,H-SiO2_PEI_262%,10.1021/acs.chemmater.9b01474,011.pdf-id_comprehensive_extraction.json,H-SiO2,Porous Silica Materials,PEI,Polymeric Amines,800.0,72.4,16.837209302325583,0,,0,,415.0,0.46,5.0,,,,0.0,10%,10.0,,,,80.0,TGA,4.1 mmol/g,4.1,,,,,,,,,,,,,,,,,,,,,,,,,,qwen3-max,DAC_prompt_SCaSE
H-SiO2_PEI_160%_H-SiO2_160%PEI__T30_TGA_400ppm_dry,H-SiO2_PEI_160%,10.1021/acs.chemmater.9b01474,011.pdf-id_comprehensive_extraction.json,H-SiO2,Porous Silica Materials,PEI,Polymeric Amines,800.0,61.5,14.30232558139535,0,,0,,415.0,0.46,5.0,,,,0.0,400 ppm,0.04,,,,30.0,TGA,1.65 mmol/g,1.65,0.14 mmol/mmol,0.14,,95.0,180.0,TG Curve/ CO2 adsorption profile,Normalized capacity,"[[-100, 0.0], [0, 0.0], [50, 0.65], [100, 0.85], [150, 0.92], [200, 0.95], [300, 0.97], [400, 0.98], [600, 0.99], [700, 1.0]]","min, dimensionless","['95 min', '180 min']",,,,,,,,,,,,,,,,qwen3-max,DAC_prompt_SCaSE
H-SiO2_PEI_160%_H-SiO2_160%PEI__T30_TGA_10%_dry,H-SiO2_PEI_160%,10.1021/acs.chemmater.9b01474,011.pdf-id_comprehensive_extraction.json,H-SiO2,Porous Silica Materials,PEI,Polymeric Amines,800.0,61.5,14.30232558139535,0,,0,,415.0,0.46,5.0,,,,0.0,10%,10.0,,,,30.0,TGA,3.0 mmol/g,3.0,0.14 mmol/mmol,0.14,,80.0,150.0,TG Curve/ CO2 adsorption profile,Normalized capacity,"[[-100, 0.0], [0, 0.0], [50, 0.75], [100, 0.9], [150, 0.95], [200, 0.97], [300, 0.98], [400, 0.99], [600, 1.0], [700, 1.0]]","min, dimensionless","['80 min', '150 min']",,,,,,,,,,,,,,,,qwen3-max,DAC_prompt_SCaSE
H-SiO2_bare_H-SiO2_bare_T30_TGA_400ppm_dry,H-SiO2_bare,10.1021/acs.chemmater.9b01474,011.pdf-id_comprehensive_extraction.json,H-SiO2,Porous Silica Materials,0,,,0.0,,0,,0,,415.0,0.46,5.0,415.0,0.46,5.0,0.0,400 ppm,0.04,,,,30.0,TGA,0 mmol/g,0.0,,,,,,,,,,,,,,,,,,,,,,,,,,qwen3-max,DAC_prompt_SCaSE
SBA-15_bare_SBA-15_bare_400ppm_CO2_humid_TGA_dry,SBA-15_bare,10.1021/la1043619,012.pdf-id_comprehensive_extraction.json,SBA-15,Porous Silica Materials,0,,,,,0,,0,,840.0,0.78,6.2,840.0,0.78,6.2,0.0,400 ppm,0.04,100 mL/min,100.0,,25.0,TGA,,,,,,,,,,,,,Ar,110.0,3.0,,,,,,,,,,,,,qwen3-max,DAC_prompt_SCaSE
SBA-15_HAS1_9.9%_SBA-15_9.9%HAS1__T25_BTC_humid_400ppm,SBA-15_HAS1_9.9%,10.1021/la1043619,012.pdf-id_comprehensive_extraction.json,SBA-15,Porous Silica Materials,BPEI,Polymeric Amines,600.0,9.9,2.302325581395349,0,,0,,840.0,0.78,6.2,579.0,0.69,6.3,0.0,400 ppm,0.04,20 mL/min,20.0,,25.0,BTC,0.16 mmol/g,0.16,,,,95.0,,Fixed-Bed Breakthrough Testing,Adsorption capacity (mmol/g),"[[95, 0.12]]","min, mmol/g","[95, '-']",,,,,,,,,,,,,,,,qwen3-max,DAC_prompt_SCaSE
SBA-15_HAS1_9.9%_SBA-15_9.9%HAS1__T25_BTC_humid_10%,SBA-15_HAS1_9.9%,10.1021/la1043619,012.pdf-id_comprehensive_extraction.json,SBA-15,Porous Silica Materials,BPEI,Polymeric Amines,600.0,9.9,2.302325581395349,0,,0,,840.0,0.78,6.2,579.0,0.69,6.3,0.0,10 vol%,10.0,20 mL/min,20.0,,25.0,BTC,1.34 mmol/g,1.34,,,,,,,,,,,,,,,,,,,,,,,,,,qwen3-max,DAC_prompt_SCaSE
SBA-15_HAS2_12.3%_SBA-15_12.3%HAS2__T25_BTC_humid_400ppm,SBA-15_HAS2_12.3%,10.1021/la1043619,012.pdf-id_comprehensive_extraction.json,SBA-15,Porous Silica Materials,BPEI,Polymeric Amines,600.0,12.3,2.86046511627907,0,,0,,840.0,0.78,6.2,314.0,0.51,6.4,0.0,400 ppm,0.04,20 mL/min,20.0,,25.0,BTC,0.25 mmol/g,0.25,,,,105.0,,Fixed-Bed Breakthrough Testing,Adsorption capacity (mmol/g),"[[105, 0.25]]","min, mmol/g","[105, '-']",,,,,,,,,,,,,,,,qwen3-max,DAC_prompt_SCaSE
SBA-15_HAS2_12.3%_SBA-15_12.3%HAS2__T25_BTC_humid_10%,SBA-15_HAS2_12.3%,10.1021/la1043619,012.pdf-id_comprehensive_extraction.json,SBA-15,Porous Silica Materials,BPEI,Polymeric Amines,600.0,12.3,2.86046511627907,0,,0,,840.0,0.78,6.2,314.0,0.51,6.4,0.0,10 vol%,10.0,20 mL/min,20.0,,25.0,BTC,1.4 mmol/g,1.4,,,,,,,,,,,,,,,,,,,,,,,,,,qwen3-max,DAC_prompt_SCaSE
SBA-15_HAS3_15.9%_SBA-15_15.9%HAS3__T25_BTC_humid_400ppm,SBA-15_HAS3_15.9%,10.1021/la1043619,012.pdf-id_comprehensive_extraction.json,SBA-15,Porous Silica Materials,BPEI,Polymeric Amines,600.0,15.9,3.6976744186046515,0,,0,,840.0,0.78,6.2,278.0,0.49,5.9,0.0,400 ppm,0.04,20 mL/min,20.0,,25.0,BTC,0.45 mmol/g,0.45,,,,125.0,,Fixed-Bed Breakthrough Testing,Adsorption capacity (mmol/g),"[[125, 0.45]]","min, mmol/g","[125, '-']",,,,,,,,,,,,,,,,qwen3-max,DAC_prompt_SCaSE
SBA-15_HAS3_15.9%_SBA-15_15.9%HAS3__T25_BTC_humid_10%,SBA-15_HAS3_15.9%,10.1021/la1043619,012.pdf-id_comprehensive_extraction.json,SBA-15,Porous Silica Materials,BPEI,Polymeric Amines,600.0,15.9,3.6976744186046515,0,,0,,840.0,0.78,6.2,278.0,0.49,5.9,0.0,10 vol%,10.0,20 mL/min,20.0,,25.0,BTC,1.6 mmol/g,1.6,,,,,,,,,,,,,,,,,,,,,,,,,,qwen3-max,DAC_prompt_SCaSE
SBA-15_HAS4_22.9%_SBA-15_22.9%HAS4__T25_BTC_humid_400ppm,SBA-15_HAS4_22.9%,10.1021/la1043619,012.pdf-id_comprehensive_extraction.json,SBA-15,Porous Silica Materials,BPEI,Polymeric Amines,600.0,22.9,5.325581395348837,0,,0,,840.0,0.78,6.2,234.0,0.39,5.4,0.0,400 ppm,0.04,20 mL/min,20.0,,25.0,BTC,0.72 mmol/g,0.72,,,,150.0,,Fixed-Bed Breakthrough Testing,Adsorption capacity (mmol/g),"[[150, 0.72]]","min, mmol/g","[150, '-']",,,,,,,,,,,,,,,,qwen3-max,DAC_prompt_SCaSE
SBA-15_HAS4_22.9%_SBA-15_22.9%HAS4__T25_BTC_humid_10%,SBA-15_HAS4_22.9%,10.1021/la1043619,012.pdf-id_comprehensive_extraction.json,SBA-15,Porous Silica Materials,BPEI,Polymeric Amines,600.0,22.9,5.325581395348837,0,,0,,840.0,0.78,6.2,234.0,0.39,5.4,0.0,10 vol%,10.0,20 mL/min,20.0,,25.0,BTC,2.4 mmol/g,2.4,,,,,,,,,,,,,,,,,,,,,,,,,,qwen3-max,DAC_prompt_SCaSE
SBA-15_HAS4_22.9%_SBA-15_22.9%HAS4__T25_TGA_dry_400ppm_cycle,SBA-15_HAS4_22.9%,10.1021/la1043619,012.pdf-id_comprehensive_extraction.json,SBA-15,Porous Silica Materials,BPEI,Polymeric Amines,600.0,22.9,5.325581395348837,0,,0,,840.0,0.78,6.2,234.0,0.39,5.4,0.0,400 ppm,0.04,100 mL/min,100.0,,25.0,TGA,0.34 mmol/g,0.34,,,,,,,,,,,Ar,110.0,3.0,,,Cyclic CO2 profile,Adsorption capacity (mmol/g),"[[1, 0.34], [2, 0.33], [3, 0.33], [4, 0.32]]",mmol/g,4.0,,,,,,qwen3-max,DAC_prompt_SCaSE
SBA-15_HAS5_36.1%_SBA-15_36.1%HAS5__T25_BTC_humid_400ppm,SBA-15_HAS5_36.1%,10.1021/la1043619,012.pdf-id_comprehensive_extraction.json,SBA-15,Porous Silica Materials,BPEI,Polymeric Amines,600.0,36.1,8.395348837209303,0,,0,,840.0,0.78,6.2,71.0,0.15,5.0,0.0,400 ppm,0.04,20 mL/min,20.0,,25.0,BTC,1.4 mmol/g,1.4,,,,,,,,,,,,,,,,,,,,,,,,,,qwen3-max,DAC_prompt_SCaSE
SBA-15_HAS5_36.1%_SBA-15_36.1%HAS5__T25_BTC_humid_10%,SBA-15_HAS5_36.1%,10.1021/la1043619,012.pdf-id_comprehensive_extraction.json,SBA-15,Porous Silica Materials,BPEI,Polymeric Amines,600.0,36.1,8.395348837209303,0,,0,,840.0,0.78,6.2,71.0,0.15,5.0,0.0,10 vol%,10.0,20 mL/min,20.0,,25.0,BTC,3.2 mmol/g,3.2,,,,,,,,,,,,,,,,,,,,,,,,,,qwen3-max,DAC_prompt_SCaSE
SBA-15_HAS6_42.5%_SBA-15_42.5%HAS6__T25_BTC_humid_400ppm,SBA-15_HAS6_42.5%,10.1021/la1043619,012.pdf-id_comprehensive_extraction.json,SBA-15,Porous Silica Materials,BPEI,Polymeric Amines,600.0,42.5,9.883720930232558,0,,0,,840.0,0.78,6.2,45.0,0.11,4.9,0.0,400 ppm,0.04,20 mL/min,20.0,,25.0,BTC,1.72 mmol/g,1.72,,,,167.0,,Fixed-Bed Breakthrough Testing,Adsorption capacity (mmol/g),"[[167, 1.72]]","min, mmol/g","[167, '-']",,,,,,,,,,,,,,,,qwen3-max,DAC_prompt_SCaSE
SBA-15_HAS6_42.5%_SBA-15_42.5%HAS6__T25_BTC_humid_10%,SBA-15_HAS6_42.5%,10.1021/la1043619,012.pdf-id_comprehensive_extraction.json,SBA-15,Porous Silica Materials,BPEI,Polymeric Amines,600.0,42.5,9.883720930232558,0,,0,,840.0,0.78,6.2,45.0,0.11,4.9,0.0,10 vol%,10.0,20 mL/min,20.0,,25.0,BTC,3.77 mmol/g,3.77,,,,,,,,,,,,,,,,,,,,,,,,,,qwen3-max,DAC_prompt_SCaSE
SBA-15_APAEPTMS_?%_SBA-15_APAEPTMS__T25_TGA_dry_400ppm_cycle,SBA-15_APAEPTMS_?%,10.1021/la1043619,012.pdf-id_comprehensive_extraction.json,SBA-15,Porous Silica Materials,APTES,Amine-Functional Silane Coupling Agents,,,,0,,0,,840.0,0.78,6.2,,,,0.0,400 ppm,0.04,100 mL/min,100.0,,25.0,TGA,0.28 mmol/g,0.28,,,,,,,,,,,Ar,110.0,3.0,,,Cyclic CO2 profile,Adsorption capacity (mmol/g),"[[1, 0.28], [2, 0.29], [3, 0.28], [4, 0.28]]",mmol/g,4.0,,,,,,qwen3-max,DAC_prompt_SCaSE
MPS_PEI_423_50%_MPS_50%PEI_T25C_TGA_dry,MPS_PEI_423_50%,10.1021/acs.iecr.5b00374,013.pdf-id_comprehensive_extraction.json,MPS,Porous Silica Materials,PEI,Polymeric Amines,423.0,50.0,11.627906976744187,0,,0,,482.0,2.51,56.0,,,,0.0,100 vol%,100.0,400 mL/min,400.0,[],25.0,TGA,4.6 mmol/g,4.6,,,,4.5,23.5,TG Curve/ CO2 adsorption profile,Mₜ/Mₑ,"[[0, 0.0], [5, 0.55], [10, 0.7], [15, 0.8], [20, 0.87], [30, 0.93], [40, 0.96], [50, 0.98], [60, 0.99]]","min, dimensionless","['-', '-']",N2,110.0,2.0,,,,,,,,,,,,,qwen3-max,DAC_prompt_SCaSE
MPS_PEI_423_50%_MPS_50%PEI_T45C_TGA_dry,MPS_PEI_423_50%,10.1021/acs.iecr.5b00374,013.pdf-id_comprehensive_extraction.json,MPS,Porous Silica Materials,PEI,Polymeric Amines,423.0,50.0,11.627906976744187,0,,0,,482.0,2.51,56.0,,,,0.0,100 vol%,100.0,400 mL/min,400.0,[],45.0,TGA,4.5 mmol/g,4.5,,,,3.838461538461538,16.82,TG Curve/ CO2 adsorption profile,Mₜ/Mₑ,"[[0, 0.0], [5, 0.65], [10, 0.8], [15, 0.88], [20, 0.93], [30, 0.97], [40, 0.985], [50, 0.995], [60, 0.998]]","min, dimensionless","['-', '-']",N2,110.0,2.0,,,,,,,,,,,,,qwen3-max,DAC_prompt_SCaSE
MPS_PEI_423_50%_MPS_50%PEI_T50C_TGA_dry,MPS_PEI_423_50%,10.1021/acs.iecr.5b00374,013.pdf-id_comprehensive_extraction.json,MPS,Porous Silica Materials,PEI,Polymeric Amines,423.0,50.0,11.627906976744187,0,,0,,482.0,2.51,56.0,,,,0.0,100 vol%,100.0,400 mL/min,400.0,[],50.0,TGA,4.6 mmol/g,4.6,,,,3.658536585365853,11.333333333333332,TG Curve/ CO2 adsorption profile,Mₜ/Mₑ,"[[0, 0.0], [6, 0.82], [12, 0.91], [18, 0.95], [24, 0.97], [30, 0.98], [36, 0.99], [42, 0.995], [48, 0.998], [54, 1.0]]","min, dimensionless","['-', '-']",N2,110.0,2.0,,,,,,,,,,,,,qwen3-max,DAC_prompt_SCaSE
MPS_PEI_423_50%_MPS_50%PEI_T60C_TGA_dry,MPS_PEI_423_50%,10.1021/acs.iecr.5b00374,013.pdf-id_comprehensive_extraction.json,MPS,Porous Silica Materials,PEI,Polymeric Amines,423.0,50.0,11.627906976744187,0,,0,,482.0,2.51,56.0,,,,0.0,100 vol%,100.0,400 mL/min,400.0,[],60.0,TGA,4.6 mmol/g,4.6,,,,3.5294117647058822,9.75,TG Curve/ CO2 adsorption profile,Mₜ/Mₑ,"[[0, 0.0], [6, 0.85], [12, 0.93], [18, 0.96], [24, 0.98], [30, 0.99], [36, 0.995], [42, 0.998], [48, 1.0], [54, 1.0]]","min, dimensionless","['-', '-']",N2,110.0,2.0,,,,,,,,,,,,,qwen3-max,DAC_prompt_SCaSE
MPS_PEI_423_50%_MPS_50%PEI_T65C_TGA_dry,MPS_PEI_423_50%,10.1021/acs.iecr.5b00374,013.pdf-id_comprehensive_extraction.json,MPS,Porous Silica Materials,PEI,Polymeric Amines,423.0,50.0,11.627906976744187,0,,0,,482.0,2.51,56.0,,,,0.0,100 vol%,100.0,400 mL/min,400.0,[],65.0,TGA,3.5 mmol/g,3.5,,,,3.4722222222222223,12.857142857142858,TG Curve/ CO2 adsorption profile,Mₜ/Mₑ,"[[0, 0.0], [5, 0.72], [10, 0.86], [15, 0.93], [20, 0.97], [30, 0.99], [40, 0.995], [50, 1.0], [60, 1.0]]","min, dimensionless","['-', '-']",N2,110.0,2.0,,,Cyclic CO2 profile,mmol CO₂/g sorbent,"[[0, 3.5], [100, 3.5], [180, 3.1]]",mmol/g,180.0,,,,,,qwen3-max,DAC_prompt_SCaSE
MPS_PEI_423_50%_MPS_50%PEI_T70C_TGA_dry,MPS_PEI_423_50%,10.1021/acs.iecr.5b00374,013.pdf-id_comprehensive_extraction.json,MPS,Porous Silica Materials,PEI,Polymeric Amines,423.0,50.0,11.627906976744187,0,,0,,482.0,2.51,56.0,,,,0.0,100 vol%,100.0,400 mL/min,400.0,[],70.0,TGA,4.6 mmol/g,4.6,,,,3.409090909090909,8.000000000000004,TG Curve/ CO2 adsorption profile,Mₜ/Mₑ,"[[0, 0.0], [6, 0.88], [12, 0.94], [18, 0.97], [24, 0.985], [30, 0.992], [36, 0.996], [42, 0.998], [48, 1.0], [54, 1.0]]","min, dimensionless","['-', '-']",N2,110.0,2.0,,,,,,,,,,,,,qwen3-max,DAC_prompt_SCaSE
MPS_PEI_423_50%_MPS_50%PEI_T75C_TGA_dry,MPS_PEI_423_50%,10.1021/acs.iecr.5b00374,013.pdf-id_comprehensive_extraction.json,MPS,Porous Silica Materials,PEI,Polymeric Amines,423.0,50.0,11.627906976744187,0,,0,,482.0,2.51,56.0,,,,0.0,100 vol%,100.0,400 mL/min,400.0,[],75.0,TGA,4.75 mmol/g,4.75,,,,3.205128205128205,9.285714285714285,TG Curve/ CO2 adsorption profile; Fixed-Bed Breakthrough Testing,Mₜ/Mₑ; mmol CO₂/g sorbent,"[[0, 0.0], [5, 0.78], [10, 0.92], [15, 0.97], [20, 0.99], [30, 1.0], [40, 1.0], [50, 1.0], [60, 1.0]]; [[0, 0.0], [10, 3.2], [20, 3.8], [30, 4.1], [40, 4.3], [50, 4.4], [60, 4.5], [80, 4.6], [100, 4.7], [120, 4.75]]","min, dimensionless; min, mmol/g","['-', '-']; ['-', '-']",N2,110.0,2.0,,,Cyclic CO2 profile,mmol CO₂/g sorbent,"[[0, 2.8], [20, 2.5], [40, 2.8], [60, 2.8], [80, 2.7], [100, 0.3], [140, 0.0], [180, 2.4]]",mmol/g,180.0,,,,,,qwen3-max,DAC_prompt_SCaSE
MPS_PEI_10K_50%_MPS_50%PEI_T75C_TGA_dry,MPS_PEI_10K_50%,10.1021/acs.iecr.5b00374,013.pdf-id_comprehensive_extraction.json,MPS,Porous Silica Materials,PEI,Polymeric Amines,10000.0,50.0,11.627906976744187,0,,0,,482.0,2.51,56.0,,,,0.0,100 vol%,100.0,400 mL/min,400.0,[],75.0,TGA,4.3 mmol/g,4.3,,,,7.678571428571429,38.49999999999999,Fixed-Bed Breakthrough Testing,mmol CO₂/g sorbent,"[[0, 0.0], [10, 2.8], [20, 3.4], [30, 3.7], [40, 3.9], [50, 4.0], [60, 4.1], [80, 4.2], [100, 4.25], [120, 4.3]]","min, mmol/g","['-', '-']",N2,110.0,2.0,,,Cyclic CO2 profile,mmol CO₂/g sorbent,"[[0, 0.0], [20, 0.8], [40, 2.1], [60, 3.2], [80, 3.8], [100, 3.9], [120, 3.0], [140, 1.5], [160, 0.5], [180, 0.0]]",mmol/g,180.0,,,,,,qwen3-max,DAC_prompt_SCaSE
MPS_PEI_10K_50%_MPS_50%PEI_T85C_TGA_dry,MPS_PEI_10K_50%,10.1021/acs.iecr.5b00374,013.pdf-id_comprehensive_extraction.json,MPS,Porous Silica Materials,PEI,Polymeric Amines,10000.0,50.0,11.627906976744187,0,,0,,482.0,2.51,56.0,,,,0.0,100 vol%,100.0,400 mL/min,400.0,[],85.0,TGA,4.3 mmol/g,4.3,,,,,,,,,,,N2,110.0,2.0,,,,,,,,,,,,,qwen3-max,DAC_prompt_SCaSE
MPS_bare_MPS_bare_characterization,MPS_bare,10.1021/acs.iecr.5b00374,013.pdf-id_comprehensive_extraction.json,MPS,Porous Silica Materials,0,,,,,0,,0,,482.0,2.51,56.0,482.0,2.51,56.0,0.0,,,,,[],,,,,,,,,,,,,,,,,,,,,,,,,,,,,,qwen3-max,DAC_prompt_SCaSE
MCF1-H_D_7.30%_MCF1-H_7.30%DAEAPTS__T25_TGA_0.15bar,MCF1-H_D_7.30%,10.1016/j.micromeso.2022.112370,014.pdf-id_comprehensive_extraction.json,MCF,Porous Silica Materials,DAEAPTS,Amine-Functional Silane Coupling Agents,,7.3,1.6976744186046513,0,,0,,2.48,2.48,37.6,0.29,0.29,36.7,0.0,0.15 bar,15.0,400 mL/min,400.0,,25.0,TGA,1.38 mmol/g,1.38,0.19 mmol/mmol,0.19,,1.8941176470588237,14.950000000000008,TG Curve/ CO2 adsorption profile,CO₂ uptake (mmol-CO₂/g-sorbent),"[[0, 0.0], [2, 0.85], [5, 1.15], [10, 1.35], [15, 1.45], [20, 1.5], [30, 1.55], [40, 1.58], [50, 1.6], [60, 1.61]]","min, mmol/g","['-', '-']",N2,110.0,10.0,,,,,,,,,,,,,qwen3-max,DAC_prompt_SCaSE
MCF1-H_D_7.30%_MCF1-H_7.30%DAEAPTS__T50_TGA_0.15bar,MCF1-H_D_7.30%,10.1016/j.micromeso.2022.112370,014.pdf-id_comprehensive_extraction.json,MCF,Porous Silica Materials,DAEAPTS,Amine-Functional Silane Coupling Agents,,7.3,1.6976744186046513,0,,0,,2.48,2.48,37.6,0.29,0.29,36.7,0.0,0.15 bar,15.0,400 mL/min,400.0,,50.0,TGA,1.50 mmol/g,1.5,,,,1.6666666666666667,15.0,TG Curve/ CO2 adsorption profile,CO₂ uptake (mmol-CO₂/g-sorbent),"[[0, 0.0], [2, 0.9], [5, 1.1], [10, 1.25], [15, 1.35], [20, 1.4], [30, 1.45], [40, 1.47], [50, 1.48], [60, 1.5]]","min, mmol/g","['-', '-']",N2,110.0,10.0,,,,,,,,,,,,,qwen3-max,DAC_prompt_SCaSE
MCF1-H_D_7.30%_MCF1-H_7.30%DAEAPTS__T75_TGA_0.15bar,MCF1-H_D_7.30%,10.1016/j.micromeso.2022.112370,014.pdf-id_comprehensive_extraction.json,MCF,Porous Silica Materials,DAEAPTS,Amine-Functional Silane Coupling Agents,,7.3,1.6976744186046513,0,,0,,2.48,2.48,37.6,0.29,0.29,36.7,0.0,0.15 bar,15.0,400 mL/min,400.0,,75.0,TGA,1.30 mmol/g,1.3,,,,1.625,12.000000000000018,TG Curve/ CO2 adsorption profile,CO₂ uptake (mmol-CO₂/g-sorbent),"[[0, 0.0], [2, 0.8], [5, 1.0], [10, 1.15], [15, 1.2], [20, 1.25], [30, 1.28], [40, 1.29], [50, 1.3], [60, 1.3]]","min, mmol/g","['-', '-']",N2,110.0,10.0,,,,,,,,,,,,,qwen3-max,DAC_prompt_SCaSE
MCF1-E_D_7.35%_MCF1-E_7.35%DAEAPTS__T25_TGA_0.15bar,MCF1-E_D_7.35%,10.1016/j.micromeso.2022.112370,014.pdf-id_comprehensive_extraction.json,MCF,Porous Silica Materials,DAEAPTS,Amine-Functional Silane Coupling Agents,,7.35,1.7093023255813953,0,,0,,2.9,2.9,43.4,0.41,0.41,41.7,0.0,0.15 bar,15.0,400 mL/min,400.0,,25.0,TGA,1.70 mmol/g,1.7,0.23 mmol/mmol,0.23,,1.9142857142857144,15.600000000000014,TG Curve/ CO2 adsorption profile,CO₂ uptake (mmol-CO₂/g-sorbent),"[[0, 0.0], [2, 0.7], [5, 0.95], [10, 1.1], [15, 1.2], [20, 1.25], [30, 1.3], [40, 1.32], [50, 1.33], [60, 1.34]]","min, mmol/g","['-', '-']",N2,110.0,10.0,,,,,,,,,,,,,qwen3-max,DAC_prompt_SCaSE
MCF1-E_D_7.35%_MCF1-E_7.35%DAEAPTS__T50_TGA_0.15bar,MCF1-E_D_7.35%,10.1016/j.micromeso.2022.112370,014.pdf-id_comprehensive_extraction.json,MCF,Porous Silica Materials,DAEAPTS,Amine-Functional Silane Coupling Agents,,7.35,1.7093023255813953,0,,0,,2.9,2.9,43.4,0.41,0.41,41.7,0.0,0.15 bar,15.0,400 mL/min,400.0,,50.0,TGA,2.09 mmol/g,2.09,,,,1.2121212121212122,4.25,TG Curve/ CO2 adsorption profile,CO₂ uptake (mmol-CO₂/g-sorbent),"[[0, 0.0], [2, 1.65], [5, 1.85], [10, 1.92], [15, 1.95], [20, 1.97], [30, 1.98], [40, 1.99], [50, 2.0], [60, 2.0]]","min, mmol/g","['-', '-']",N2,110.0,10.0,,,Cyclic CO2 profile,CO₂ uptake (mmol-CO₂/g-sorbent),"[[1, 2.0], [5, 2.0], [10, 2.0], [15, 2.0], [20, 2.0], [25, 2.0], [30, 2.0], [35, 2.0], [40, 2.0], [45, 2.0], [50, 2.0]]",mmol/g,50.0,,,,,,qwen3-max,DAC_prompt_SCaSE
MCF1-E_D_7.35%_MCF1-E_7.35%DAEAPTS__T75_TGA_0.15bar,MCF1-E_D_7.35%,10.1016/j.micromeso.2022.112370,014.pdf-id_comprehensive_extraction.json,MCF,Porous Silica Materials,DAEAPTS,Amine-Functional Silane Coupling Agents,,7.35,1.7093023255813953,0,,0,,2.9,2.9,43.4,0.41,0.41,41.7,0.0,0.15 bar,15.0,400 mL/min,400.0,,75.0,TGA,2.00 mmol/g,2.0,,,,1.1428571428571428,3.0000000000000013,TG Curve/ CO2 adsorption profile,CO₂ uptake (mmol-CO₂/g-sorbent),"[[0, 0.0], [2, 1.75], [5, 1.9], [10, 1.95], [15, 1.98], [20, 1.99], [30, 2.0], [40, 2.0], [50, 2.0], [60, 2.0]]","min, mmol/g","['-', '-']",N2,110.0,10.0,,,,,,,,,,,,,qwen3-max,DAC_prompt_SCaSE
MCF1-E_D_7.35%_MCF1-E_7.35%DAEAPTS__T25_TGA_500ppm,MCF1-E_D_7.35%,10.1016/j.micromeso.2022.112370,014.pdf-id_comprehensive_extraction.json,MCF,Porous Silica Materials,DAEAPTS,Amine-Functional Silane Coupling Agents,,7.35,1.7093023255813953,0,,0,,2.9,2.9,43.4,0.41,0.41,41.7,0.0,500 ppm,0.05,400 mL/min,400.0,,25.0,TGA,1.24 mmol/g,1.24,,,,19.07692307692308,86.40000000000002,TG Curve/ CO2 adsorption profile,CO₂ uptake (mmol-CO₂/g-sorbent),"[[0, 0.0], [20, 0.65], [40, 0.92], [60, 1.05], [100, 1.15], [150, 1.2], [200, 1.22], [300, 1.23], [400, 1.24], [500, 1.24]]","min, mmol/g","['-', '-']",N2,110.0,10.0,,,,,,,,,,,,,qwen3-max,DAC_prompt_SCaSE
MCF2-H_D_7.60%_MCF2-H_7.60%DAEAPTS__T25_TGA_0.15bar,MCF2-H_D_7.60%,10.1016/j.micromeso.2022.112370,014.pdf-id_comprehensive_extraction.json,MCF,Porous Silica Materials,DAEAPTS,Amine-Functional Silane Coupling Agents,,7.6,1.7674418604651163,0,,0,,3.21,3.21,45.5,0.93,0.93,40.3,0.0,0.15 bar,15.0,400 mL/min,400.0,,25.0,TGA,2.00 mmol/g,2.0,0.26 mmol/mmol,0.26,,0.5405405405405405,0.9729729729729728,TG Curve/ CO2 adsorption profile,CO₂ uptake (mmol-CO₂/g-sorbent),"[[0, 0.0], [1, 1.85], [2, 1.92], [5, 1.95], [10, 1.97], [20, 1.98], [30, 1.99], [40, 2.0], [50, 2.0], [60, 2.0]]","min, mmol/g","['-', '-']",N2,110.0,10.0,,,,,,,,,,,,,qwen3-max,DAC_prompt_SCaSE
MCF2-H_D_7.60%_MCF2-H_7.60%DAEAPTS__T50_TGA_0.15bar,MCF2-H_D_7.60%,10.1016/j.micromeso.2022.112370,014.pdf-id_comprehensive_extraction.json,MCF,Porous Silica Materials,DAEAPTS,Amine-Functional Silane Coupling Agents,,7.6,1.7674418604651163,0,,0,,3.21,3.21,45.5,0.93,0.93,40.3,0.0,0.15 bar,15.0,400 mL/min,400.0,,50.0,TGA,1.89 mmol/g,1.89,,,,0.54,0.972,TG Curve/ CO2 adsorption profile,CO₂ uptake (mmol-CO₂/g-sorbent),"[[0, 0.0], [1, 1.75], [2, 1.8], [5, 1.83], [10, 1.85], [20, 1.87], [30, 1.88], [40, 1.89], [50, 1.89], [60, 1.89]]","min, mmol/g","['-', '-']",N2,110.0,10.0,,,,,,,,,,,,,qwen3-max,DAC_prompt_SCaSE
MCF2-H_D_7.60%_MCF2-H_7.60%DAEAPTS__T75_TGA_0.15bar,MCF2-H_D_7.60%,10.1016/j.micromeso.2022.112370,014.pdf-id_comprehensive_extraction.json,MCF,Porous Silica Materials,DAEAPTS,Amine-Functional Silane Coupling Agents,,7.6,1.7674418604651163,0,,0,,3.21,3.21,45.5,0.93,0.93,40.3,0.0,0.15 bar,15.0,400 mL/min,400.0,,75.0,TGA,1.54 mmol/g,1.54,,,,0.5310344827586208,0.9558620689655172,TG Curve/ CO2 adsorption profile,CO₂ uptake (mmol-CO₂/g-sorbent),"[[0, 0.0], [1, 1.45], [2, 1.5], [5, 1.52], [10, 1.53], [20, 1.54], [30, 1.54], [40, 1.54], [50, 1.54], [60, 1.54]]","min, mmol/g","['-', '-']",N2,110.0,10.0,,,,,,,,,,,,,qwen3-max,DAC_prompt_SCaSE
MCF2-H_D_7.60%_MCF2-H_7.60%DAEAPTS__T25_TGA_500ppm,MCF2-H_D_7.60%,10.1016/j.micromeso.2022.112370,014.pdf-id_comprehensive_extraction.json,MCF,Porous Silica Materials,DAEAPTS,Amine-Functional Silane Coupling Agents,,7.6,1.7674418604651163,0,,0,,3.21,3.21,45.5,0.93,0.93,40.3,0.0,500 ppm,0.05,400 mL/min,400.0,,25.0,TGA,1.20 mmol/g,1.2,,,,24.0,99.99999999999996,TG Curve/ CO2 adsorption profile,CO₂ uptake (mmol-CO₂/g-sorbent),"[[0, 0.0], [20, 0.55], [40, 0.8], [60, 0.95], [100, 1.08], [150, 1.14], [200, 1.17], [300, 1.19], [400, 1.2], [500, 1.2]]","min, mmol/g","['-', '-']",N2,110.0,10.0,,,,,,,,,,,,,qwen3-max,DAC_prompt_SCaSE
MCF2-E_D_7.79%_MCF2-E_7.79%DAEAPTS__T25_TGA_0.15bar,MCF2-E_D_7.79%,10.1016/j.micromeso.2022.112370,014.pdf-id_comprehensive_extraction.json,MCF,Porous Silica Materials,DAEAPTS,Amine-Functional Silane Coupling Agents,,7.79,1.8116279069767443,0,,0,,2.66,2.66,45.900000000000006,0.6000000000000001,0.6000000000000001,41.8,0.0,0.15 bar,15.0,400 mL/min,400.0,,25.0,TGA,2.10 mmol/g,2.1,0.27 mmol/mmol,0.27,,1.647619047619047,9.361111111111107,TG Curve/ CO2 adsorption profile,CO₂ uptake (mmol-CO₂/g-sorbent),"[[0, 0.0], [2, 1.05], [5, 1.4], [10, 1.58], [15, 1.65], [20, 1.68], [30, 1.7], [40, 1.71], [50, 1.72], [60, 1.73]]","min, mmol/g","['-', '-']",N2,110.0,10.0,,,,,,,,,,,,,qwen3-max,DAC_prompt_SCaSE
MCF2-E_D_7.79%_MCF2-E_7.79%DAEAPTS__T50_TGA_0.15bar,MCF2-E_D_7.79%,10.1016/j.micromeso.2022.112370,014.pdf-id_comprehensive_extraction.json,MCF,Porous Silica Materials,DAEAPTS,Amine-Functional Silane Coupling Agents,,7.79,1.8116279069767443,0,,0,,2.66,2.66,45.900000000000006,0.6000000000000001,0.6000000000000001,41.8,0.0,0.15 bar,15.0,400 mL/min,400.0,,50.0,TGA,1.80 mmol/g,1.8,,,,1.5,17.0,TG Curve/ CO2 adsorption profile,CO₂ uptake (mmol-CO₂/g-sorbent),"[[0, 0.0], [2, 1.2], [5, 1.45], [10, 1.55], [15, 1.6], [20, 1.65], [30, 1.7], [40, 1.75], [50, 1.78], [60, 1.8]]","min, mmol/g","['-', '-']",N2,110.0,10.0,,,,,,,,,,,,,qwen3-max,DAC_prompt_SCaSE
MCF2-E_D_7.79%_MCF2-E_7.79%DAEAPTS__T75_TGA_0.15bar,MCF2-E_D_7.79%,10.1016/j.micromeso.2022.112370,014.pdf-id_comprehensive_extraction.json,MCF,Porous Silica Materials,DAEAPTS,Amine-Functional Silane Coupling Agents,,7.79,1.8116279069767443,0,,0,,2.66,2.66,45.900000000000006,0.6000000000000001,0.6000000000000001,41.8,0.0,0.15 bar,15.0,400 mL/min,400.0,,75.0,TGA,1.60 mmol/g,1.6,,,,1.4545454545454546,14.00000000000002,TG Curve/ CO2 adsorption profile,CO₂ uptake (mmol-CO₂/g-sorbent),"[[0, 0.0], [2, 1.1], [5, 1.3], [10, 1.4], [15, 1.45], [20, 1.5], [30, 1.55], [40, 1.58], [50, 1.6], [60, 1.6]]","min, mmol/g","['-', '-']",N2,110.0,10.0,,,,,,,,,,,,,qwen3-max,DAC_prompt_SCaSE
MCF3-H_D_8.04%_MCF3-H_8.04%DAEAPTS__T25_TGA_0.15bar,MCF3-H_D_8.04%,10.1016/j.micromeso.2022.112370,014.pdf-id_comprehensive_extraction.json,MCF,Porous Silica Materials,DAEAPTS,Amine-Functional Silane Coupling Agents,,8.04,1.869767441860465,0,,0,,3.21,3.21,54.7,0.7,0.7,46.400000000000006,0.0,0.15 bar,15.0,400 mL/min,400.0,,25.0,TGA,2.14 mmol/g,2.14,0.27 mmol/mmol,0.27,67.1,1.523076923076923,9.399999999999997,TG Curve/ CO2 adsorption profile,CO₂ uptake (mmol-CO₂/g-sorbent),"[[0, 0.0], [2, 1.3], [5, 1.65], [10, 1.8], [15, 1.88], [20, 1.92], [30, 1.95], [40, 1.96], [50, 1.97], [60, 1.98]]","min, mmol/g","['-', '-']",N2,110.0,10.0,,,Cyclic CO2 profile,CO₂ uptake (mmol-CO₂/g-sorbent),"[[1, 2.0], [5, 2.0], [10, 2.0], [15, 2.0], [20, 2.0], [25, 2.0], [30, 2.0], [35, 2.0], [40, 2.0], [45, 2.0], [50, 2.0]]",mmol/g,50.0,,,,,,qwen3-max,DAC_prompt_SCaSE
MCF3-H_D_8.04%_MCF3-H_8.04%DAEAPTS__T50_TGA_0.15bar,MCF3-H_D_8.04%,10.1016/j.micromeso.2022.112370,014.pdf-id_comprehensive_extraction.json,MCF,Porous Silica Materials,DAEAPTS,Amine-Functional Silane Coupling Agents,,8.04,1.869767441860465,0,,0,,3.21,3.21,54.7,0.7,0.7,46.400000000000006,0.0,0.15 bar,15.0,400 mL/min,400.0,,50.0,TGA,1.85 mmol/g,1.85,,,,1.5416666666666667,11.500000000000025,TG Curve/ CO2 adsorption profile,CO₂ uptake (mmol-CO₂/g-sorbent),"[[0, 0.0], [2, 1.2], [5, 1.5], [10, 1.65], [15, 1.7], [20, 1.75], [30, 1.8], [40, 1.82], [50, 1.84], [60, 1.85]]","min, mmol/g","['-', '-']",N2,110.0,10.0,,,,,,,,,,,,,qwen3-max,DAC_prompt_SCaSE
MCF3-H_D_8.04%_MCF3-H_8.04%DAEAPTS__T75_TGA_0.15bar,MCF3-H_D_8.04%,10.1016/j.micromeso.2022.112370,014.pdf-id_comprehensive_extraction.json,MCF,Porous Silica Materials,DAEAPTS,Amine-Functional Silane Coupling Agents,,8.04,1.869767441860465,0,,0,,3.21,3.21,54.7,0.7,0.7,46.400000000000006,0.0,0.15 bar,15.0,400 mL/min,400.0,,75.0,TGA,1.50 mmol/g,1.5,,,,1.5,15.0,TG Curve/ CO2 adsorption profile,CO₂ uptake (mmol-CO₂/g-sorbent),"[[0, 0.0], [2, 1.0], [5, 1.2], [10, 1.3], [15, 1.35], [20, 1.4], [30, 1.45], [40, 1.48], [50, 1.5], [60, 1.5]]","min, mmol/g","['-', '-']",N2,110.0,10.0,,,,,,,,,,,,,qwen3-max,DAC_prompt_SCaSE
MCF3-H_D_8.04%_MCF3-H_8.04%DAEAPTS__T25_TGA_500ppm,MCF3-H_D_8.04%,10.1016/j.micromeso.2022.112370,014.pdf-id_comprehensive_extraction.json,MCF,Porous Silica Materials,DAEAPTS,Amine-Functional Silane Coupling Agents,,8.04,1.869767441860465,0,,0,,3.21,3.21,54.7,0.7,0.7,46.400000000000006,0.0,500 ppm,0.05,400 mL/min,400.0,,25.0,TGA,1.34 mmol/g,1.34,,,,19.142857142857142,94.40000000000002,TG Curve/ CO2 adsorption profile,CO₂ uptake (mmol-CO₂/g-sorbent),"[[0, 0.0], [20, 0.7], [40, 0.98], [60, 1.12], [100, 1.22], [150, 1.28], [200, 1.3], [300, 1.32], [400, 1.33], [500, 1.34]]","min, mmol/g","['-', '-']",N2,110.0,10.0,,,,,,,,,,,,,qwen3-max,DAC_prompt_SCaSE
MCF3-E_D_7.48%_MCF3-E_7.48%DAEAPTS__T25_TGA_0.15bar,MCF3-E_D_7.48%,10.1016/j.micromeso.2022.112370,014.pdf-id_comprehensive_extraction.json,MCF,Porous Silica Materials,DAEAPTS,Amine-Functional Silane Coupling Agents,,7.48,1.7395348837209303,0,,0,,3.17,3.17,58.4,0.96,0.96,50.6,0.0,0.15 bar,15.0,400 mL/min,400.0,,25.0,TGA,2.00 mmol/g,2.0,0.27 mmol/mmol,0.27,,1.591304347826087,9.08333333333334,TG Curve/ CO2 adsorption profile,CO₂ uptake (mmol-CO₂/g-sorbent),"[[0, 0.0], [2, 1.15], [5, 1.5], [10, 1.68], [15, 1.75], [20, 1.78], [30, 1.8], [40, 1.81], [50, 1.82], [60, 1.83]]","min, mmol/g","['-', '-']",N2,110.0,10.0,,,,,,,,,,,,,qwen3-max,DAC_prompt_SCaSE
MCF3-E_D_7.48%_MCF3-E_7.48%DAEAPTS__T50_TGA_0.15bar,MCF3-E_D_7.48%,10.1016/j.micromeso.2022.112370,014.pdf-id_comprehensive_extraction.json,MCF,Porous Silica Materials,DAEAPTS,Amine-Functional Silane Coupling Agents,,7.48,1.7395348837209303,0,,0,,3.17,3.17,58.4,0.96,0.96,50.6,0.0,0.15 bar,15.0,400 mL/min,400.0,,50.0,TGA,1.70 mmol/g,1.7,,,,1.7,17.999999999999996,TG Curve/ CO2 adsorption profile,CO₂ uptake (mmol-CO₂/g-sorbent),"[[0, 0.0], [2, 1.0], [5, 1.3], [10, 1.45], [15, 1.5], [20, 1.55], [30, 1.6], [40, 1.65], [50, 1.68], [60, 1.7]]","min, mmol/g","['-', '-']",N2,110.0,10.0,,,,,,,,,,,,,qwen3-max,DAC_prompt_SCaSE
MCF3-E_D_7.48%_MCF3-E_7.48%DAEAPTS__T75_TGA_0.15bar,MCF3-E_D_7.48%,10.1016/j.micromeso.2022.112370,014.pdf-id_comprehensive_extraction.json,MCF,Porous Silica Materials,DAEAPTS,Amine-Functional Silane Coupling Agents,,7.48,1.7395348837209303,0,,0,,3.17,3.17,58.4,0.96,0.96,50.6,0.0,0.15 bar,15.0,400 mL/min,400.0,,75.0,TGA,1.30 mmol/g,1.3,,,,1.4444444444444444,8.500000000000004,TG Curve/ CO2 adsorption profile,CO₂ uptake (mmol-CO₂/g-sorbent),"[[0, 0.0], [2, 0.9], [5, 1.1], [10, 1.2], [15, 1.25], [20, 1.28], [30, 1.3], [40, 1.3], [50, 1.3], [60, 1.3]]","min, mmol/g","['-', '-']",N2,110.0,10.0,,,,,,,,,,,,,qwen3-max,DAC_prompt_SCaSE
SBA-15_TETA_50%_SBA-15_50%TETA__T75_TGA_15%CO2_50mLmin,SBA-15_TETA_50%,10.1016/j.micromeso.2016.03.006,015.pdf-id_comprehensive_extraction.json,SBA-15,Porous Silica Materials,TETA,Small-Molecule Polyamines,146.23,50.0,11.627906976744187,0,,0,,65.0,0.2,8.1,11.0,0.1,36.36363636363637,0.0,15%,15.0,50 mL/min,50.0,,75.0,TGA,4.09 mmol/g,4.09,0.35 mol/mol,0.35,,,,,,,,,N2,75.0,2.0,,,,,,,,,,,,,qwen3-max,DAC_prompt_SCaSE
SBA-15_TEPA_50%_SBA-15_50%TEPA__T75_TGA_15%CO2_50mLmin,SBA-15_TEPA_50%,10.1016/j.micromeso.2016.03.006,015.pdf-id_comprehensive_extraction.json,SBA-15,Porous Silica Materials,TEPA,Small-Molecule Polyamines,189.3,50.0,11.627906976744187,0,,0,,65.0,0.2,8.1,12.0,0.1,33.333333333333336,0.0,15%,15.0,50 mL/min,50.0,,75.0,TGA,3.27 mmol/g,3.27,0.30 mol/mol,0.3,,,,,,,,,N2,75.0,2.0,,,,,,,,,,,,,qwen3-max,DAC_prompt_SCaSE
SBA-15_PEHA_50%_SBA-15_50%PEHA__T75_TGA_15%CO2_50mLmin,SBA-15_PEHA_50%,10.1016/j.micromeso.2016.03.006,015.pdf-id_comprehensive_extraction.json,SBA-15,Porous Silica Materials,PEHA,Small-Molecule Polyamines,232.37,50.0,11.627906976744187,0,,0,,65.0,0.2,8.1,16.0,0.1,25.0,0.0,15%,15.0,50 mL/min,50.0,,75.0,TGA,3.11 mmol/g,3.11,0.29 mol/mol,0.29,,,,,,,,,N2,75.0,2.0,,,,,,,,,,,,,qwen3-max,DAC_prompt_SCaSE
SBA-15_TETA_80%_SBA-15_80%TETA__T75_TGA_15%CO2_50mLmin,SBA-15_TETA_80%,10.1016/j.micromeso.2016.03.006,015.pdf-id_comprehensive_extraction.json,SBA-15,Porous Silica Materials,TETA,Small-Molecule Polyamines,146.23,80.0,18.6046511627907,0,,0,,65.0,0.2,8.1,,,,0.0,15%,15.0,50 mL/min,50.0,,75.0,TGA,5.84 mmol/g,5.84,0.32 mol/mol,0.32,,,,,,,,,N2,75.0,2.0,,,,,,,,,,,,,qwen3-max,DAC_prompt_SCaSE
SBA-15_TEPA_80%_SBA-15_80%TEPA__T75_TGA_15%CO2_50mLmin,SBA-15_TEPA_80%,10.1016/j.micromeso.2016.03.006,015.pdf-id_comprehensive_extraction.json,SBA-15,Porous Silica Materials,TEPA,Small-Molecule Polyamines,189.3,80.0,18.6046511627907,0,,0,,65.0,0.2,8.1,,,,0.0,15%,15.0,50 mL/min,50.0,,75.0,TGA,5.18 mmol/g,5.18,0.27 mol/mol,0.27,,,,,,,,,N2,75.0,2.0,,,,,,,,,,,,,qwen3-max,DAC_prompt_SCaSE
SBA-15_PEHA_80%_SBA-15_80%PEHA__T75_TGA_15%CO2_50mLmin,SBA-15_PEHA_80%,10.1016/j.micromeso.2016.03.006,015.pdf-id_comprehensive_extraction.json,SBA-15,Porous Silica Materials,PEHA,Small-Molecule Polyamines,232.37,80.0,18.6046511627907,0,,0,,65.0,0.2,8.1,,,,0.0,15%,15.0,50 mL/min,50.0,,75.0,TGA,4.50 mmol/g,4.5,0.24 mol/mol,0.24,,,,,,,,,N2,75.0,2.0,,,,,,,,,,,,,qwen3-max,DAC_prompt_SCaSE
M5N-50_TEPA_50%_M5N-50_50%TEPA__T75_TGA_15%CO2_50mLmin,M5N-50_TEPA_50%,10.1016/j.micromeso.2016.03.006,015.pdf-id_comprehensive_extraction.json,M5N-50,Porous Silica Materials,TEPA,Small-Molecule Polyamines,189.3,50.0,11.627906976744187,0,,0,,,,,,,,0.0,15%,15.0,50 mL/min,50.0,,75.0,TGA,4.43 mmol/g,4.43,0.47 mol/mol,0.47,,,,,,,,,N2,75.0,2.0,,,,,,,,,,,,,qwen3-max,DAC_prompt_SCaSE
KIT-6_TEPA_50%_KIT-6_50%TEPA__T303_BTC_10vol%CO2_dry,KIT-6_TEPA_50%,10.1021/ie200456x,016.pdf-id_comprehensive_extraction.json,KIT-6,Porous Silica Materials,TEPA,Small-Molecule Polyamines,189.3,50.0,11.627906976744187,0,,0,,,,,,,,0.0,10 vol%,10.0,100 cm³/min,100.0,,30.0,BTC,2.10 mmol/g,2.1,,,,11.925,15.216666666666663,Fixed-Bed Breakthrough Testing,C/C₀,"[[0, 0.0], [2, 0.0], [4, 0.0], [6, 0.0], [8, 0.0], [10, 0.1], [12, 0.5], [14, 0.8], [16, 0.92], [18, 0.97]]","min, dimensionless","['-', '-']",,,,,,,,,,,,,,,,qwen3-max,DAC_prompt_SCaSE
KIT-6_TEPA_50%_KIT-6_50%TEPA__T313_BTC_10vol%CO2_dry,KIT-6_TEPA_50%,10.1021/ie200456x,016.pdf-id_comprehensive_extraction.json,KIT-6,Porous Silica Materials,TEPA,Small-Molecule Polyamines,189.3,50.0,11.627906976744187,0,,0,,,,,,,,0.0,10 vol%,10.0,100 cm³/min,100.0,,40.0,BTC,2.29 mmol/g,2.29,,,,12.457142857142856,15.52,Fixed-Bed Breakthrough Testing,C/C₀,"[[0, 0.0], [2, 0.0], [4, 0.0], [6, 0.0], [8, 0.0], [10, 0.05], [12, 0.4], [14, 0.75], [16, 0.9], [18, 0.96]]","min, dimensionless","['-', '-']",,,,,,,,,,,,,,,,qwen3-max,DAC_prompt_SCaSE
KIT-6_TEPA_50%_KIT-6_50%TEPA__T323_BTC_10vol%CO2_dry,KIT-6_TEPA_50%,10.1021/ie200456x,016.pdf-id_comprehensive_extraction.json,KIT-6,Porous Silica Materials,TEPA,Small-Molecule Polyamines,189.3,50.0,11.627906976744187,0,,0,,,,,,,,0.0,10 vol%,10.0,100 cm³/min,100.0,,50.0,BTC,2.58 mmol/g,2.58,,,,12.971428571428572,15.96,Fixed-Bed Breakthrough Testing,C/C₀,"[[0, 0.0], [2, 0.0], [4, 0.0], [6, 0.0], [8, 0.0], [10, 0.02], [12, 0.3], [14, 0.65], [16, 0.85], [18, 0.94]]","min, dimensionless","['-', '-']",,,,,,,,,,,,,,,,qwen3-max,DAC_prompt_SCaSE
KIT-6_TEPA_50%_KIT-6_50%TEPA__T333_BTC_10vol%CO2_dry,KIT-6_TEPA_50%,10.1021/ie200456x,016.pdf-id_comprehensive_extraction.json,KIT-6,Porous Silica Materials,TEPA,Small-Molecule Polyamines,189.3,50.0,11.627906976744187,0,,0,,,,,,,,0.0,10 vol%,10.0,100 cm³/min,100.0,,60.0,BTC,2.85 mmol/g,2.85,,,,13.485714285714286,16.46666666666667,Fixed-Bed Breakthrough Testing,C/C₀,"[[0, 0.0], [2, 0.0], [4, 0.0], [6, 0.0], [8, 0.0], [10, 0.01], [12, 0.2], [14, 0.55], [16, 0.8], [18, 0.92]]","min, dimensionless","['-', '-']",,,,,,,,,,,,,,,,qwen3-max,DAC_prompt_SCaSE
KIT-6_TEPA_50%_KIT-6_50%TEPA__T353_BTC_10vol%CO2_dry,KIT-6_TEPA_50%,10.1021/ie200456x,016.pdf-id_comprehensive_extraction.json,KIT-6,Porous Silica Materials,TEPA,Small-Molecule Polyamines,189.3,50.0,11.627906976744187,0,,0,,,,,,,,0.0,10 vol%,10.0,100 cm³/min,100.0,,80.0,BTC,2.71 mmol/g,2.71,,,,14.266666666666666,17.022222222222222,Fixed-Bed Breakthrough Testing,C/C₀,"[[0, 0.0], [2, 0.0], [4, 0.0], [6, 0.0], [8, 0.0], [10, 0.0], [12, 0.1], [14, 0.4], [16, 0.7], [18, 0.88]]","min, dimensionless","['-', '-']",,,,,,,,,,,,,,,,qwen3-max,DAC_prompt_SCaSE
KIT-6_TEPA_50%_KIT-6_50%TEPA__T333_BTC_10vol%CO2_RH12%,KIT-6_TEPA_50%,10.1021/ie200456x,016.pdf-id_comprehensive_extraction.json,KIT-6,Porous Silica Materials,TEPA,Small-Molecule Polyamines,189.3,50.0,11.627906976744187,0,,0,,,,,,,,12.0,10 vol%,10.0,100 cm³/min,100.0,,60.0,BTC,2.92 mmol/g,2.92,,,,,,,,,,,,,,,,,,,,,,,,,,qwen3-max,DAC_prompt_SCaSE
KIT-6_TEPA_50%_KIT-6_50%TEPA__T333_BTC_10vol%CO2_RH37%,KIT-6_TEPA_50%,10.1021/ie200456x,016.pdf-id_comprehensive_extraction.json,KIT-6,Porous Silica Materials,TEPA,Small-Molecule Polyamines,189.3,50.0,11.627906976744187,0,,0,,,,,,,,37.0,10 vol%,10.0,100 cm³/min,100.0,,60.0,BTC,3.20 mmol/g,3.2,,,,,,,,,,,,,,,,,,,,,,,,,,qwen3-max,DAC_prompt_SCaSE
KIT-6_TEPA_50%_KIT-6_50%TEPA__T333_BTC_10vol%CO2_RH100%_NO0ppm,KIT-6_TEPA_50%,10.1021/ie200456x,016.pdf-id_comprehensive_extraction.json,KIT-6,Porous Silica Materials,TEPA,Small-Molecule Polyamines,189.3,50.0,11.627906976744187,0,,0,,,,,,,,100.0,10 vol%,10.0,100 cm³/min,100.0,NO,60.0,BTC,3.15 mmol/g,3.15,,,,,,Fixed-Bed Breakthrough Testing,qₐ (mmol g⁻¹),"[[0, 3.15], [50, 3.15], [100, 3.15], [150, 3.15], [200, 3.15], [250, 3.15], [300, 3.15], [350, 3.15], [400, 3.15]]","ppm, mmol/g","['-', '-']",,,,,,,,,,,,,,,,qwen3-max,DAC_prompt_SCaSE
KIT-6_TEPA_50%_KIT-6_50%TEPA__T333_BTC_10vol%CO2_RH100%_NO400ppm,KIT-6_TEPA_50%,10.1021/ie200456x,016.pdf-id_comprehensive_extraction.json,KIT-6,Porous Silica Materials,TEPA,Small-Molecule Polyamines,189.3,50.0,11.627906976744187,0,,0,,,,,,,,100.0,10 vol%,10.0,100 cm³/min,100.0,NO,60.0,BTC,3.20 mmol/g,3.2,,,,,,,,,,,,,,,,,,,,,,,,,,qwen3-max,DAC_prompt_SCaSE
KIT-6_TEPA_50%_KIT-6_50%TEPA__T333_BTC_10vol%CO2_dry_SO20ppm,KIT-6_TEPA_50%,10.1021/ie200456x,016.pdf-id_comprehensive_extraction.json,KIT-6,Porous Silica Materials,TEPA,Small-Molecule Polyamines,189.3,50.0,11.627906976744187,0,,0,,,,,,,,0.0,10 vol%,10.0,100 cm³/min,100.0,SO2,60.0,BTC,2.85 mmol/g,2.85,,,,,,Fixed-Bed Breakthrough Testing,qₐ (mmol g⁻¹),"[[0, 3.05], [50, 3.05], [100, 3.05], [150, 3.05], [200, 3.05], [250, 3.05], [300, 3.05], [350, 2.95], [400, 2.65]]","ppm, mmol/g","['-', '-']",,,,,,,,,,,,,,,,qwen3-max,DAC_prompt_SCaSE
KIT-6_TEPA_50%_KIT-6_50%TEPA__T333_BTC_10vol%CO2_dry_SO2300ppm,KIT-6_TEPA_50%,10.1021/ie200456x,016.pdf-id_comprehensive_extraction.json,KIT-6,Porous Silica Materials,TEPA,Small-Molecule Polyamines,189.3,50.0,11.627906976744187,0,,0,,,,,,,,0.0,10 vol%,10.0,100 cm³/min,100.0,SO2,60.0,BTC,2.79 mmol/g,2.79,,,,,,,,,,,,,,,,,,,,,,,,,,qwen3-max,DAC_prompt_SCaSE
KIT-6_TEPA_50%_KIT-6_50%TEPA__T333_BTC_10vol%CO2_dry_SO2400ppm,KIT-6_TEPA_50%,10.1021/ie200456x,016.pdf-id_comprehensive_extraction.json,KIT-6,Porous Silica Materials,TEPA,Small-Molecule Polyamines,189.3,50.0,11.627906976744187,0,,0,,,,,,,,0.0,10 vol%,10.0,100 cm³/min,100.0,SO2,60.0,BTC,2.18 mmol/g,2.18,,,,,,,,,,,,,,,,,,,,,,,,,,qwen3-max,DAC_prompt_SCaSE
KIT-6_TEPA_50%_KIT-6_50%TEPA__T333_BTC_10vol%CO2_RH100%_SO20ppm,KIT-6_TEPA_50%,10.1021/ie200456x,016.pdf-id_comprehensive_extraction.json,KIT-6,Porous Silica Materials,TEPA,Small-Molecule Polyamines,189.3,50.0,11.627906976744187,0,,0,,,,,,,,100.0,10 vol%,10.0,100 cm³/min,100.0,SO2,60.0,BTC,3.20 mmol/g,3.2,,,,,,Fixed-Bed Breakthrough Testing,qₐ (mmol g⁻¹),"[[0, 2.75], [50, 2.75], [100, 2.75], [150, 2.75], [200, 2.75], [250, 2.75], [300, 2.75], [350, 2.55], [400, 2.2]]","ppm, mmol/g","['-', '-']",,,,,,,,,,,,,,,,qwen3-max,DAC_prompt_SCaSE
KIT-6_TEPA_50%_KIT-6_50%TEPA__T333_BTC_10vol%CO2_RH100%_SO2300ppm,KIT-6_TEPA_50%,10.1021/ie200456x,016.pdf-id_comprehensive_extraction.json,KIT-6,Porous Silica Materials,TEPA,Small-Molecule Polyamines,189.3,50.0,11.627906976744187,0,,0,,,,,,,,100.0,10 vol%,10.0,100 cm³/min,100.0,SO2,60.0,BTC,3.10 mmol/g,3.1,,,,,,,,,,,,,,,,,,,,,,,,,,qwen3-max,DAC_prompt_SCaSE
KIT-6_TEPA_50%_KIT-6_50%TEPA__T333_BTC_10vol%CO2_RH100%_SO2400ppm,KIT-6_TEPA_50%,10.1021/ie200456x,016.pdf-id_comprehensive_extraction.json,KIT-6,Porous Silica Materials,TEPA,Small-Molecule Polyamines,189.3,50.0,11.627906976744187,0,,0,,,,,,,,100.0,10 vol%,10.0,100 cm³/min,100.0,SO2,60.0,BTC,2.41 mmol/g,2.41,,,,,,,,,,,,,,,,,,,,,,,,,,qwen3-max,DAC_prompt_SCaSE
KIT-6_TEPA_50%_KIT-6_50%TEPA__T333_BTC_10vol%CO2_RH100%_Cycle1,KIT-6_TEPA_50%,10.1021/ie200456x,016.pdf-id_comprehensive_extraction.json,KIT-6,Porous Silica Materials,TEPA,Small-Molecule Polyamines,189.3,50.0,11.627906976744187,0,,0,,,,,,,,100.0,10 vol%,10.0,100 cm³/min,100.0,"SO2, NO",60.0,BTC,3.25 mmol/g,3.25,,,,,,,,,,,N2,120.0,15.0,,,Cyclic CO2 profile,qₐ (mmol g⁻¹),"[[1, 3.25], [2, 3.22], [3, 3.2], [4, 3.18], [5, 3.17], [6, 3.16], [7, 3.15], [8, 3.14], [9, 3.13], [10, 3.12]]",mmol/g,10.0,,,,,,qwen3-max,DAC_prompt_SCaSE
KIT-6_TEPA_50%_KIT-6_50%TEPA__T333_BTC_10vol%CO2_RH100%_Cycle10,KIT-6_TEPA_50%,10.1021/ie200456x,016.pdf-id_comprehensive_extraction.json,KIT-6,Porous Silica Materials,TEPA,Small-Molecule Polyamines,189.3,50.0,11.627906976744187,0,,0,,,,,,,,100.0,10 vol%,10.0,100 cm³/min,100.0,"SO2, NO",60.0,BTC,3.12 mmol/g,3.12,,,,,,,,,,,N2,120.0,15.0,,1.5,,,,,,,,,,,qwen3-max,DAC_prompt_SCaSE
KIT-6_TEPA_50%_KIT-6_50%TEPA__T333_BTC_isotherm_293K,KIT-6_TEPA_50%,10.1021/ie200456x,016.pdf-id_comprehensive_extraction.json,KIT-6,Porous Silica Materials,TEPA,Small-Molecule Polyamines,189.3,50.0,11.627906976744187,0,,0,,,,,,,,0.0,variable vol%,,100 cm³/min,100.0,,20.0,BTC,,,,,,9.166666666666668,30.0,TG Curve/ CO2 adsorption profile,q (mmol g⁻¹),"[[0.0, 1.5], [5.0, 2.0], [10.0, 2.3], [15.0, 2.5], [20.0, 2.65], [25.0, 2.75], [30.0, 2.85], [35.0, 2.9], [40.0, 2.95], [45.0, 3.0]]","vol%, mmol/g","['-', '-']",,,,,,,,,,,,,,,,qwen3-max,DAC_prompt_SCaSE
KIT-6_TEPA_50%_KIT-6_50%TEPA__T333_BTC_isotherm_303K,KIT-6_TEPA_50%,10.1021/ie200456x,016.pdf-id_comprehensive_extraction.json,KIT-6,Porous Silica Materials,TEPA,Small-Molecule Polyamines,189.3,50.0,11.627906976744187,0,,0,,,,,,,,0.0,variable vol%,,100 cm³/min,100.0,,30.0,BTC,,,,,,9.58333333333333,30.5,TG Curve/ CO2 adsorption profile,q (mmol g⁻¹),"[[0.0, 1.45], [5.0, 1.9], [10.0, 2.2], [15.0, 2.4], [20.0, 2.55], [25.0, 2.65], [30.0, 2.75], [35.0, 2.8], [40.0, 2.85], [45.0, 2.9]]","vol%, mmol/g","['-', '-']",,,,,,,,,,,,,,,,qwen3-max,DAC_prompt_SCaSE
KIT-6_TEPA_50%_KIT-6_50%TEPA__T333_BTC_isotherm_313K,KIT-6_TEPA_50%,10.1021/ie200456x,016.pdf-id_comprehensive_extraction.json,KIT-6,Porous Silica Materials,TEPA,Small-Molecule Polyamines,189.3,50.0,11.627906976744187,0,,0,,,,,,,,0.0,variable vol%,,100 cm³/min,100.0,,40.0,BTC,,,,,,9.999999999999996,30.99999999999999,TG Curve/ CO2 adsorption profile,q (mmol g⁻¹),"[[0.0, 1.4], [5.0, 1.8], [10.0, 2.1], [15.0, 2.3], [20.0, 2.45], [25.0, 2.55], [30.0, 2.65], [35.0, 2.7], [40.0, 2.75], [45.0, 2.8]]","vol%, mmol/g","['-', '-']",,,,,,,,,,,,,,,,qwen3-max,DAC_prompt_SCaSE
KIT-6_TEPA_50%_KIT-6_50%TEPA__T333_BTC_isotherm_323K,KIT-6_TEPA_50%,10.1021/ie200456x,016.pdf-id_comprehensive_extraction.json,KIT-6,Porous Silica Materials,TEPA,Small-Molecule Polyamines,189.3,50.0,11.627906976744187,0,,0,,,,,,,,0.0,variable vol%,,100 cm³/min,100.0,,50.0,BTC,,,,,,10.625000000000002,31.500000000000032,TG Curve/ CO2 adsorption profile,q (mmol g⁻¹),"[[0.0, 1.35], [5.0, 1.7], [10.0, 2.0], [15.0, 2.2], [20.0, 2.35], [25.0, 2.45], [30.0, 2.55], [35.0, 2.6], [40.0, 2.65], [45.0, 2.7]]","vol%, mmol/g","['-', '-']",,,,,,,,,,,,,,,,qwen3-max,DAC_prompt_SCaSE
KIT-6_TEPA_50%_KIT-6_50%TEPA__T333_BTC_isotherm_333K,KIT-6_TEPA_50%,10.1021/ie200456x,016.pdf-id_comprehensive_extraction.json,KIT-6,Porous Silica Materials,TEPA,Small-Molecule Polyamines,189.3,50.0,11.627906976744187,0,,0,,,,,,,,0.0,variable vol%,,100 cm³/min,100.0,,60.0,BTC,,,,,,11.250000000000004,32.0,TG Curve/ CO2 adsorption profile,q (mmol g⁻¹),"[[0.0, 1.3], [5.0, 1.6], [10.0, 1.9], [15.0, 2.1], [20.0, 2.25], [25.0, 2.35], [30.0, 2.45], [35.0, 2.5], [40.0, 2.55], [45.0, 2.6]]","vol%, mmol/g","['-', '-']",,,,,,,,,,,,,,,,qwen3-max,DAC_prompt_SCaSE
KIT-6_TEPA_50%_KIT-6_50%TEPA__T333_BTC_isotherm_353K,KIT-6_TEPA_50%,10.1021/ie200456x,016.pdf-id_comprehensive_extraction.json,KIT-6,Porous Silica Materials,TEPA,Small-Molecule Polyamines,189.3,50.0,11.627906976744187,0,,0,,,,,,,,0.0,variable vol%,,100 cm³/min,100.0,,80.0,BTC,,,,,,11.875,32.5,TG Curve/ CO2 adsorption profile,q (mmol g⁻¹),"[[0.0, 1.25], [5.0, 1.5], [10.0, 1.8], [15.0, 2.0], [20.0, 2.15], [25.0, 2.25], [30.0, 2.35], [35.0, 2.4], [40.0, 2.45], [45.0, 2.5]]","vol%, mmol/g","['-', '-']",,,,,,,,,,,,,,,,qwen3-max,DAC_prompt_SCaSE
KIT-6_TEPA_50%_KIT-6_50%TEPA__T393_VTSA_5kPa,KIT-6_TEPA_50%,10.1021/ie200456x,016.pdf-id_comprehensive_extraction.json,KIT-6,Porous Silica Materials,TEPA,Small-Molecule Polyamines,189.3,50.0,11.627906976744187,0,,0,,,,,,,,0.0,,,,,,120.0,VTSA,,,,,43.8,4.0,9.428571428571429,TG Curve/ CO2 adsorption profile,desorption portion (%),"[[0, 0], [2, 25], [4, 50], [6, 70], [8, 85], [10, 92], [12, 96], [14, 98], [16, 99], [18, 100]]","min, %","['-', '-']",vacuum,120.0,10.0,,,,,,,,,,,,,qwen3-max,DAC_prompt_SCaSE
KIT-6_TEPA_50%_KIT-6_50%TEPA__T393_VTSA_20kPa,KIT-6_TEPA_50%,10.1021/ie200456x,016.pdf-id_comprehensive_extraction.json,KIT-6,Porous Silica Materials,TEPA,Small-Molecule Polyamines,189.3,50.0,11.627906976744187,0,,0,,,,,,,,0.0,,,,,,120.0,VTSA,,,,,,17.708333333333336,49.50000000000001,TG Curve/ CO2 adsorption profile,desorption portion (%),"[[0, 0], [10, 28], [20, 52], [30, 68], [40, 78], [50, 84], [60, 88], [70, 90], [80, 92], [90, 93]]","min, %","['-', '-']",vacuum,120.0,26.0,,,,,,,,,,,,,qwen3-max,DAC_prompt_SCaSE
FS_PEI_33%_FS_33%PEI__T25_BTC_Dry,FS_PEI_33%,10.1021/la203895s,017.pdf-id_comprehensive_extraction.json,FS,Porous Silica Materials,PEI,Polymeric Amines,25000.0,33.0,7.674418604651163,0,,0,,329.0,0.908,11.03951367781155,79.9,1.057,52.91614518147684,0.0,420 ppm,0.042,335 mL/min,335.0,,25.0,BTC,52 mg/g,1.18,,,,18.23076923076923,20.85,Fixed-Bed Breakthrough Testing,CO₂ concentration (ppm),"[[0, 0], [5, 1], [10, 5], [15, 40], [18, 150], [20, 280], [22, 320], [25, 330], [30, 325], [45, 320]]","Time (h), CO₂ concentration (ppm)","['-', '-']",,,,,,,,,,,,,,,,qwen3-max,DAC_prompt_SCaSE
FS_PEI_33%_FS_33%PEI__T25_BTC_Humid67%RH,FS_PEI_33%,10.1021/la203895s,017.pdf-id_comprehensive_extraction.json,FS,Porous Silica Materials,PEI,Polymeric Amines,25000.0,33.0,7.674418604651163,0,,0,,329.0,0.908,11.03951367781155,79.9,1.057,52.91614518147684,67.0,420 ppm,0.042,335 mL/min,335.0,,25.0,BTC,78 mg/g,1.77,,,,17.029411764705884,20.066666666666663,Fixed-Bed Breakthrough Testing,CO₂ concentration (ppm),"[[0, 0], [5, 3], [10, 10], [15, 80], [18, 250], [20, 350], [22, 380], [25, 390], [30, 385], [45, 380]]","Time (h), CO₂ concentration (ppm)","['-', '-']",,,,,,,,,,,,,,,,qwen3-max,DAC_prompt_SCaSE
FS_PEI_50%_FS_50%PEI__T25_BTC_Dry,FS_PEI_50%,10.1021/la203895s,017.pdf-id_comprehensive_extraction.json,FS,Porous Silica Materials,PEI,Polymeric Amines,25000.0,50.0,11.627906976744187,0,,0,,329.0,0.908,11.03951367781155,27.2,0.401,58.970588235294116,0.0,420 ppm,0.042,335 mL/min,335.0,,25.0,BTC,75 mg/g,1.71,,,,10.5,17.6,Fixed-Bed Breakthrough Testing,CO₂ concentration (ppm),"[[0, 0], [1, 0], [2, 0], [3, 0], [4, 0], [5, 0], [6, 40], [8, 120], [10, 200], [12, 280], [14, 340], [16, 380], [18, 400], [20, 410], [22, 420], [24, 430], [25, 440]]","Time (h), CO₂ concentration (ppm)","['-', '-']",,,,,,,,,,,,,,,,qwen3-max,DAC_prompt_SCaSE
FS_PEI_50%_FS_50%PEI__T25_BTC_Humid67%RH,FS_PEI_50%,10.1021/la203895s,017.pdf-id_comprehensive_extraction.json,FS,Porous Silica Materials,PEI,Polymeric Amines,25000.0,50.0,11.627906976744187,0,,0,,329.0,0.908,11.03951367781155,27.2,0.401,58.970588235294116,67.0,420 ppm,0.042,335 mL/min,335.0,,25.0,BTC,62 mg/g,1.41,,,,15.75,19.442857142857143,Fixed-Bed Breakthrough Testing,CO₂ concentration (ppm),"[[0, 0], [5, 5], [10, 20], [15, 180], [18, 350], [20, 420], [22, 440], [25, 445], [30, 440], [45, 435]]","Time (h), CO₂ concentration (ppm)","['-', '-']",,,,,,,,,,,,,,,,qwen3-max,DAC_prompt_SCaSE
FS_PEI_50%_FS_50%PEI__T25_BTC_Dry_Cycle1,FS_PEI_50%,10.1021/la203895s,017.pdf-id_comprehensive_extraction.json,FS,Porous Silica Materials,PEI,Polymeric Amines,25000.0,50.0,11.627906976744187,0,,0,,329.0,0.908,11.03951367781155,27.2,0.401,58.970588235294116,0.0,420 ppm,0.042,335 mL/min,335.0,,25.0,BTC,75 mg/g,1.71,,,,,,,,,,,AIR,85.0,3.0,,0.0,Cyclic CO2 profile,CO2 adsorption capacity (mg/g),"[[1, 75], [2, 74], [3, 73], [4, 75]]",,4.0,,,,,,qwen3-max,DAC_prompt_SCaSE
FS_PEI_50%_FS_50%PEI__T25_BTC_Dry_Cycle4,FS_PEI_50%,10.1021/la203895s,017.pdf-id_comprehensive_extraction.json,FS,Porous Silica Materials,PEI,Polymeric Amines,25000.0,50.0,11.627906976744187,0,,0,,329.0,0.908,11.03951367781155,27.2,0.401,58.970588235294116,0.0,420 ppm,0.042,335 mL/min,335.0,,25.0,BTC,75 mg/g,1.71,,,,,,,,,,,AIR,85.0,3.0,,0.0,,,,,,,,,,,qwen3-max,DAC_prompt_SCaSE
SBA-15_PAA_50%_SBA-15_50%PAA_T140_TGA_100%CO2,SBA-15_PAA_50%,10.1002/cctc.201701069,018.pdf-id_comprehensive_extraction.json,SBA-15,Porous Silica Materials,PAA,Polymeric Amines,15000.0,50.0,11.627906976744187,0,,0,,950.0,1.31,5.515789473684211,3.6,0.01,11.11111111111111,0.0,100 vol%,100.0,100 mL/min,100.0,,140.0,TGA,88 mg/g,2.0,0.23 mol/mol,0.23,120.0,105.3846153846154,192.6744186046512,TG Curve/ CO2 adsorption profile,CO2 Cap. (mg-CO2/g-Sorb),"[[0, 0], [25, 3.1], [50, 8.6], [75, 15.2], [100, 22.4], [125, 28.9], [150, 34.7], [175, 39.8], [200, 44.1], [225, 47.6]]","s, mg/g","['-', '-']",,,,,,,,,,,,,,,,qwen3-max,DAC_prompt_SCaSE
SBA-15_PAA_50%_SBA-15_50%PAA_T140_BTC_15%CO2_4.5%O2_dry,SBA-15_PAA_50%,10.1002/cctc.201701069,018.pdf-id_comprehensive_extraction.json,SBA-15,Porous Silica Materials,PAA,Polymeric Amines,15000.0,50.0,11.627906976744187,0,,0,,950.0,1.31,5.515789473684211,3.6,0.01,11.11111111111111,0.0,15 vol%,15.0,20 mL/min,20.0,O2,140.0,BTC,88 mg/g,2.0,,,,4.0,19.655172413793103,Fixed-Bed Breakthrough Testing,Outlet CO2 Conc. (%),"[[0, 0], [5, 0], [10, 0], [15, 0], [20, 14.5], [30, 14.8], [40, 14.9], [50, 14.95], [75, 15.0], [100, 15.0]]","min, %","['4 min', '-']",,,,,,,,,,,,,,,,qwen3-max,DAC_prompt_SCaSE
SBA-15_PAA_50%_SBA-15_50%PAA_T140_BTC_15%CO2_4.5%O2_3%H2O,SBA-15_PAA_50%,10.1002/cctc.201701069,018.pdf-id_comprehensive_extraction.json,SBA-15,Porous Silica Materials,PAA,Polymeric Amines,15000.0,50.0,11.627906976744187,0,,0,,950.0,1.31,5.515789473684211,3.6,0.01,11.11111111111111,0.0,15 vol%,15.0,20 mL/min,20.0,"O2, H2O",140.0,BTC,116.0 mg/g,2.64,,,,20.0,47.69230769230769,Fixed-Bed Breakthrough Testing,Outlet CO2 Conc. (%),"[[0, 0], [5, 0], [10, 0], [15, 0], [20, 0], [30, 10.2], [40, 12.5], [50, 13.8], [75, 14.7], [100, 15.0]]","min, %","['20 min', '-']",,,,,,,,,,,,,,,,qwen3-max,DAC_prompt_SCaSE
SBA-15_PAA_50%_SBA-15_50%PAA_cycles_10_dry,SBA-15_PAA_50%,10.1002/cctc.201701069,018.pdf-id_comprehensive_extraction.json,SBA-15,Porous Silica Materials,PAA,Polymeric Amines,15000.0,50.0,11.627906976744187,0,,0,,950.0,1.31,5.515789473684211,3.6,0.01,11.11111111111111,0.0,15 vol%,15.0,20 mL/min,20.0,O2,140.0,BTC,83.8 mg/g,1.91,,,,,,,,,,,N2,170.0,,,8.2,Cyclic CO2 profile,CO2 Cap. (mg-CO2/g-sorb),"[[1, 92], [2, 91], [3, 90], [4, 91], [5, 90], [6, 91], [7, 92], [8, 91], [9, 90], [10, 91]]",mg/g,10.0,,,,,,qwen3-max,DAC_prompt_SCaSE
SBA-15_PAA_50%_SBA-15_50%PAA_cycles_10_humid,SBA-15_PAA_50%,10.1002/cctc.201701069,018.pdf-id_comprehensive_extraction.json,SBA-15,Porous Silica Materials,PAA,Polymeric Amines,15000.0,50.0,11.627906976744187,0,,0,,950.0,1.31,5.515789473684211,3.6,0.01,11.11111111111111,0.0,15 vol%,15.0,20 mL/min,20.0,"O2, H2O",140.0,BTC,107 mg/g,2.43,,,,,,,,,,,N2,170.0,,,1.0,Cyclic CO2 profile,CO2 Cap. (mg-CO2/g-sorb),"[[1, 108], [2, 107], [3, 106], [4, 107], [5, 106], [6, 107], [7, 108], [8, 107], [9, 106], [10, 107]]",mg/g,10.0,,,,,,qwen3-max,DAC_prompt_SCaSE
SBA-15_PAA_65%_SBA-15_65%PAA_T140_TGA_100%CO2,SBA-15_PAA_65%,10.1002/cctc.201701069,018.pdf-id_comprehensive_extraction.json,SBA-15,Porous Silica Materials,PAA,Polymeric Amines,15000.0,65.0,15.116279069767442,0,,0,,950.0,1.31,5.515789473684211,1.5,0.002,5.333333333333333,0.0,100 vol%,100.0,100 mL/min,100.0,,140.0,TGA,109 mg/g,2.48,,,,,,,,,,,,,,,,,,,,,,,,,,qwen3-max,DAC_prompt_SCaSE
SBA-15_PAA_75%_SBA-15_75%PAA_T140_TGA_100%CO2,SBA-15_PAA_75%,10.1002/cctc.201701069,018.pdf-id_comprehensive_extraction.json,SBA-15,Porous Silica Materials,PAA,Polymeric Amines,15000.0,75.0,17.441860465116278,0,,0,,,,,,,,0.0,100 vol%,100.0,100 mL/min,100.0,,140.0,TGA,76.0 mg/g,1.73,,,,,,,,,,,,,,,,,,,,,,,,,,qwen3-max,DAC_prompt_SCaSE
SBA-15_PEI-I_50%_SBA-15_50%PEI-I_T75_TGA_100%CO2,SBA-15_PEI-I_50%,10.1002/cctc.201701069,018.pdf-id_comprehensive_extraction.json,SBA-15,Porous Silica Materials,PEI,Polymeric Amines,423.0,50.0,11.627906976744187,0,,0,,950.0,1.31,5.515789473684211,34.0,0.09,10.588235294117647,0.0,100 vol%,100.0,100 mL/min,100.0,,75.0,TGA,120 mg/g,2.73,0.22 mol/mol,0.22,,,,,,,,,,,,,,,,,,,,,,,,qwen3-max,DAC_prompt_SCaSE
SBA-15_PEI-II_50%_SBA-15_50%PEI-II_T90_TGA_100%CO2,SBA-15_PEI-II_50%,10.1002/cctc.201701069,018.pdf-id_comprehensive_extraction.json,SBA-15,Porous Silica Materials,PEI,Polymeric Amines,25000.0,50.0,11.627906976744187,0,,0,,950.0,1.31,5.515789473684211,25.0,0.06,9.6,0.0,100 vol%,100.0,100 mL/min,100.0,,90.0,TGA,87 mg/g,1.98,0.21 mol/mol,0.21,77.0,62.87313432835821,155.94594594594594,TG Curve/ CO2 adsorption profile,CO2 Cap. (mg-CO2/g-Sorb),"[[0, 0], [25, 12.3], [50, 28.7], [75, 42.1], [100, 51.8], [125, 58.4], [150, 63.2], [175, 66.9], [200, 69.5], [225, 71.2]]","s, mg/g","['-', '-']",,,,,,,,,,,,,,,,qwen3-max,DAC_prompt_SCaSE
SBA-15_PAA_40%_SBA-15_40%PAA_T140_TGA_100%CO2,SBA-15_PAA_40%,10.1002/cctc.201701069,018.pdf-id_comprehensive_extraction.json,SBA-15,Porous Silica Materials,PAA,Polymeric Amines,15000.0,40.0,9.30232558139535,0,,0,,,,,,,,0.0,100 vol%,100.0,100 mL/min,100.0,,140.0,TGA,67 mg/g,1.52,,,,,,,,,,,,,,,,,,,,,,,,,,qwen3-max,DAC_prompt_SCaSE
SBA-15_50%PAA_HT260h_SBA-15_40%PAA_HT260h_T140_TGA_100%CO2,SBA-15_50%PAA_HT260h,10.1002/cctc.201701069,018.pdf-id_comprehensive_extraction.json,SBA-15,Porous Silica Materials,PAA,Polymeric Amines,15000.0,40.0,9.30232558139535,0,,0,,,,,,,,0.0,100 vol%,100.0,100 mL/min,100.0,,140.0,TGA,50 mg/g,1.14,,,,,,,,,,,,,,,,,,,,,,,,,,qwen3-max,DAC_prompt_SCaSE
SBA-15_50%PEI-I_HT260h_SBA-15_28%PEI-I_HT260h_T75_TGA_100%CO2,SBA-15_50%PEI-I_HT260h,10.1002/cctc.201701069,018.pdf-id_comprehensive_extraction.json,SBA-15,Porous Silica Materials,PEI,Polymeric Amines,423.0,28.0,6.511627906976744,0,,0,,,,,,,,0.0,100 vol%,100.0,100 mL/min,100.0,,75.0,TGA,2.2 mg/g,0.05,,,,,,,,,,,,,,,,,,,,,,,,,,qwen3-max,DAC_prompt_SCaSE
SBA-15_50%PEI-II_HT260h_SBA-15_37%PEI-II_HT260h_T75_TGA_100%CO2,SBA-15_50%PEI-II_HT260h,10.1002/cctc.201701069,018.pdf-id_comprehensive_extraction.json,SBA-15,Porous Silica Materials,PEI,Polymeric Amines,25000.0,37.0,8.604651162790699,0,,0,,,,,,,,0.0,100 vol%,100.0,100 mL/min,100.0,,75.0,TGA,2.5 mg/g,0.057,,,,,,,,,,,,,,,,,,,,,,,,,,qwen3-max,DAC_prompt_SCaSE
SBA-15_PEI_50%_SBA-15_50%PEI__T100_BTC_60mLmin_CO2_1bar,SBA-15_PEI_50%,10.1016/j.seppur.2023.124346,019.pdf-id_comprehensive_extraction.json,SBA-15,Porous Silica Materials,PEI,Polymeric Amines,600.0,50.16,11.665116279069768,0,,0,,492.6,1.35,8.81,4.93,0.02,15.37,0.0,100 %,100.0,60 mL/min,60.0,,100.0,BTC,182.11 mg/g,4.136,0.353 mmol/mmol,0.353,,1.488,5.0,TG Curve/ CO2 adsorption profile,CO2 uptake (mg/g),"[[0, 0], [2, 125], [5, 165], [8, 178], [10, 182], [15, 184], [20, 185], [30, 186], [45, 186], [60, 186]]","min, mg/g","['-', '5 min']",,,,,6.14,Cyclic CO2 profile,CO2 uptake (mg/g),"[[1, 182.11], [2, 181.77], [3, 181.73], [4, 181.69], [5, 181.65], [6, 181.61], [7, 181.57], [8, 181.53], [9, 181.49], [10, 181.45], [30, 170.93]]",mg/g,30.0,,,,,,qwen3-max,DAC_prompt_SCaSE
SBA-15_PEI_50%_SBA-15_50%PEI__T20_BTC_60mLmin_CO2_1bar,SBA-15_PEI_50%,10.1016/j.seppur.2023.124346,019.pdf-id_comprehensive_extraction.json,SBA-15,Porous Silica Materials,PEI,Polymeric Amines,600.0,50.16,11.665116279069768,0,,0,,492.6,1.35,8.81,4.93,0.02,15.37,0.0,100 %,100.0,60 mL/min,60.0,,20.0,BTC,59.5 mg/g,1.351,,,,8.011811023622048,29.51923076923077,TG Curve/ CO2 adsorption profile,CO2 uptake (mg/g),"[[0, 0], [5, 22.1], [10, 34.8], [15, 42.3], [20, 47.6], [25, 51.2], [30, 53.8], [40, 56.9], [50, 58.7], [60, 59.5]]","min, mg/g","['-', '-']",,,,,,,,,,,,,,,,qwen3-max,DAC_prompt_SCaSE
SBA-15_PEI_50%_SBA-15_50%PEI__T40_BTC_60mLmin_CO2_1bar,SBA-15_PEI_50%,10.1016/j.seppur.2023.124346,019.pdf-id_comprehensive_extraction.json,SBA-15,Porous Silica Materials,PEI,Polymeric Amines,600.0,50.16,11.665116279069768,0,,0,,492.6,1.35,8.81,4.93,0.02,15.37,0.0,100 %,100.0,60 mL/min,60.0,,40.0,BTC,90.4 mg/g,2.053,,,,2.236641221374046,6.715384615384618,TG Curve/ CO2 adsorption profile,CO2 uptake (mg/g),"[[0, 0], [2, 42.1], [4, 68.3], [6, 79.5], [8, 84.7], [10, 87.2], [20, 89.6], [30, 90.1], [45, 90.3], [60, 90.4]]","min, mg/g","['-', '-']",,,,,,,,,,,,,,,,qwen3-max,DAC_prompt_SCaSE
SBA-15_PEI_50%_SBA-15_50%PEI__T60_BTC_60mLmin_CO2_1bar,SBA-15_PEI_50%,10.1016/j.seppur.2023.124346,019.pdf-id_comprehensive_extraction.json,SBA-15,Porous Silica Materials,PEI,Polymeric Amines,600.0,50.16,11.665116279069768,0,,0,,492.6,1.35,8.81,4.93,0.02,15.37,0.0,100 %,100.0,60 mL/min,60.0,,60.0,BTC,129 mg/g,2.93,,,,3.4625000000000004,10.785714285714285,TG Curve/ CO2 adsorption profile,CO2 uptake (mg/g),"[[0, 0], [2, 45], [5, 85], [10, 115], [15, 122], [20, 125], [30, 127], [40, 128], [50, 128.5], [60, 129]]","min, mg/g","['-', '-']",,,,,,,,,,,,,,,,qwen3-max,DAC_prompt_SCaSE
SBA-15_PEI_50%_SBA-15_50%PEI__T80_BTC_60mLmin_CO2_1bar,SBA-15_PEI_50%,10.1016/j.seppur.2023.124346,019.pdf-id_comprehensive_extraction.json,SBA-15,Porous Silica Materials,PEI,Polymeric Amines,600.0,50.16,11.665116279069768,0,,0,,492.6,1.35,8.81,4.93,0.02,15.37,0.0,100 %,100.0,60 mL/min,60.0,,80.0,BTC,163.8 mg/g,3.72,,,,1.9202813599062136,8.718446601941752,TG Curve/ CO2 adsorption profile,CO2 uptake (mg/g),"[[0, 0], [2, 85.3], [5, 132.1], [10, 152.7], [15, 158.4], [20, 160.9], [30, 162.5], [40, 163.2], [50, 163.6], [60, 163.8]]","min, mg/g","['-', '-']",,,,,,,,,,,,,,,,qwen3-max,DAC_prompt_SCaSE
SBA-15_PEI_50%_SBA-15_50%PEI__T120_BTC_60mLmin_CO2_1bar,SBA-15_PEI_50%,10.1016/j.seppur.2023.124346,019.pdf-id_comprehensive_extraction.json,SBA-15,Porous Silica Materials,PEI,Polymeric Amines,600.0,50.16,11.665116279069768,0,,0,,492.6,1.35,8.81,4.93,0.02,15.37,0.0,100 %,100.0,60 mL/min,60.0,,120.0,BTC,152 mg/g,3.452,,,,2.55,7.76,TG Curve/ CO2 adsorption profile,CO2 uptake (mg/g),"[[0, 0], [2, 65], [4, 105], [6, 128], [8, 138], [10, 144], [15, 148], [20, 150], [30, 151], [60, 152]]","min, mg/g","['-', '-']",,,,,,,,,,,,,,,,qwen3-max,DAC_prompt_SCaSE
SBA-15_bare_SBA-15_bare_400ppmCO2_N2_35C_TGA,SBA-15_bare,10.1021/jacs.7b00235,020.pdf-id_comprehensive_extraction.json,SBA-15,Porous Silica Materials,0,,,,,0,,0,,880.0,1.0,8.0,880.0,1.0,8.0,0.0,400 ppm,0.04,400 mL/min,400.0,,35.0,TGA,0 mmol/g,0.0,,,,,,,,,,,,,,,,,,,,,,,,,,qwen3-max,DAC_prompt_SCaSE
SBA-15_TETA_10%_SBA-15_10%TETA__T35_TGA_400ppmCO2_N2,SBA-15_TETA_10%,10.1021/jacs.7b00235,020.pdf-id_comprehensive_extraction.json,SBA-15,Porous Silica Materials,TETA,Small-Molecule Polyamines,146.23,12.0,2.7906976744186047,0,,0,,880.0,1.0,8.0,450.0,0.77,6.844444444444444,0.0,400 ppm,0.04,400 mL/min,400.0,,35.0,TGA,0.3 mmol/g,0.3,0.03 mmol/mmol,0.03,,,,,,,,,,,,,,,,,,,,,,,,qwen3-max,DAC_prompt_SCaSE
SBA-15_TETA_20%_SBA-15_20%TETA__T35_TGA_400ppmCO2_N2,SBA-15_TETA_20%,10.1021/jacs.7b00235,020.pdf-id_comprehensive_extraction.json,SBA-15,Porous Silica Materials,TETA,Small-Molecule Polyamines,146.23,22.0,5.116279069767442,0,,0,,880.0,1.0,8.0,400.0,0.78,7.8,0.0,400 ppm,0.04,400 mL/min,400.0,,35.0,TGA,0.6 mmol/g,0.6,0.06 mmol/mmol,0.06,,,,,,,,,,,,,,,,,,,,,,,,qwen3-max,DAC_prompt_SCaSE
SBA-15_TETA_30%_SBA-15_30%TETA__T35_TGA_400ppmCO2_N2,SBA-15_TETA_30%,10.1021/jacs.7b00235,020.pdf-id_comprehensive_extraction.json,SBA-15,Porous Silica Materials,TETA,Small-Molecule Polyamines,146.23,31.0,7.209302325581396,0,,0,,880.0,1.0,8.0,360.0,0.69,7.666666666666667,0.0,400 ppm,0.04,400 mL/min,400.0,,35.0,TGA,1.0 mmol/g,1.0,0.12 mmol/mmol,0.12,,,,,,,,,,,,,,,,,,,,,,,,qwen3-max,DAC_prompt_SCaSE
SBA-15_TETA_40%_SBA-15_40%TETA__T35_TGA_400ppmCO2_N2,SBA-15_TETA_40%,10.1021/jacs.7b00235,020.pdf-id_comprehensive_extraction.json,SBA-15,Porous Silica Materials,TETA,Small-Molecule Polyamines,146.23,41.0,9.534883720930234,0,,0,,880.0,1.0,8.0,210.0,0.39,7.428571428571429,0.0,400 ppm,0.04,400 mL/min,400.0,,35.0,TGA,1.5 mmol/g,1.5,0.15 mmol/mmol,0.15,,,,,,,,,,,,,,,,,,,,,,,,qwen3-max,DAC_prompt_SCaSE
SBA-15_TPTA_10%_SBA-15_10%TPTA__T35_TGA_400ppmCO2_N2,SBA-15_TPTA_10%,10.1021/jacs.7b00235,020.pdf-id_comprehensive_extraction.json,SBA-15,Porous Silica Materials,TPTA,Small-Molecule Polyamines,188.33,13.0,3.0232558139534884,0,,0,,880.0,1.0,8.0,470.0,0.86,7.319148936170213,0.0,400 ppm,0.04,400 mL/min,400.0,,35.0,TGA,0.5 mmol/g,0.5,0.16 mmol/mmol,0.16,,,,,,,,,,,,,,,,,,,,,,,,qwen3-max,DAC_prompt_SCaSE
SBA-15_TPTA_20%_SBA-15_20%TPTA__T35_TGA_400ppmCO2_N2,SBA-15_TPTA_20%,10.1021/jacs.7b00235,020.pdf-id_comprehensive_extraction.json,SBA-15,Porous Silica Materials,TPTA,Small-Molecule Polyamines,188.33,22.0,5.116279069767442,0,,0,,880.0,1.0,8.0,470.0,0.88,7.48936170212766,0.0,400 ppm,0.04,400 mL/min,400.0,,35.0,TGA,0.8 mmol/g,0.8,0.20 mmol/mmol,0.2,,,,,,,,,,,,,,,,,,,,,,,,qwen3-max,DAC_prompt_SCaSE
SBA-15_TPTA_30%_SBA-15_30%TPTA__T35_TGA_400ppmCO2_N2,SBA-15_TPTA_30%,10.1021/jacs.7b00235,020.pdf-id_comprehensive_extraction.json,SBA-15,Porous Silica Materials,TPTA,Small-Molecule Polyamines,188.33,32.0,7.441860465116279,0,,0,,880.0,1.0,8.0,290.0,0.53,7.310344827586207,0.0,400 ppm,0.04,400 mL/min,400.0,,35.0,TGA,1.3 mmol/g,1.3,0.23 mmol/mmol,0.23,,,,,,,,,,,,,,,,,,,,,,,,qwen3-max,DAC_prompt_SCaSE
SBA-15_TPTA_40%_SBA-15_40%TPTA__T35_TGA_400ppmCO2_N2,SBA-15_TPTA_40%,10.1021/jacs.7b00235,020.pdf-id_comprehensive_extraction.json,SBA-15,Porous Silica Materials,TPTA,Small-Molecule Polyamines,188.33,41.0,9.534883720930234,0,,0,,880.0,1.0,8.0,180.0,0.34,7.555555555555555,0.0,400 ppm,0.04,400 mL/min,400.0,,35.0,TGA,1.9 mmol/g,1.9,0.26 mmol/mmol,0.26,,,,,,,,,,,,,,,,,,,,,,,,qwen3-max,DAC_prompt_SCaSE
SBA-15_EI-den_10%_SBA-15_10%EI-den__T35_TGA_400ppmCO2_N2,SBA-15_EI-den_10%,10.1021/jacs.7b00235,020.pdf-id_comprehensive_extraction.json,SBA-15,Porous Silica Materials,EI-Den,Dendritic Polyamines,247.26,10.0,2.3255813953488373,0,,0,,880.0,1.0,8.0,370.0,0.69,7.45945945945946,0.0,400 ppm,0.04,400 mL/min,400.0,,35.0,TGA,0.25 mmol/g,0.25,0.10 mmol/mmol,0.1,,,,,,,,,,,,,,,,,,,,,,,,qwen3-max,DAC_prompt_SCaSE
SBA-15_EI-den_20%_SBA-15_20%EI-den__T35_TGA_400ppmCO2_N2,SBA-15_EI-den_20%,10.1021/jacs.7b00235,020.pdf-id_comprehensive_extraction.json,SBA-15,Porous Silica Materials,EI-Den,Dendritic Polyamines,247.26,21.0,4.883720930232558,0,,0,,880.0,1.0,8.0,370.0,0.71,7.675675675675675,0.0,400 ppm,0.04,400 mL/min,400.0,,35.0,TGA,0.45 mmol/g,0.45,0.13 mmol/mmol,0.13,,,,,,,,,,,,,,,,,,,,,,,,qwen3-max,DAC_prompt_SCaSE
SBA-15_EI-den_30%_SBA-15_30%EI-den__T35_TGA_400ppmCO2_N2,SBA-15_EI-den_30%,10.1021/jacs.7b00235,020.pdf-id_comprehensive_extraction.json,SBA-15,Porous Silica Materials,EI-Den,Dendritic Polyamines,247.26,30.0,6.976744186046512,0,,0,,880.0,1.0,8.0,310.0,0.57,7.354838709677419,0.0,400 ppm,0.04,400 mL/min,400.0,,35.0,TGA,0.7 mmol/g,0.7,0.15 mmol/mmol,0.15,,,,,,,,,,,,,,,,,,,,,,,,qwen3-max,DAC_prompt_SCaSE
SBA-15_EI-den_35%_SBA-15_35%EI-den__T35_TGA_400ppmCO2_N2,SBA-15_EI-den_35%,10.1021/jacs.7b00235,020.pdf-id_comprehensive_extraction.json,SBA-15,Porous Silica Materials,EI-Den,Dendritic Polyamines,247.26,31.0,7.209302325581396,0,,0,,880.0,1.0,8.0,270.0,0.51,7.555555555555555,0.0,400 ppm,0.04,400 mL/min,400.0,,35.0,TGA,0.9 mmol/g,0.9,0.16 mmol/mmol,0.16,,,,,,,,,,,,,,,,,,,,,,,,qwen3-max,DAC_prompt_SCaSE
SBA-15_EI-den_40%_SBA-15_40%EI-den__T35_TGA_400ppmCO2_N2,SBA-15_EI-den_40%,10.1021/jacs.7b00235,020.pdf-id_comprehensive_extraction.json,SBA-15,Porous Silica Materials,EI-Den,Dendritic Polyamines,247.26,35.0,8.13953488372093,0,,0,,880.0,1.0,8.0,150.0,0.27,7.2,0.0,400 ppm,0.04,400 mL/min,400.0,,35.0,TGA,1.4 mmol/g,1.4,0.17 mmol/mmol,0.17,,,,,,,,,,,,,,,,,,,,,,,,qwen3-max,DAC_prompt_SCaSE
SBA-15_EI-den_45%_SBA-15_45%EI-den__T35_TGA_400ppmCO2_N2,SBA-15_EI-den_45%,10.1021/jacs.7b00235,020.pdf-id_comprehensive_extraction.json,SBA-15,Porous Silica Materials,EI-Den,Dendritic Polyamines,247.26,45.0,10.465116279069768,0,,0,,880.0,1.0,8.0,150.0,0.29,7.733333333333333,0.0,400 ppm,0.04,400 mL/min,400.0,,35.0,TGA,1.9 mmol/g,1.9,0.18 mmol/mmol,0.18,,,,,,,,,,,,,,,,,,,,,,,,qwen3-max,DAC_prompt_SCaSE
SBA-15_PI-den_10%_SBA-15_10%PI-den__T35_TGA_400ppmCO2_N2,SBA-15_PI-den_10%,10.1021/jacs.7b00235,020.pdf-id_comprehensive_extraction.json,SBA-15,Porous Silica Materials,PI-Den,Dendritic Polyamines,303.32,12.0,2.7906976744186047,0,,0,,880.0,1.0,8.0,320.0,0.61,7.625,0.0,400 ppm,0.04,400 mL/min,400.0,,35.0,TGA,0.3 mmol/g,0.3,0.15 mmol/mmol,0.15,,,,,,,,,,,,,,,,,,,,,,,,qwen3-max,DAC_prompt_SCaSE
SBA-15_PI-den_20%_SBA-15_20%PI-den__T35_TGA_400ppmCO2_N2,SBA-15_PI-den_20%,10.1021/jacs.7b00235,020.pdf-id_comprehensive_extraction.json,SBA-15,Porous Silica Materials,PI-Den,Dendritic Polyamines,303.32,21.0,4.883720930232558,0,,0,,880.0,1.0,8.0,360.0,0.69,7.666666666666667,0.0,400 ppm,0.04,400 mL/min,400.0,,35.0,TGA,0.55 mmol/g,0.55,0.19 mmol/mmol,0.19,,,,,,,,,,,,,,,,,,,,,,,,qwen3-max,DAC_prompt_SCaSE
SBA-15_PI-den_30%_SBA-15_30%PI-den__T35_TGA_400ppmCO2_N2,SBA-15_PI-den_30%,10.1021/jacs.7b00235,020.pdf-id_comprehensive_extraction.json,SBA-15,Porous Silica Materials,PI-Den,Dendritic Polyamines,303.32,28.0,6.511627906976744,0,,0,,880.0,1.0,8.0,340.0,0.64,7.529411764705882,0.0,400 ppm,0.04,400 mL/min,400.0,,35.0,TGA,0.85 mmol/g,0.85,0.22 mmol/mmol,0.22,,,,,,,,,,,,,,,,,,,,,,,,qwen3-max,DAC_prompt_SCaSE
SBA-15_PI-den_35%_SBA-15_35%PI-den__T35_TGA_400ppmCO2_N2,SBA-15_PI-den_35%,10.1021/jacs.7b00235,020.pdf-id_comprehensive_extraction.json,SBA-15,Porous Silica Materials,PI-Den,Dendritic Polyamines,303.32,34.0,7.906976744186047,0,,0,,880.0,1.0,8.0,240.0,0.45,7.5,0.0,400 ppm,0.04,400 mL/min,400.0,,35.0,TGA,1.35 mmol/g,1.35,0.25 mmol/mmol,0.25,,,,,,,,,,,,,,,,,,,,,,,,qwen3-max,DAC_prompt_SCaSE
SBA-15_PI-den_40%_SBA-15_40%PI-den__T35_TGA_400ppmCO2_N2,SBA-15_PI-den_40%,10.1021/jacs.7b00235,020.pdf-id_comprehensive_extraction.json,SBA-15,Porous Silica Materials,PI-Den,Dendritic Polyamines,303.32,37.0,8.604651162790699,0,,0,,880.0,1.0,8.0,100.0,0.18,7.2,0.0,400 ppm,0.04,400 mL/min,400.0,,35.0,TGA,1.95 mmol/g,1.95,0.25 mmol/mmol,0.25,,,,,,,,,,,,,,,,,,,,,,,,qwen3-max,DAC_prompt_SCaSE
SBA-15_PI-den_45%_SBA-15_45%PI-den__T35_TGA_400ppmCO2_N2,SBA-15_PI-den_45%,10.1021/jacs.7b00235,020.pdf-id_comprehensive_extraction.json,SBA-15,Porous Silica Materials,PI-Den,Dendritic Polyamines,303.32,46.0,10.697674418604652,0,,0,,880.0,1.0,8.0,120.0,0.24,8.0,0.0,400 ppm,0.04,400 mL/min,400.0,,35.0,TGA,2.6 mmol/g,2.6,0.25 mmol/mmol,0.25,,,,,,,,,,,,,,,,,,,,,,,,qwen3-max,DAC_prompt_SCaSE
SBA-15_TETA_110C_SBA-15_40%TETA_110C_T35_TGA_400ppmCO2_N2,SBA-15_TETA_110C,10.1021/jacs.7b00235,020.pdf-id_comprehensive_extraction.json,SBA-15,Porous Silica Materials,TETA,Small-Molecule Polyamines,146.23,41.0,9.534883720930234,0,,0,,880.0,1.0,8.0,250.0,0.46,7.36,0.0,400 ppm,0.04,400 mL/min,400.0,,35.0,TGA,0.15 mmol/g,0.15,0.06 mmol/mmol,0.06,,,,,,,,,,,,,,,,,,,,,,,,qwen3-max,DAC_prompt_SCaSE
SBA-15_TPTA_110C_SBA-15_40%TPTA_110C_T35_TGA_400ppmCO2_N2,SBA-15_TPTA_110C,10.1021/jacs.7b00235,020.pdf-id_comprehensive_extraction.json,SBA-15,Porous Silica Materials,TPTA,Small-Molecule Polyamines,188.33,41.0,9.534883720930234,0,,0,,880.0,1.0,8.0,200.0,0.37,7.4,0.0,400 ppm,0.04,400 mL/min,400.0,,35.0,TGA,1.4 mmol/g,1.4,0.20 mmol/mmol,0.2,,,,,,,,,,,,,,,,,,,,,,,,qwen3-max,DAC_prompt_SCaSE
SBA-15_TPTA_200C_SBA-15_20%TPTA_200C_T35_TGA_400ppmCO2_N2,SBA-15_TPTA_200C,10.1021/jacs.7b00235,020.pdf-id_comprehensive_extraction.json,SBA-15,Porous Silica Materials,TPTA,Small-Molecule Polyamines,188.33,18.0,4.186046511627907,0,,0,,880.0,1.0,8.0,520.0,0.8,6.153846153846154,0.0,400 ppm,0.04,400 mL/min,400.0,,35.0,TGA,0.45 mmol/g,0.45,0.06 mmol/mmol,0.06,,,,,,,,,,,,,,,,,,,,,,,,qwen3-max,DAC_prompt_SCaSE
SBA-15_EI-den_110C_SBA-15_40%EI-den_110C_T35_TGA_400ppmCO2_N2,SBA-15_EI-den_110C,10.1021/jacs.7b00235,020.pdf-id_comprehensive_extraction.json,SBA-15,Porous Silica Materials,EI-Den,Dendritic Polyamines,247.26,38.0,8.837209302325581,0,,0,,880.0,1.0,8.0,260.0,0.44,6.769230769230769,0.0,400 ppm,0.04,400 mL/min,400.0,,35.0,TGA,0.16 mmol/g,0.16,0.06 mmol/mmol,0.06,,,,,,,,,,,,,,,,,,,,,,,,qwen3-max,DAC_prompt_SCaSE
SBA-15_PI-den_110C_SBA-15_45%PI-den_110C_T35_TGA_400ppmCO2_N2,SBA-15_PI-den_110C,10.1021/jacs.7b00235,020.pdf-id_comprehensive_extraction.json,SBA-15,Porous Silica Materials,PI-Den,Dendritic Polyamines,303.32,40.0,9.30232558139535,0,,0,,880.0,1.0,8.0,240.0,0.42,7.0,0.0,400 ppm,0.04,400 mL/min,400.0,,35.0,TGA,1.8 mmol/g,1.8,0.23 mmol/mmol,0.23,,,,,,,,,,,,,,,,,,,,,,,,qwen3-max,DAC_prompt_SCaSE
SBA-15_bare_SBA-15_bare_400ppmCO2_35C_TGA,SBA-15_bare,10.1021/jacs.7b00235,021.pdf-id_comprehensive_extraction.json,SBA-15,Porous Silica Materials,0,,,,,0,,0,,880.0,1.0,8.0,,,,0.0,400 ppm,0.04,400 mL/min,400.0,,35.0,TGA,0 mmol/g,0.0,,,,,,,,,,,,,,,,,,,,,,,,,,qwen3-max,DAC_prompt_SCaSE
SBA-15_TETA_10%_SBA-15_10%TETA_400ppmCO2_35C_TGA,SBA-15_TETA_10%,10.1021/jacs.7b00235,021.pdf-id_comprehensive_extraction.json,SBA-15,Porous Silica Materials,TETA,Small-Molecule Polyamines,146.23,12.0,2.7906976744186047,0,,0,,880.0,1.0,8.0,450.0,0.77,6.844444444444444,0.0,400 ppm,0.04,400 mL/min,400.0,,35.0,TGA,0.45 mmol/g,0.45,0.12 mmol/mmol,0.12,,,,,,,,,,,,,,,,,,,,,,,,qwen3-max,DAC_prompt_SCaSE
SBA-15_TETA_20%_SBA-15_20%TETA_400ppmCO2_35C_TGA,SBA-15_TETA_20%,10.1021/jacs.7b00235,021.pdf-id_comprehensive_extraction.json,SBA-15,Porous Silica Materials,TETA,Small-Molecule Polyamines,146.23,22.0,5.116279069767442,0,,0,,880.0,1.0,8.0,400.0,0.78,7.8,0.0,400 ppm,0.04,400 mL/min,400.0,,35.0,TGA,1.5 mmol/g,1.5,0.20 mmol/mmol,0.2,,,,,,,,,,,,,,,,,,,,,,,,qwen3-max,DAC_prompt_SCaSE
SBA-15_TETA_30%_SBA-15_30%TETA_400ppmCO2_35C_TGA,SBA-15_TETA_30%,10.1021/jacs.7b00235,021.pdf-id_comprehensive_extraction.json,SBA-15,Porous Silica Materials,TETA,Small-Molecule Polyamines,146.23,31.0,7.209302325581396,0,,0,,880.0,1.0,8.0,360.0,0.69,7.666666666666667,0.0,400 ppm,0.04,400 mL/min,400.0,,35.0,TGA,2.95 mmol/g,2.95,0.25 mmol/mmol,0.25,,,,,,,,,,,,,,,,,,,,,,,,qwen3-max,DAC_prompt_SCaSE
SBA-15_TETA_40%_SBA-15_40%TETA_400ppmCO2_35C_TGA,SBA-15_TETA_40%,10.1021/jacs.7b00235,021.pdf-id_comprehensive_extraction.json,SBA-15,Porous Silica Materials,TETA,Small-Molecule Polyamines,146.23,41.0,9.534883720930234,0,,0,,880.0,1.0,8.0,210.0,0.39,7.428571428571429,0.0,400 ppm,0.04,400 mL/min,400.0,,35.0,TGA,3.9 mmol/g,3.9,0.21 mmol/mmol,0.21,,,,,,,,,,,,,,,,,,,,,,,,qwen3-max,DAC_prompt_SCaSE
SBA-15_TETA_110C_SBA-15_110CTETA_400ppmCO2_35C_TGA,SBA-15_TETA_110C,10.1021/jacs.7b00235,021.pdf-id_comprehensive_extraction.json,SBA-15,Porous Silica Materials,TETA,Small-Molecule Polyamines,146.23,41.0,9.534883720930234,0,,0,,880.0,1.0,8.0,250.0,0.46,7.36,0.0,400 ppm,0.04,400 mL/min,400.0,,35.0,TGA,0.4 mmol/g,0.4,0.02 mmol/mmol,0.02,,,,,,,,,,,,,,,,,,,,,,,,qwen3-max,DAC_prompt_SCaSE
SBA-15_TPTA_10%_SBA-15_10%TPTA_400ppmCO2_35C_TGA,SBA-15_TPTA_10%,10.1021/jacs.7b00235,021.pdf-id_comprehensive_extraction.json,SBA-15,Porous Silica Materials,TPTA,Small-Molecule Polyamines,188.32,13.0,3.0232558139534884,0,,0,,880.0,1.0,8.0,470.0,0.86,7.319148936170213,0.0,400 ppm,0.04,400 mL/min,400.0,,35.0,TGA,0.25 mmol/g,0.25,0.08 mmol/mmol,0.08,,,,,,,,,,,,,,,,,,,,,,,,qwen3-max,DAC_prompt_SCaSE
SBA-15_TPTA_20%_SBA-15_20%TPTA_400ppmCO2_35C_TGA,SBA-15_TPTA_20%,10.1021/jacs.7b00235,021.pdf-id_comprehensive_extraction.json,SBA-15,Porous Silica Materials,TPTA,Small-Molecule Polyamines,188.32,22.0,5.116279069767442,0,,0,,880.0,1.0,8.0,470.0,0.88,7.48936170212766,0.0,400 ppm,0.04,400 mL/min,400.0,,35.0,TGA,0.8 mmol/g,0.8,0.14 mmol/mmol,0.14,,,,,,,,,,,,,,,,,,,,,,,,qwen3-max,DAC_prompt_SCaSE
SBA-15_TPTA_30%_SBA-15_30%TPTA_400ppmCO2_35C_TGA,SBA-15_TPTA_30%,10.1021/jacs.7b00235,021.pdf-id_comprehensive_extraction.json,SBA-15,Porous Silica Materials,TPTA,Small-Molecule Polyamines,188.32,32.0,7.441860465116279,0,,0,,880.0,1.0,8.0,290.0,0.53,7.310344827586207,0.0,400 ppm,0.04,400 mL/min,400.0,,35.0,TGA,1.85 mmol/g,1.85,0.19 mmol/mmol,0.19,,,,,,,,,,,,,,,,,,,,,,,,qwen3-max,DAC_prompt_SCaSE
SBA-15_TPTA_40%_SBA-15_40%TPTA_400ppmCO2_35C_TGA,SBA-15_TPTA_40%,10.1021/jacs.7b00235,021.pdf-id_comprehensive_extraction.json,SBA-15,Porous Silica Materials,TPTA,Small-Molecule Polyamines,188.32,41.0,9.534883720930234,0,,0,,880.0,1.0,8.0,180.0,0.34,7.555555555555555,0.0,400 ppm,0.04,400 mL/min,400.0,,35.0,TGA,3.2 mmol/g,3.2,0.21 mmol/mmol,0.21,,,,,,,,,,,,,,,,,,,,,,,,qwen3-max,DAC_prompt_SCaSE
SBA-15_TPTA_110C_SBA-15_110CTPTA_400ppmCO2_35C_TGA,SBA-15_TPTA_110C,10.1021/jacs.7b00235,021.pdf-id_comprehensive_extraction.json,SBA-15,Porous Silica Materials,TPTA,Small-Molecule Polyamines,188.32,41.0,9.534883720930234,0,,0,,880.0,1.0,8.0,200.0,0.37,7.4,0.0,400 ppm,0.04,400 mL/min,400.0,,35.0,TGA,2.6 mmol/g,2.6,0.17 mmol/mmol,0.17,,,,,,,,,,,,,,,,,,,,,,,,qwen3-max,DAC_prompt_SCaSE
SBA-15_TPTA_200C_SBA-15_200CTPTA_400ppmCO2_35C_TGA,SBA-15_TPTA_200C,10.1021/jacs.7b00235,021.pdf-id_comprehensive_extraction.json,SBA-15,Porous Silica Materials,TPTA,Small-Molecule Polyamines,188.32,18.0,4.186046511627907,0,,0,,880.0,1.0,8.0,520.0,0.8,6.153846153846154,0.0,400 ppm,0.04,400 mL/min,400.0,,35.0,TGA,0.7 mmol/g,0.7,0.15 mmol/mmol,0.15,,,,,,,,,,,,,,,,,,,,,,,,qwen3-max,DAC_prompt_SCaSE
SBA-15_EI-den_10%_SBA-15_10%EI-den_400ppmCO2_35C_TGA,SBA-15_EI-den_10%,10.1021/jacs.7b00235,021.pdf-id_comprehensive_extraction.json,SBA-15,Porous Silica Materials,EI-Den,Dendritic Polyamines,247.26,10.0,2.3255813953488373,0,,0,,880.0,1.0,8.0,370.0,0.69,7.45945945945946,0.0,400 ppm,0.04,400 mL/min,400.0,,35.0,TGA,0.1 mmol/g,0.1,0.04 mmol/mmol,0.04,,,,,,,,,,,,,,,,,,,,,,,,qwen3-max,DAC_prompt_SCaSE
SBA-15_EI-den_20%_SBA-15_20%EI-den_400ppmCO2_35C_TGA,SBA-15_EI-den_20%,10.1021/jacs.7b00235,021.pdf-id_comprehensive_extraction.json,SBA-15,Porous Silica Materials,EI-Den,Dendritic Polyamines,247.26,21.0,4.883720930232558,0,,0,,880.0,1.0,8.0,370.0,0.71,7.675675675675675,0.0,400 ppm,0.04,400 mL/min,400.0,,35.0,TGA,0.5 mmol/g,0.5,0.08 mmol/mmol,0.08,,,,,,,,,,,,,,,,,,,,,,,,qwen3-max,DAC_prompt_SCaSE
SBA-15_EI-den_30%_SBA-15_30%EI-den_400ppmCO2_35C_TGA,SBA-15_EI-den_30%,10.1021/jacs.7b00235,021.pdf-id_comprehensive_extraction.json,SBA-15,Porous Silica Materials,EI-Den,Dendritic Polyamines,247.26,30.0,6.976744186046512,0,,0,,880.0,1.0,8.0,310.0,0.57,7.354838709677419,0.0,400 ppm,0.04,400 mL/min,400.0,,35.0,TGA,1.1 mmol/g,1.1,0.11 mmol/mmol,0.11,,,,,,,,,,,,,,,,,,,,,,,,qwen3-max,DAC_prompt_SCaSE
SBA-15_EI-den_35%_SBA-15_35%EI-den_400ppmCO2_35C_TGA,SBA-15_EI-den_35%,10.1021/jacs.7b00235,021.pdf-id_comprehensive_extraction.json,SBA-15,Porous Silica Materials,EI-Den,Dendritic Polyamines,247.26,31.0,7.209302325581396,0,,0,,880.0,1.0,8.0,270.0,0.51,7.555555555555555,0.0,400 ppm,0.04,400 mL/min,400.0,,35.0,TGA,1.6 mmol/g,1.6,0.15 mmol/mmol,0.15,,,,,,,,,,,,,,,,,,,,,,,,qwen3-max,DAC_prompt_SCaSE
SBA-15_EI-den_40%_SBA-15_40%EI-den_400ppmCO2_35C_TGA,SBA-15_EI-den_40%,10.1021/jacs.7b00235,021.pdf-id_comprehensive_extraction.json,SBA-15,Porous Silica Materials,EI-Den,Dendritic Polyamines,247.26,35.0,8.13953488372093,0,,0,,880.0,1.0,8.0,150.0,0.27,7.2,0.0,400 ppm,0.04,400 mL/min,400.0,,35.0,TGA,2.3 mmol/g,2.3,0.18 mmol/mmol,0.18,,,,,,,,,,,,,,,,,,,,,,,,qwen3-max,DAC_prompt_SCaSE
SBA-15_EI-den_45%_SBA-15_45%EI-den_400ppmCO2_35C_TGA,SBA-15_EI-den_45%,10.1021/jacs.7b00235,021.pdf-id_comprehensive_extraction.json,SBA-15,Porous Silica Materials,EI-Den,Dendritic Polyamines,247.26,45.0,10.465116279069768,0,,0,,880.0,1.0,8.0,150.0,0.29,7.733333333333333,0.0,400 ppm,0.04,400 mL/min,400.0,,35.0,TGA,2.6 mmol/g,2.6,0.19 mmol/mmol,0.19,,,,,,,,,,,,,,,,,,,,,,,,qwen3-max,DAC_prompt_SCaSE
SBA-15_EI-den_110C_SBA-15_110CEI-den_400ppmCO2_35C_TGA,SBA-15_EI-den_110C,10.1021/jacs.7b00235,021.pdf-id_comprehensive_extraction.json,SBA-15,Porous Silica Materials,EI-Den,Dendritic Polyamines,247.26,38.0,8.837209302325581,0,,0,,880.0,1.0,8.0,260.0,0.44,6.769230769230769,0.0,400 ppm,0.04,400 mL/min,400.0,,35.0,TGA,0.2 mmol/g,0.2,0.02 mmol/mmol,0.02,,,,,,,,,,,,,,,,,,,,,,,,qwen3-max,DAC_prompt_SCaSE
SBA-15_PI-den_10%_SBA-15_10%PI-den_400ppmCO2_35C_TGA,SBA-15_PI-den_10%,10.1021/jacs.7b00235,021.pdf-id_comprehensive_extraction.json,SBA-15,Porous Silica Materials,PI-Den,Dendritic Polyamines,303.32,12.0,2.7906976744186047,0,,0,,880.0,1.0,8.0,320.0,0.61,7.625,0.0,400 ppm,0.04,400 mL/min,400.0,,35.0,TGA,0.08 mmol/g,0.08,0.03 mmol/mmol,0.03,,,,,,,,,,,,,,,,,,,,,,,,qwen3-max,DAC_prompt_SCaSE
SBA-15_PI-den_20%_SBA-15_20%PI-den_400ppmCO2_35C_TGA,SBA-15_PI-den_20%,10.1021/jacs.7b00235,021.pdf-id_comprehensive_extraction.json,SBA-15,Porous Silica Materials,PI-Den,Dendritic Polyamines,303.32,21.0,4.883720930232558,0,,0,,880.0,1.0,8.0,360.0,0.69,7.666666666666667,0.0,400 ppm,0.04,400 mL/min,400.0,,35.0,TGA,0.4 mmol/g,0.4,0.07 mmol/mmol,0.07,,,,,,,,,,,,,,,,,,,,,,,,qwen3-max,DAC_prompt_SCaSE
SBA-15_PI-den_30%_SBA-15_30%PI-den_400ppmCO2_35C_TGA,SBA-15_PI-den_30%,10.1021/jacs.7b00235,021.pdf-id_comprehensive_extraction.json,SBA-15,Porous Silica Materials,PI-Den,Dendritic Polyamines,303.32,28.0,6.511627906976744,0,,0,,880.0,1.0,8.0,340.0,0.64,7.529411764705882,0.0,400 ppm,0.04,400 mL/min,400.0,,35.0,TGA,0.9 mmol/g,0.9,0.12 mmol/mmol,0.12,,,,,,,,,,,,,,,,,,,,,,,,qwen3-max,DAC_prompt_SCaSE
SBA-15_PI-den_35%_SBA-15_35%PI-den_400ppmCO2_35C_TGA,SBA-15_PI-den_35%,10.1021/jacs.7b00235,021.pdf-id_comprehensive_extraction.json,SBA-15,Porous Silica Materials,PI-Den,Dendritic Polyamines,303.32,34.0,7.906976744186047,0,,0,,880.0,1.0,8.0,240.0,0.45,7.5,0.0,400 ppm,0.04,400 mL/min,400.0,,35.0,TGA,1.4 mmol/g,1.4,0.14 mmol/mmol,0.14,,,,,,,,,,,,,,,,,,,,,,,,qwen3-max,DAC_prompt_SCaSE
SBA-15_PI-den_40%_SBA-15_40%PI-den_400ppmCO2_35C_TGA,SBA-15_PI-den_40%,10.1021/jacs.7b00235,021.pdf-id_comprehensive_extraction.json,SBA-15,Porous Silica Materials,PI-Den,Dendritic Polyamines,303.32,37.0,8.604651162790699,0,,0,,880.0,1.0,8.0,100.0,0.18,7.2,0.0,400 ppm,0.04,400 mL/min,400.0,,35.0,TGA,2.0 mmol/g,2.0,0.17 mmol/mmol,0.17,,,,,,,,,,,,,,,,,,,,,,,,qwen3-max,DAC_prompt_SCaSE
SBA-15_PI-den_45%_SBA-15_45%PI-den_400ppmCO2_35C_TGA,SBA-15_PI-den_45%,10.1021/jacs.7b00235,021.pdf-id_comprehensive_extraction.json,SBA-15,Porous Silica Materials,PI-Den,Dendritic Polyamines,303.32,46.0,10.697674418604652,0,,0,,880.0,1.0,8.0,120.0,0.24,8.0,0.0,400 ppm,0.04,400 mL/min,400.0,,35.0,TGA,2.4 mmol/g,2.4,0.14 mmol/mmol,0.14,,,,,,,,,,,,,,,,,,,,,,,,qwen3-max,DAC_prompt_SCaSE
SBA-15_PI-den_110C_SBA-15_110CPI-den_400ppmCO2_35C_TGA,SBA-15_PI-den_110C,10.1021/jacs.7b00235,021.pdf-id_comprehensive_extraction.json,SBA-15,Porous Silica Materials,PI-Den,Dendritic Polyamines,303.32,40.0,9.30232558139535,0,,0,,880.0,1.0,8.0,240.0,0.42,7.0,0.0,400 ppm,0.04,400 mL/min,400.0,,35.0,TGA,1.9 mmol/g,1.9,0.15 mmol/mmol,0.15,,,,,,,,,,,,,,,,,,,,,,,,qwen3-max,DAC_prompt_SCaSE
MIL-101(Cr)_bare_MIL-101(Cr)_bare_T25_TGA_400ppm_CO2_in_He,MIL-101(Cr)_bare,10.1021/acssuschemeng.6b01692,022.pdf-id_comprehensive_extraction.json,MIL-101(Cr),Metal-Organic Frameworks (MOFs),0,,,,,0,,0,,3340.0,1.38,2.9,3340.0,1.38,2.9,0.0,400 ppm,0.04,90 mL/h,90.0,,25.0,TGA,0.05 mmol/g,0.05,,,,,,,,,,,,,,,,,,,,,,,,,,qwen3-max,DAC_prompt_SCaSE
MIL-101(Cr)_TREN_2.63%_MIL-101(Cr)_2.63%TREN__T25_TGA_400ppm_CO2_in_He_Cycle1,MIL-101(Cr)_TREN_2.63%,10.1021/acssuschemeng.6b01692,022.pdf-id_comprehensive_extraction.json,MIL-101(Cr),Metal-Organic Frameworks (MOFs),TREN,Small-Molecule Polyamines,146.23,2.63,0.6116279069767442,0,,0,,3340.0,1.38,2.9,,,,0.0,400 ppm,0.04,90 mL/h,90.0,,25.0,TGA,0.35 mmol/g,0.35,~4%,0.04,,,,,,,,,He,110.0,3.0,,,Cyclic CO2 profile,CO₂ Adsorption (mmol/g),"[[1, 0.35], [2, 0.35], [3, 0.35]]",mmol/g,3.0,,,,,,qwen3-max,DAC_prompt_SCaSE
MIL-101(Cr)_TREN_5.67%_MIL-101(Cr)_5.67%TREN__T25_TGA_400ppm_CO2_in_He_Cycle1,MIL-101(Cr)_TREN_5.67%,10.1021/acssuschemeng.6b01692,022.pdf-id_comprehensive_extraction.json,MIL-101(Cr),Metal-Organic Frameworks (MOFs),TREN,Small-Molecule Polyamines,146.23,5.67,1.3186046511627907,0,,0,,3340.0,1.38,2.9,,,,0.0,400 ppm,0.04,90 mL/h,90.0,,25.0,TGA,2.8 mmol/g,2.8,~17%,0.17,,,,,,,,,He,110.0,3.0,,,Cyclic CO2 profile,CO₂ Adsorption (mmol/g),"[[1, 2.85], [2, 2.8], [3, 2.5]]",mmol/g,3.0,Weight/mass profile,Adsorbent Weight (mg),"[[0, 39.5], [100, 33.0], [200, 32.2], [300, 32.5], [500, 36.2], [700, 36.5], [900, 32.0], [1000, 30.5], [1200, 32.0], [1400, 34.5], [1500, 30.0], [1600, 29.0], [1800, 32.5], [2000, 33.0]]","min, mg",2000.0,qwen3-max,DAC_prompt_SCaSE
MIL-101(Cr)_PEI_0.18%_MIL-101(Cr)_0.18%PEI__T25_TGA_400ppm_CO2_in_He,MIL-101(Cr)_PEI_0.18%,10.1021/acssuschemeng.6b01692,022.pdf-id_comprehensive_extraction.json,MIL-101(Cr),Metal-Organic Frameworks (MOFs),PEI,Polymeric Amines,800.0,0.18,0.04186046511627907,0,,0,,3340.0,1.38,2.9,2480.0,1.22,2.5,0.0,400 ppm,0.04,90 mL/h,90.0,,25.0,TGA,0.12 mmol/g,0.12,,,,,,,,,,,,,,,,,,,,,,,,,,qwen3-max,DAC_prompt_SCaSE
MIL-101(Cr)_PEI_0.36%_MIL-101(Cr)_0.36%PEI__T25_TGA_400ppm_CO2_in_He,MIL-101(Cr)_PEI_0.36%,10.1021/acssuschemeng.6b01692,022.pdf-id_comprehensive_extraction.json,MIL-101(Cr),Metal-Organic Frameworks (MOFs),PEI,Polymeric Amines,800.0,0.36,0.08372093023255814,0,,0,,3340.0,1.38,2.9,2140.0,1.1,2.3,0.0,400 ppm,0.04,90 mL/h,90.0,,25.0,TGA,0.14 mmol/g,0.14,,,,,,,,,,,,,,,,,,,,,,,,,,qwen3-max,DAC_prompt_SCaSE
MIL-101(Cr)_PEI_0.77%_MIL-101(Cr)_0.77%PEI__T25_TGA_400ppm_CO2_in_He,MIL-101(Cr)_PEI_0.77%,10.1021/acssuschemeng.6b01692,022.pdf-id_comprehensive_extraction.json,MIL-101(Cr),Metal-Organic Frameworks (MOFs),PEI,Polymeric Amines,800.0,0.77,0.17906976744186048,0,,0,,3340.0,1.38,2.9,1055.0,0.92,1.8,0.0,400 ppm,0.04,90 mL/h,90.0,,25.0,TGA,1.15 mmol/g,1.15,,,,,,,,,,,,,,,,,,,,,,,,,,qwen3-max,DAC_prompt_SCaSE
MIL-101(Cr)_PEI_0.97%_MIL-101(Cr)_0.97%PEI__T25_TGA_400ppm_CO2_in_He,MIL-101(Cr)_PEI_0.97%,10.1021/acssuschemeng.6b01692,022.pdf-id_comprehensive_extraction.json,MIL-101(Cr),Metal-Organic Frameworks (MOFs),PEI,Polymeric Amines,800.0,0.97,0.2255813953488372,0,,0,,3340.0,1.38,2.9,727.0,0.72,1.4,0.0,400 ppm,0.04,90 mL/h,90.0,,25.0,TGA,1.15 mmol/g,1.15,~11%,0.11,,200.0,300.0,Fixed-Bed Breakthrough Testing; TG Curve/ CO2 adsorption profile,Normalized Capacity; CO₂ Adsorption (mmol/g),"[[0, 0.0], [50, 0.55], [100, 0.78], [150, 0.88], [200, 0.94], [250, 0.97], [300, 0.99], [350, 1.0], [400, 1.0]]; [[25, 0.42], [50, 0.7], [75, 0.93], [100, 1.04], [237, 1.15]]","Min, Normalized Capacity; min, mmol/g","['~200 min', '~300 min']; ['~100 min', '~200 min']",,,,,,,,,,,,,,,,qwen3-max,DAC_prompt_SCaSE
MIL-101(Cr)_PEI_1.06%_MIL-101(Cr)_1.06%PEI__T25_TGA_400ppm_CO2_in_He_Cycle1,MIL-101(Cr)_PEI_1.06%,10.1021/acssuschemeng.6b01692,022.pdf-id_comprehensive_extraction.json,MIL-101(Cr),Metal-Organic Frameworks (MOFs),PEI,Polymeric Amines,800.0,1.06,0.24651162790697675,0,,0,,3340.0,1.38,2.9,560.0,0.56,1.1,0.0,400 ppm,0.04,90 mL/h,90.0,,25.0,TGA,1.10 mmol/g,1.1,,,,,,,,,,,He,110.0,3.0,,,Cyclic CO2 profile,CO₂ Adsorption (mmol/g),"[[1, 1.1], [2, 1.05], [3, 1.02]]",mmol/g,3.0,,,,,,qwen3-max,DAC_prompt_SCaSE
MIL-101(Cr)_PEI_1.06%_MIL-101(Cr)_1.06%PEI__T25_BTC_400ppm_CO2_in_He,MIL-101(Cr)_PEI_1.06%,10.1021/acssuschemeng.6b01692,022.pdf-id_comprehensive_extraction.json,MIL-101(Cr),Metal-Organic Frameworks (MOFs),PEI,Polymeric Amines,800.0,1.06,0.24651162790697675,0,,0,,3340.0,1.38,2.9,560.0,0.56,1.1,0.0,400 ppm,0.04,,,,25.0,BTC,1.10 mmol/g,1.1,,,70.0,,,,,,,,,,,,,,,,,,,,,,,qwen3-max,DAC_prompt_SCaSE
MIL-101(Cr)_PEI_1.06%_MIL-101(Cr)_1.06%PEI__T50_BTC_400ppm_CO2_in_He,MIL-101(Cr)_PEI_1.06%,10.1021/acssuschemeng.6b01692,022.pdf-id_comprehensive_extraction.json,MIL-101(Cr),Metal-Organic Frameworks (MOFs),PEI,Polymeric Amines,800.0,1.06,0.24651162790697675,0,,0,,3340.0,1.38,2.9,560.0,0.56,1.1,0.0,400 ppm,0.04,,,,50.0,BTC,0.95 mmol/g,0.95,,,,,,,,,,,,,,,,,,,,,,,,,,qwen3-max,DAC_prompt_SCaSE
MIL-101(Cr)_PEI_1.06%_MIL-101(Cr)_1.06%PEI__T75_BTC_400ppm_CO2_in_He,MIL-101(Cr)_PEI_1.06%,10.1021/acssuschemeng.6b01692,022.pdf-id_comprehensive_extraction.json,MIL-101(Cr),Metal-Organic Frameworks (MOFs),PEI,Polymeric Amines,800.0,1.06,0.24651162790697675,0,,0,,3340.0,1.38,2.9,560.0,0.56,1.1,0.0,400 ppm,0.04,,,,75.0,BTC,0.75 mmol/g,0.75,,,,,,,,,,,,,,,,,,,,,,,,,,qwen3-max,DAC_prompt_SCaSE
MIL-101(Cr)_PEI_1.32%_MIL-101(Cr)_1.32%PEI__T25_TGA_400ppm_CO2_in_He,MIL-101(Cr)_PEI_1.32%,10.1021/acssuschemeng.6b01692,022.pdf-id_comprehensive_extraction.json,MIL-101(Cr),Metal-Organic Frameworks (MOFs),PEI,Polymeric Amines,800.0,1.32,0.30697674418604654,0,,0,,3340.0,1.38,2.9,,,,0.0,400 ppm,0.04,90 mL/h,90.0,,25.0,TGA,1.20 mmol/g,1.2,,,,150.0,250.0,Fixed-Bed Breakthrough Testing; TG Curve/ CO2 adsorption profile,Normalized Capacity; CO₂ Adsorption (mmol/g),"[[0, 0.0], [50, 0.62], [100, 0.85], [150, 0.96], [200, 1.0], [250, 1.02], [300, 1.03], [350, 1.04], [400, 1.04]]; [[25, 0.27], [50, 0.52], [75, 0.76], [100, 0.95], [306, 1.2]]","Min, Normalized Capacity; min, mmol/g","['~150 min', '~250 min']; ['~150 min', '~250 min']",,,,,,,,,,,,,,,,qwen3-max,DAC_prompt_SCaSE
MIL-101(Cr)_PEI_1.76%_MIL-101(Cr)_1.76%PEI__T25_TGA_400ppm_CO2_in_He,MIL-101(Cr)_PEI_1.76%,10.1021/acssuschemeng.6b01692,022.pdf-id_comprehensive_extraction.json,MIL-101(Cr),Metal-Organic Frameworks (MOFs),PEI,Polymeric Amines,800.0,1.76,0.40930232558139534,0,,0,,3340.0,1.38,2.9,31.0,0.38,0.6,0.0,400 ppm,0.04,90 mL/h,90.0,,25.0,TGA,1.35 mmol/g,1.35,,,,150.0,250.0,Fixed-Bed Breakthrough Testing; TG Curve/ CO2 adsorption profile,Normalized Capacity; CO₂ Adsorption (mmol/g),"[[0, 0.0], [50, 0.68], [100, 0.92], [150, 1.02], [200, 1.06], [250, 1.08], [300, 1.09], [350, 1.1], [400, 1.1]]; [[25, 0.29], [50, 0.58], [75, 0.8], [100, 0.98], [341, 1.35]]","Min, Normalized Capacity; min, mmol/g","['~150 min', '~250 min']; ['~150 min', '~300 min']",,,,,,,,,,,,,,,,qwen3-max,DAC_prompt_SCaSE
MIL-101(Cr)_PEI_1.06%_humid_MIL-101(Cr)_1.06%PEI_RH32%_T25_TGA_400ppm_CO2_in_He,MIL-101(Cr)_PEI_1.06%_humid,10.1021/acssuschemeng.6b01692,022.pdf-id_comprehensive_extraction.json,MIL-101(Cr),Metal-Organic Frameworks (MOFs),PEI,Polymeric Amines,800.0,1.06,0.24651162790697675,0,,0,,3340.0,1.38,2.9,560.0,0.56,1.1,32.0,400 ppm,0.04,90 mL/h,90.0,,25.0,TGA,1.26 mmol/g,1.26,,,,,,,,,,,,,,,,,,,,,,,,,,qwen3-max,DAC_prompt_SCaSE
Mesoporous γ-Al2O3_PEI_40%_Mesoporous γ-Al2O3_40%PEI__T25_BTC_Dry_400ppm,Mesoporous γ-Al2O3_PEI_40%,10.1021/acsenvironau.3c00010,023.pdf-id_comprehensive_extraction.json,Mesoporous γ-Al2O3,Porous Alumina (PA),PEI,Polymeric Amines,800.0,35.7,8.30232558139535,0,,0,,124.0,1.0,16.1,24.5,0.28,45.714285714285715,0.0,400 ppm,0.04,90 mL/min,90.0,[],25.0,BTC,1.0 mmol/g,1.0,0.07 mmol/mmol,0.07,,,,,,,,,He,60.0,2.0,,,,,,,,,,,,,qwen3-max,DAC_prompt_SCaSE
Mesoporous γ-Al2O3_PEI_40%_Mesoporous γ-Al2O3_40%PEI__T-20_BTC_Dry_400ppm,Mesoporous γ-Al2O3_PEI_40%,10.1021/acsenvironau.3c00010,023.pdf-id_comprehensive_extraction.json,Mesoporous γ-Al2O3,Porous Alumina (PA),PEI,Polymeric Amines,800.0,35.7,8.30232558139535,0,,0,,124.0,1.0,16.1,24.5,0.28,45.714285714285715,0.0,400 ppm,0.04,90 mL/min,90.0,[],-20.0,BTC,0.49 mmol/g,0.49,0.03 mmol/mmol,0.03,,,,,,,,,He,60.0,2.0,,,,,,,,,,,,,qwen3-max,DAC_prompt_SCaSE
Mesoporous γ-Al2O3_PEI_40%_Mesoporous γ-Al2O3_40%PEI__T25_BTC_Humid70%_400ppm,Mesoporous γ-Al2O3_PEI_40%,10.1021/acsenvironau.3c00010,023.pdf-id_comprehensive_extraction.json,Mesoporous γ-Al2O3,Porous Alumina (PA),PEI,Polymeric Amines,800.0,35.7,8.30232558139535,0,,0,,124.0,1.0,16.1,24.5,0.28,45.714285714285715,70.0,400 ppm,0.04,50 mL/min,50.0,[],25.0,BTC,2.0 mmol/g,2.0,0.14 mmol/mmol,0.14,,,,,,,,,N2,60.0,2.0,,,,,,,,,,,,,qwen3-max,DAC_prompt_SCaSE
Mesoporous γ-Al2O3_PEI_40%_Mesoporous γ-Al2O3_40%PEI__T-20_BTC_Humid70%_400ppm,Mesoporous γ-Al2O3_PEI_40%,10.1021/acsenvironau.3c00010,023.pdf-id_comprehensive_extraction.json,Mesoporous γ-Al2O3,Porous Alumina (PA),PEI,Polymeric Amines,800.0,35.7,8.30232558139535,0,,0,,124.0,1.0,16.1,24.5,0.28,45.714285714285715,70.0,400 ppm,0.04,50 mL/min,50.0,[],-20.0,BTC,1.8 mmol/g,1.8,0.12 mmol/mmol,0.12,,,,,,,,,N2,60.0,2.0,,,,,,,,,,,,,qwen3-max,DAC_prompt_SCaSE
Mesoporous γ-Al2O3_PEI_20%_Mesoporous γ-Al2O3_20%PEI__T25_BTC_Dry_400ppm,Mesoporous γ-Al2O3_PEI_20%,10.1021/acsenvironau.3c00010,023.pdf-id_comprehensive_extraction.json,Mesoporous γ-Al2O3,Porous Alumina (PA),PEI,Polymeric Amines,800.0,18.3,4.2558139534883725,0,,0,,124.0,1.0,16.1,68.3,0.58,33.96778916544656,0.0,400 ppm,0.04,90 mL/min,90.0,[],25.0,BTC,0.58 mmol/g,0.58,0.08 mmol/mmol,0.08,,,,,,,,,He,50.0,2.0,,,,,,,,,,,,,qwen3-max,DAC_prompt_SCaSE
Mesoporous γ-Al2O3_PEI_20%_Mesoporous γ-Al2O3_20%PEI__T-20_BTC_Dry_400ppm,Mesoporous γ-Al2O3_PEI_20%,10.1021/acsenvironau.3c00010,023.pdf-id_comprehensive_extraction.json,Mesoporous γ-Al2O3,Porous Alumina (PA),PEI,Polymeric Amines,800.0,18.3,4.2558139534883725,0,,0,,124.0,1.0,16.1,68.3,0.58,33.96778916544656,0.0,400 ppm,0.04,90 mL/min,90.0,[],-20.0,BTC,0.47 mmol/g,0.47,0.06 mmol/mmol,0.06,,,,,,,,,He,50.0,2.0,,,,,,,,,,,,,qwen3-max,DAC_prompt_SCaSE
Mesoporous γ-Al2O3_PEI_20%_Mesoporous γ-Al2O3_20%PEI__T25_BTC_Humid70%_400ppm,Mesoporous γ-Al2O3_PEI_20%,10.1021/acsenvironau.3c00010,023.pdf-id_comprehensive_extraction.json,Mesoporous γ-Al2O3,Porous Alumina (PA),PEI,Polymeric Amines,800.0,18.3,4.2558139534883725,0,,0,,124.0,1.0,16.1,68.3,0.58,33.96778916544656,70.0,400 ppm,0.04,50 mL/min,50.0,[],25.0,BTC,0.87 mmol/g,0.87,0.12 mmol/mmol,0.12,,,,,,,,,N2,50.0,2.0,,,,,,,,,,,,,qwen3-max,DAC_prompt_SCaSE
Mesoporous γ-Al2O3_PEI_20%_Mesoporous γ-Al2O3_20%PEI__T-20_BTC_Humid70%_400ppm,Mesoporous γ-Al2O3_PEI_20%,10.1021/acsenvironau.3c00010,023.pdf-id_comprehensive_extraction.json,Mesoporous γ-Al2O3,Porous Alumina (PA),PEI,Polymeric Amines,800.0,18.3,4.2558139534883725,0,,0,,124.0,1.0,16.1,68.3,0.58,33.96778916544656,70.0,400 ppm,0.04,50 mL/min,50.0,[],-20.0,BTC,1.26 mmol/g,1.26,0.17 mmol/mmol,0.17,,,,,,,,,N2,50.0,2.0,,,,,,,,,,,,,qwen3-max,DAC_prompt_SCaSE
Mesoporous γ-Al2O3_PEI_10%_Mesoporous γ-Al2O3_10%PEI__T25_BTC_Dry_400ppm,Mesoporous γ-Al2O3_PEI_10%,10.1021/acsenvironau.3c00010,023.pdf-id_comprehensive_extraction.json,Mesoporous γ-Al2O3,Porous Alumina (PA),PEI,Polymeric Amines,800.0,9.2,2.13953488372093,0,,0,,124.0,1.0,16.1,106.2,0.7,26.365348399246702,0.0,400 ppm,0.04,90 mL/min,90.0,[],25.0,BTC,0.2 mmol/g,0.2,0.05 mmol/mmol,0.05,,,,,,,,,,,,,,,,,,,,,,,,qwen3-max,DAC_prompt_SCaSE
Mesoporous γ-Al2O3_PEI_10%_Mesoporous γ-Al2O3_10%PEI__T-20_BTC_Dry_400ppm,Mesoporous γ-Al2O3_PEI_10%,10.1021/acsenvironau.3c00010,023.pdf-id_comprehensive_extraction.json,Mesoporous γ-Al2O3,Porous Alumina (PA),PEI,Polymeric Amines,800.0,9.2,2.13953488372093,0,,0,,124.0,1.0,16.1,106.2,0.7,26.365348399246702,0.0,400 ppm,0.04,90 mL/min,90.0,[],-20.0,BTC,0.3 mmol/g,0.3,0.08 mmol/mmol,0.08,,,,,,,,,,,,,,,,,,,,,,,,qwen3-max,DAC_prompt_SCaSE
Mesoporous γ-Al2O3_TEPA_40%_Mesoporous γ-Al2O3_40%TEPA__T25_BTC_Dry_400ppm,Mesoporous γ-Al2O3_TEPA_40%,10.1021/acsenvironau.3c00010,023.pdf-id_comprehensive_extraction.json,Mesoporous γ-Al2O3,Porous Alumina (PA),TEPA,Small-Molecule Polyamines,189.3,37.5,8.720930232558139,0,,0,,124.0,1.0,16.1,26.9,0.35,52.044609665427515,0.0,400 ppm,0.04,90 mL/min,90.0,[],25.0,BTC,1.8 mmol/g,1.8,0.17 mmol/mmol,0.17,,,,,,,,,He,70.0,2.0,,,,,,,,,,,,,qwen3-max,DAC_prompt_SCaSE
Mesoporous γ-Al2O3_TEPA_40%_Mesoporous γ-Al2O3_40%TEPA__T-20_BTC_Dry_400ppm,Mesoporous γ-Al2O3_TEPA_40%,10.1021/acsenvironau.3c00010,023.pdf-id_comprehensive_extraction.json,Mesoporous γ-Al2O3,Porous Alumina (PA),TEPA,Small-Molecule Polyamines,189.3,37.5,8.720930232558139,0,,0,,124.0,1.0,16.1,26.9,0.35,52.044609665427515,0.0,400 ppm,0.04,90 mL/min,90.0,[],-20.0,BTC,1.2 mmol/g,1.2,0.12 mmol/mmol,0.12,,,,,,,,,He,70.0,2.0,,,,,,,,,,,,,qwen3-max,DAC_prompt_SCaSE
Mesoporous γ-Al2O3_TEPA_40%_Mesoporous γ-Al2O3_40%TEPA__T25_BTC_Humid70%_400ppm,Mesoporous γ-Al2O3_TEPA_40%,10.1021/acsenvironau.3c00010,023.pdf-id_comprehensive_extraction.json,Mesoporous γ-Al2O3,Porous Alumina (PA),TEPA,Small-Molecule Polyamines,189.3,37.5,8.720930232558139,0,,0,,124.0,1.0,16.1,26.9,0.35,52.044609665427515,70.0,400 ppm,0.04,50 mL/min,50.0,[],25.0,BTC,2.5 mmol/g,2.5,0.25 mmol/mmol,0.25,,,,,,,,,N2,70.0,2.0,,,,,,,,,,,,,qwen3-max,DAC_prompt_SCaSE
Mesoporous γ-Al2O3_TEPA_40%_Mesoporous γ-Al2O3_40%TEPA__T-20_BTC_Humid70%_400ppm,Mesoporous γ-Al2O3_TEPA_40%,10.1021/acsenvironau.3c00010,023.pdf-id_comprehensive_extraction.json,Mesoporous γ-Al2O3,Porous Alumina (PA),TEPA,Small-Molecule Polyamines,189.3,37.5,8.720930232558139,0,,0,,124.0,1.0,16.1,26.9,0.35,52.044609665427515,70.0,400 ppm,0.04,50 mL/min,50.0,[],-20.0,BTC,0.65 mmol/g,0.65,0.065 mmol/mmol,0.065,,,,,,,,,N2,70.0,2.0,,,,,,,,,,,,,qwen3-max,DAC_prompt_SCaSE
Mesoporous γ-Al2O3_TEPA_20%_Mesoporous γ-Al2O3_20%TEPA__T25_BTC_Dry_400ppm,Mesoporous γ-Al2O3_TEPA_20%,10.1021/acsenvironau.3c00010,023.pdf-id_comprehensive_extraction.json,Mesoporous γ-Al2O3,Porous Alumina (PA),TEPA,Small-Molecule Polyamines,189.3,23.0,5.348837209302326,0,,0,,124.0,1.0,16.1,53.9,0.66,48.9795918367347,0.0,400 ppm,0.04,90 mL/min,90.0,[],25.0,BTC,1.2 mmol/g,1.2,0.20 mmol/mmol,0.2,,,,,,,,,He,60.0,2.0,,,,,,,,,,,,,qwen3-max,DAC_prompt_SCaSE
Mesoporous γ-Al2O3_TEPA_20%_Mesoporous γ-Al2O3_20%TEPA__T-20_BTC_Dry_400ppm,Mesoporous γ-Al2O3_TEPA_20%,10.1021/acsenvironau.3c00010,023.pdf-id_comprehensive_extraction.json,Mesoporous γ-Al2O3,Porous Alumina (PA),TEPA,Small-Molecule Polyamines,189.3,23.0,5.348837209302326,0,,0,,124.0,1.0,16.1,53.9,0.66,48.9795918367347,0.0,400 ppm,0.04,90 mL/min,90.0,[],-20.0,BTC,0.9 mmol/g,0.9,0.15 mmol/mmol,0.15,,,,,,,,,He,60.0,2.0,,,,,,,,,,,,,qwen3-max,DAC_prompt_SCaSE
Mesoporous γ-Al2O3_TEPA_20%_Mesoporous γ-Al2O3_20%TEPA__T25_BTC_Humid70%_400ppm,Mesoporous γ-Al2O3_TEPA_20%,10.1021/acsenvironau.3c00010,023.pdf-id_comprehensive_extraction.json,Mesoporous γ-Al2O3,Porous Alumina (PA),TEPA,Small-Molecule Polyamines,189.3,23.0,5.348837209302326,0,,0,,124.0,1.0,16.1,53.9,0.66,48.9795918367347,70.0,400 ppm,0.04,50 mL/min,50.0,[],25.0,BTC,1.5 mmol/g,1.5,0.25 mmol/mmol,0.25,,,,,,,,,N2,60.0,2.0,,,,,,,,,,,,,qwen3-max,DAC_prompt_SCaSE
Mesoporous γ-Al2O3_TEPA_20%_Mesoporous γ-Al2O3_20%TEPA__T-20_BTC_Humid70%_400ppm,Mesoporous γ-Al2O3_TEPA_20%,10.1021/acsenvironau.3c00010,023.pdf-id_comprehensive_extraction.json,Mesoporous γ-Al2O3,Porous Alumina (PA),TEPA,Small-Molecule Polyamines,189.3,23.0,5.348837209302326,0,,0,,124.0,1.0,16.1,53.9,0.66,48.9795918367347,70.0,400 ppm,0.04,50 mL/min,50.0,[],-20.0,BTC,1.88 mmol/g,1.88,0.31 mmol/mmol,0.31,,,,,,,,,N2,60.0,2.0,,,,,,,,,,,,,qwen3-max,DAC_prompt_SCaSE
Mesoporous γ-Al2O3_TEPA_10%_Mesoporous γ-Al2O3_10%TEPA__T25_BTC_Dry_400ppm,Mesoporous γ-Al2O3_TEPA_10%,10.1021/acsenvironau.3c00010,023.pdf-id_comprehensive_extraction.json,Mesoporous γ-Al2O3,Porous Alumina (PA),TEPA,Small-Molecule Polyamines,189.3,11.4,2.6511627906976747,0,,0,,124.0,1.0,16.1,97.8,0.77,31.49284253578732,0.0,400 ppm,0.04,90 mL/min,90.0,[],25.0,BTC,0.22 mmol/g,0.22,0.075 mmol/mmol,0.075,,,,,,,,,,,,,,,,,,,,,,,,qwen3-max,DAC_prompt_SCaSE
Mesoporous γ-Al2O3_TEPA_10%_Mesoporous γ-Al2O3_10%TEPA__T-20_BTC_Dry_400ppm,Mesoporous γ-Al2O3_TEPA_10%,10.1021/acsenvironau.3c00010,023.pdf-id_comprehensive_extraction.json,Mesoporous γ-Al2O3,Porous Alumina (PA),TEPA,Small-Molecule Polyamines,189.3,11.4,2.6511627906976747,0,,0,,124.0,1.0,16.1,97.8,0.77,31.49284253578732,0.0,400 ppm,0.04,90 mL/min,90.0,[],-20.0,BTC,0.36 mmol/g,0.36,0.12 mmol/mmol,0.12,,,,,,,,,,,,,,,,,,,,,,,,qwen3-max,DAC_prompt_SCaSE
HS_bare_HS_bare_400ppmCO2_30C_TGA,HS_bare,10.1021/acs.iecr.2c02268,024.pdf-id_comprehensive_extraction.json,HS,Porous Silica Materials,0,,,,,0,,0,,967.0,2.31,3.0,,,,0.0,400 ppm,0.04,20 mL/min,20.0,He,30.0,TGA,0.64 mmol/g,0.64,,,,,,,,,,,,,,,,,,,,,,,,,,qwen3-max,DAC_prompt_SCaSE
HS_TEPA_30_HS_30%TEPA__T30_TGA_400ppmCO2,HS_TEPA_30,10.1021/acs.iecr.2c02268,024.pdf-id_comprehensive_extraction.json,HS,Porous Silica Materials,TEPA,Small-Molecule Polyamines,189.3,30.0,7.95,0,,0,,967.0,2.31,3.0,275.0,1.04,1.67,0.0,400 ppm,0.04,20 mL/min,20.0,He,30.0,TGA,1.11 mmol/g,1.11,0.14 mmol/mmol,0.14,,68.0,196.25,Fixed-Bed Breakthrough Testing,CO₂ Uptake (mmol/g),"[[0, 0.0], [50, 0.6], [100, 1.0], [150, 1.3], [200, 1.5], [250, 1.6], [300, 1.65], [400, 1.65], [500, 1.65], [600, 1.65], [720, 1.11]]","Time (min), CO₂ Uptake (mmol/g)","[68, '-']",,,,,,,,,,,,,,,,qwen3-max,DAC_prompt_SCaSE
HS_TEPA_50_HS_50%TEPA__T30_TGA_400ppmCO2,HS_TEPA_50,10.1021/acs.iecr.2c02268,024.pdf-id_comprehensive_extraction.json,HS,Porous Silica Materials,TEPA,Small-Molecule Polyamines,189.3,50.0,11.78,0,,0,,967.0,2.31,3.0,99.0,0.64,1.0,0.0,400 ppm,0.04,20 mL/min,20.0,He,30.0,TGA,2.98 mmol/g,2.98,0.25 mmol/mmol,0.25,,87.0,220.00000000000009,Fixed-Bed Breakthrough Testing,CO₂ Uptake (mmol/g),"[[0, 0.0], [50, 1.2], [100, 2.0], [150, 2.5], [200, 2.8], [250, 3.0], [300, 3.1], [400, 3.2], [500, 3.2], [600, 3.2], [720, 2.98]]","Time (min), CO₂ Uptake (mmol/g)","[87, '-']",,,,,,,,,,,,,,,,qwen3-max,DAC_prompt_SCaSE
HS_TEPA_70_HS_70%TEPA__T30_TGA_400ppmCO2_dry,HS_TEPA_70,10.1021/acs.iecr.2c02268,024.pdf-id_comprehensive_extraction.json,HS,Porous Silica Materials,TEPA,Small-Molecule Polyamines,189.3,70.0,16.09,0,,0,,967.0,2.31,3.0,17.0,0.14,0.35,0.0,400 ppm,0.04,20 mL/min,20.0,He,30.0,TGA,5.20 mmol/g,5.2,0.32 mmol/mmol,0.32,104.0,110.0,252.0,Fixed-Bed Breakthrough Testing,CO₂ Uptake (mmol/g),"[[0, 0.0], [50, 2.1], [100, 3.5], [150, 4.3], [200, 4.8], [250, 5.1], [300, 5.3], [400, 5.4], [500, 5.5], [600, 5.5], [720, 5.2]]","Time (min), CO₂ Uptake (mmol/g)","[110, 252]",,,,,,Cyclic CO2 profile,CO₂ Uptake (mg/g),"[[1, 198.0], [2, 175.0], [3, 172.0], [4, 178.0], [5, 165.0], [6, 158.0], [7, 155.0], [8, 152.0], [9, 154.0], [10, 153.0]]",CO₂ Uptake (mg/g),10.0,,,,,,qwen3-max,DAC_prompt_SCaSE
HS_TEPA_70_HS_70%TEPA__T30_TGA_400ppmCO2_humid,HS_TEPA_70,10.1021/acs.iecr.2c02268,024.pdf-id_comprehensive_extraction.json,HS,Porous Silica Materials,TEPA,Small-Molecule Polyamines,189.3,70.0,16.09,0,,0,,967.0,2.31,3.0,17.0,0.14,0.35,50.0,400 ppm,0.04,20 mL/min,20.0,He,30.0,TGA,5.88 mmol/g,5.88,,,,,,,,,,,,,,,,,,,,,,,,,,qwen3-max,DAC_prompt_SCaSE
HS_TEPA_70_HS_70%TEPA__T30_TGA_400ppmCO2_N2_selectivity,HS_TEPA_70,10.1021/acs.iecr.2c02268,024.pdf-id_comprehensive_extraction.json,HS,Porous Silica Materials,TEPA,Small-Molecule Polyamines,189.3,70.0,16.09,0,,0,,967.0,2.31,3.0,17.0,0.14,0.35,0.0,400 ppm,0.04,20 mL/min,20.0,He,30.0,TGA,5.20 mmol/g,5.2,,,,128.94736842105263,296.25,Fixed-Bed Breakthrough Testing,Gas uptake (mmol/g),"[[0, 0.0], [100, 2.1], [200, 4.0], [300, 4.8], [400, 5.1], [500, 5.2], [600, 5.3], [700, 5.3]]","Time (min), Gas uptake (mmol/g)","['-', '-']",,,,,,,,,,,,,,,,qwen3-max,DAC_prompt_SCaSE
HS_TEPA_80_HS_80%TEPA__T30_TGA_400ppmCO2,HS_TEPA_80,10.1021/acs.iecr.2c02268,024.pdf-id_comprehensive_extraction.json,HS,Porous Silica Materials,TEPA,Small-Molecule Polyamines,189.3,80.0,17.24,0,,0,,967.0,2.31,3.0,0.8,0.002,0.003,0.0,400 ppm,0.04,20 mL/min,20.0,He,30.0,TGA,4.61 mmol/g,4.61,0.27 mmol/mmol,0.27,,75.0,238.33333333333343,Fixed-Bed Breakthrough Testing,CO₂ Uptake (mmol/g),"[[0, 0.0], [50, 1.8], [100, 2.9], [150, 3.6], [200, 4.0], [250, 4.3], [300, 4.5], [400, 4.6], [500, 4.7], [600, 4.7], [720, 4.61]]","Time (min), CO₂ Uptake (mmol/g)","['-', '-']",,,,,,,,,,,,,,,,qwen3-max,DAC_prompt_SCaSE
HS-TEPA-70-pellet_HS-TEPA-70-pellet_400ppmCO2_30C_TGA,HS-TEPA-70-pellet,10.1021/acs.iecr.2c02268,024.pdf-id_comprehensive_extraction.json,HS,Porous Silica Materials,TEPA,Small-Molecule Polyamines,189.3,70.0,14.97,0,,0,,967.0,2.31,3.0,9.0,0.09,0.18,0.0,400 ppm,0.04,20 mL/min,20.0,He,30.0,TGA,3.34 mmol/g,3.34,0.22 mmol/mmol,0.22,,162.5,530.0,Fixed-Bed Breakthrough Testing,CO₂ uptake (mmol/g),"[[0, 0.0], [100, 1.2], [200, 2.0], [300, 2.5], [400, 2.8], [500, 3.0], [600, 3.2], [650, 3.3], [700, 3.4]]","Time (min), CO₂ uptake (mmol/g)","['-', '-']",,,,,,Cyclic CO2 profile,CO₂ Uptake (mmol/g),"[[1, 3.2], [2, 3.1], [3, 3.0], [4, 2.9], [5, 2.8]]",CO₂ Uptake (mmol/g),5.0,,,,,,qwen3-max,DAC_prompt_SCaSE
SBA-15-R_PEI_30%_SBA-15-R_30%PEI__T-20_BTC_dry,SBA-15-R_PEI_30%,-,025.pdf-id_comprehensive_extraction.json,SBA-15-R,Porous Silica Materials,PEI,Polymeric Amines,600.0,30.0,6.976744186046512,0,,0,,728.9,0.11,8.1,,,,0.0,400 ppm,400.0,200 mL/min,200.0,,-20.0,BTC,0.83 mmol/g,0.83,,,,113.7,179.1,Fixed-Bed Breakthrough Testing,CO₂ concentration(ppm),"[[0, 0], [30, 0], [60, 0], [90, 120], [120, 220], [150, 300], [180, 360], [210, 390], [240, 395], [360, 398]]","Time(min), CO₂ concentration(ppm)","['-', '-']",,,,,,Cyclic CO2 profile,CO₂ capacity (mmol/g),"[[1, 0.88], [2, 0.85], [3, 0.87], [4, 0.83], [5, 0.84]]",,5.0,,,,,,qwen3-max,DAC_prompt_SCaSE
SBA-15-R_PEI_30%_SBA-15-R_30%PEI__T-20_BTC_humid_RH78%,SBA-15-R_PEI_30%,-,025.pdf-id_comprehensive_extraction.json,SBA-15-R,Porous Silica Materials,PEI,Polymeric Amines,600.0,30.0,6.976744186046512,0,,0,,728.9,0.11,8.1,,,,78.0,400 ppm,400.0,120 mL/min,120.0,,-20.0,BTC,1.81 mmol/g,1.81,,,,142.5,226.50000000000003,Fixed-Bed Breakthrough Testing,CO₂ concentration(ppm),"[[0, 0], [30, 0], [60, 0], [90, 60], [120, 140], [150, 210], [180, 280], [210, 330], [240, 360], [360, 385]]","Time(min), CO₂ concentration(ppm)","['-', '-']",,,,,,,,,,,,,,,,qwen3-max,DAC_prompt_SCaSE
SBA-15-R_PEI_30%_SBA-15-R_30%PEI__T0_BTC_dry,SBA-15-R_PEI_30%,-,025.pdf-id_comprehensive_extraction.json,SBA-15-R,Porous Silica Materials,PEI,Polymeric Amines,600.0,30.0,6.976744186046512,0,,0,,728.9,0.11,8.1,,,,0.0,400 ppm,400.0,200 mL/min,200.0,,0.0,BTC,0.48 mmol/g,0.48,,,,,,,,,,,,,,,,,,,,,,,,,,qwen3-max,DAC_prompt_SCaSE
SBA-15-R_PEI_30%_SBA-15-R_30%PEI__T10_BTC_dry,SBA-15-R_PEI_30%,-,025.pdf-id_comprehensive_extraction.json,SBA-15-R,Porous Silica Materials,PEI,Polymeric Amines,600.0,30.0,6.976744186046512,0,,0,,728.9,0.11,8.1,,,,0.0,400 ppm,400.0,200 mL/min,200.0,,10.0,BTC,0.55 mmol/g,0.55,,,,,,,,,,,,,,,,,,,,,,,,,,qwen3-max,DAC_prompt_SCaSE
SBA-15-R_PEI_30%_SBA-15-R_30%PEI__T20_BTC_dry,SBA-15-R_PEI_30%,-,025.pdf-id_comprehensive_extraction.json,SBA-15-R,Porous Silica Materials,PEI,Polymeric Amines,600.0,30.0,6.976744186046512,0,,0,,728.9,0.11,8.1,,,,0.0,400 ppm,400.0,200 mL/min,200.0,,20.0,BTC,0.75 mmol/g,0.75,,,,,,,,,,,,,,,,,,,,,,,,,,qwen3-max,DAC_prompt_SCaSE
SBA-15-R_PEI_30%_SBA-15-R_30%PEI__T30_BTC_dry,SBA-15-R_PEI_30%,-,025.pdf-id_comprehensive_extraction.json,SBA-15-R,Porous Silica Materials,PEI,Polymeric Amines,600.0,30.0,6.976744186046512,0,,0,,728.9,0.11,8.1,,,,0.0,400 ppm,400.0,200 mL/min,200.0,,30.0,BTC,0.85 mmol/g,0.85,,,,,,,,,,,,,,,,,,,,,,,,,,qwen3-max,DAC_prompt_SCaSE
SBA-15-W_PEI_70%_SBA-15-W_70%PEI__T35_TGA_dry,SBA-15-W_PEI_70%,-,025.pdf-id_comprehensive_extraction.json,SBA-15-W,Porous Silica Materials,PEI,Polymeric Amines,600.0,70.0,16.27906976744186,0,,0,,662.3,0.08,8.4,,,,0.0,400 ppm,400.0,60 mL/min,60.0,,35.0,TGA,1.92 mmol/g,1.92,0.12 mol CO₂/mol N,0.12,,,,,,,,,,,,,,Cyclic CO2 profile,CO₂ capacity (mmol/g),"[[1, 1.95], [2, 1.98], [3, 1.85], [4, 1.9], [5, 1.92]]",,5.0,,,,,,qwen3-max,DAC_prompt_SCaSE
SBA-15-W_PEI_70%_SBA-15-W_70%PEI__T35_BTC_humid_RH78%,SBA-15-W_PEI_70%,-,025.pdf-id_comprehensive_extraction.json,SBA-15-W,Porous Silica Materials,PEI,Polymeric Amines,600.0,70.0,16.27906976744186,0,,0,,662.3,0.08,8.4,,,,78.0,400 ppm,400.0,120 mL/min,120.0,,35.0,BTC,3.48 mmol/g,3.48,,,,153.33333333333334,340.0,Fixed-Bed Breakthrough Testing,CO₂ concentration (ppm),"[[0, 0], [60, 50], [120, 150], [180, 240], [240, 300], [300, 340], [360, 370], [420, 390], [480, 400]]","Time (min), CO₂ concentration (ppm)","['-', '-']",,,,,,,,,,,,,,,,qwen3-max,DAC_prompt_SCaSE
SBA-15-R_PEI_40%_SBA-15-R_40%PEI__T-20_BTC_dry,SBA-15-R_PEI_40%,-,025.pdf-id_comprehensive_extraction.json,SBA-15-R,Porous Silica Materials,PEI,Polymeric Amines,600.0,40.0,9.30232558139535,0,,0,,728.9,0.11,8.1,,,,0.0,400 ppm,400.0,200 mL/min,200.0,,-20.0,BTC,0.60 mmol/g,0.6,,,,,,,,,,,,,,,,,,,,,,,,,,qwen3-max,DAC_prompt_SCaSE
SBA-15-R_PEI_50%_SBA-15-R_50%PEI__T-20_BTC_dry,SBA-15-R_PEI_50%,-,025.pdf-id_comprehensive_extraction.json,SBA-15-R,Porous Silica Materials,PEI,Polymeric Amines,600.0,50.0,11.627906976744187,0,,0,,728.9,0.11,8.1,,,,0.0,400 ppm,400.0,200 mL/min,200.0,,-20.0,BTC,0.20 mmol/g,0.2,,,,,,,,,,,,,,,,,,,,,,,,,,qwen3-max,DAC_prompt_SCaSE
SBA-15-W_PEI_30%_SBA-15-W_30%PEI__T-20_BTC_dry,SBA-15-W_PEI_30%,-,025.pdf-id_comprehensive_extraction.json,SBA-15-W,Porous Silica Materials,PEI,Polymeric Amines,600.0,30.0,6.976744186046512,0,,0,,662.3,0.08,8.4,,,,0.0,400 ppm,400.0,200 mL/min,200.0,,-20.0,BTC,0.73 mmol/g,0.73,,,,,,,,,,,,,,,,,,,,,,,,,,qwen3-max,DAC_prompt_SCaSE
FAU_bare_FAU_bare_T30_Dry_TGA_400ppm,FAU_bare,10.1016/j.micromeso.2023.112714,026.pdf-id_comprehensive_extraction.json,FAU,Zeolites,0,,,,,0,,0,,,,,,,,0.0,400 ppm,0.04,300 mL/min,300.0,,30.0,TGA,0.02 mmol/g,0.02,,,,,,,,,,,,,,,,,,,,,,,,,,qwen3-max,DAC_prompt_SCaSE
FAU_bare_FAU_bare_T25_Humid_BTC_400ppm_60pctRH,FAU_bare,10.1016/j.micromeso.2023.112714,026.pdf-id_comprehensive_extraction.json,FAU,Zeolites,0,,,,,0,,0,,,,,,,,60.0,400 ppm,0.04,100 sccm,100.0,,25.0,BTC,0.10 mmol/g,0.1,,,,,,,,,,,air,,,,,,,,,,,,,,,qwen3-max,DAC_prompt_SCaSE
DETA20/FAU300_DETA20/FAU300_T30_Dry_TGA_400ppm,DETA20/FAU300,10.1016/j.micromeso.2023.112714,026.pdf-id_comprehensive_extraction.json,FAU,Zeolites,DETA,Small-Molecule Polyamines,103.17,20.0,4.651162790697675,0,,0,,,,,48.63,,,0.0,400 ppm,0.04,300 mL/min,300.0,,30.0,TGA,0.28 mmol/g,0.28,,,,,,,,,,,,,,,,,,,,,,,,,,qwen3-max,DAC_prompt_SCaSE
DETA20/FAU300_DETA20/FAU300_T25_Humid_BTC_400ppm_60pctRH,DETA20/FAU300,10.1016/j.micromeso.2023.112714,026.pdf-id_comprehensive_extraction.json,FAU,Zeolites,DETA,Small-Molecule Polyamines,103.17,20.0,4.651162790697675,0,,0,,,,,48.63,,,60.0,400 ppm,0.04,100 sccm,100.0,,25.0,BTC,0.25 mmol/g,0.25,,,,,,,,,,,air,,,,,,,,,,,,,,,qwen3-max,DAC_prompt_SCaSE
DETA30/FAU300_DETA30/FAU300_T30_Dry_TGA_400ppm,DETA30/FAU300,10.1016/j.micromeso.2023.112714,026.pdf-id_comprehensive_extraction.json,FAU,Zeolites,DETA,Small-Molecule Polyamines,103.17,30.0,6.976744186046512,0,,0,,,,,,,,0.0,400 ppm,0.04,300 mL/min,300.0,,30.0,TGA,0.34 mmol/g,0.34,,,,,,,,,,,,,,,,,,,,,,,,,,qwen3-max,DAC_prompt_SCaSE
DETA30/FAU300_DETA30/FAU300_T25_Humid_BTC_400ppm_60pctRH,DETA30/FAU300,10.1016/j.micromeso.2023.112714,026.pdf-id_comprehensive_extraction.json,FAU,Zeolites,DETA,Small-Molecule Polyamines,103.17,30.0,6.976744186046512,0,,0,,,,,,,,60.0,400 ppm,0.04,100 sccm,100.0,,25.0,BTC,0.30 mmol/g,0.3,,,,6428.571428571429,9933.333333333334,Fixed-Bed Breakthrough Testing,CO₂ concentration (a.u.),"[[0, 0.0], [1000, 0.01], [3000, 0.03], [5000, 0.08], [7000, 0.15], [9000, 0.22], [11000, 0.25], [13000, 0.26], [15000, 0.26], [17500, 0.26]]","Time / sec., CO₂ concentration / a.u.","['-', '-']",air,,,,,Cyclic CO2 profile,Adsorption capacity / mmol g⁻¹,"[[1, 0.38], [2, 0.45], [3, 0.48]]",,3.0,,,,,,qwen3-max,DAC_prompt_SCaSE
DETA40/FAU300_DETA40/FAU300_T30_Dry_TGA_400ppm,DETA40/FAU300,10.1016/j.micromeso.2023.112714,026.pdf-id_comprehensive_extraction.json,FAU,Zeolites,DETA,Small-Molecule Polyamines,103.17,40.0,9.30232558139535,0,,0,,,,,22.5,,,0.0,400 ppm,0.04,300 mL/min,300.0,,30.0,TGA,0.32 mmol/g,0.32,,,,,,,,,,,,,,,,,,,,,,,,,,qwen3-max,DAC_prompt_SCaSE
DETA40/FAU300_DETA40/FAU300_T25_Humid_BTC_400ppm_60pctRH,DETA40/FAU300,10.1016/j.micromeso.2023.112714,026.pdf-id_comprehensive_extraction.json,FAU,Zeolites,DETA,Small-Molecule Polyamines,103.17,40.0,9.30232558139535,0,,0,,,,,22.5,,,60.0,400 ppm,0.04,100 sccm,100.0,,25.0,BTC,0.43 mmol/g,0.43,,,,,,,,,,,air,,,,,Cyclic CO2 profile,Adsorption capacity / mmol g⁻¹,"[[1, 0.43], [2, 0.46], [3, 0.44], [4, 0.42], [5, 0.42], [6, 0.41], [7, 0.42], [8, 0.43], [9, 0.4], [10, 0.4]]",,10.0,Weight/mass profile,Desorbed CO₂ by purging / mmol g⁻¹,"[[1, 0.26], [2, 0.28], [3, 0.25], [4, 0.24], [5, 0.23], [6, 0.23], [7, 0.21], [8, 0.21], [9, 0.2], [10, 0.2]]",,10.0,qwen3-max,DAC_prompt_SCaSE
DETA50/FAU300_DETA50/FAU300_T30_Dry_TGA_400ppm,DETA50/FAU300,10.1016/j.micromeso.2023.112714,026.pdf-id_comprehensive_extraction.json,FAU,Zeolites,DETA,Small-Molecule Polyamines,103.17,50.0,11.627906976744187,0,,0,,,,,13.5,,,0.0,400 ppm,0.04,300 mL/min,300.0,,30.0,TGA,0.17 mmol/g,0.17,,,,,,,,,,,,,,,,,,,,,,,,,,qwen3-max,DAC_prompt_SCaSE
DETA50/FAU300_DETA50/FAU300_T25_Humid_BTC_400ppm_60pctRH,DETA50/FAU300,10.1016/j.micromeso.2023.112714,026.pdf-id_comprehensive_extraction.json,FAU,Zeolites,DETA,Small-Molecule Polyamines,103.17,50.0,11.627906976744187,0,,0,,,,,13.5,,,60.0,400 ppm,0.04,100 sccm,100.0,,25.0,BTC,0.32 mmol/g,0.32,,,,,,,,,,,air,,,,,Cyclic CO2 profile,Adsorption capacity / mmol g⁻¹,"[[1, 0.29], [2, 0.43], [3, 0.39], [4, 0.42], [5, 0.43], [6, 0.43], [7, 0.38], [8, 0.29], [9, 0.34], [10, 0.34]]",,10.0,,,,,,qwen3-max,DAC_prompt_SCaSE
PEI30/FAU300_PEI30/FAU300_T30_Dry_TGA_400ppm,PEI30/FAU300,10.1016/j.micromeso.2023.112714,026.pdf-id_comprehensive_extraction.json,FAU,Zeolites,PEI,Polymeric Amines,600.0,30.0,6.976744186046512,0,,0,,,,,8.96,,,0.0,400 ppm,0.04,300 mL/min,300.0,,30.0,TGA,0.25 mmol/g,0.25,,,,,,,,,,,,,,,,,,,,,,,,,,qwen3-max,DAC_prompt_SCaSE
PEI30/FAU300_PEI30/FAU300_T25_Humid_BTC_400ppm_60pctRH,PEI30/FAU300,10.1016/j.micromeso.2023.112714,026.pdf-id_comprehensive_extraction.json,FAU,Zeolites,PEI,Polymeric Amines,600.0,30.0,6.976744186046512,0,,0,,,,,8.96,,,60.0,400 ppm,0.04,100 sccm,100.0,,25.0,BTC,0.65 mmol/g,0.65,,,,,,,,,,,air,,,,,,,,,,,,,,,qwen3-max,DAC_prompt_SCaSE
PEI40/FAU300_PEI40/FAU300_T30_Dry_TGA_400ppm,PEI40/FAU300,10.1016/j.micromeso.2023.112714,026.pdf-id_comprehensive_extraction.json,FAU,Zeolites,PEI,Polymeric Amines,600.0,40.0,9.30232558139535,0,,0,,,,,2.11,,,0.0,400 ppm,0.04,300 mL/min,300.0,,30.0,TGA,0.64 mmol/g,0.64,,,,,,,,,,,,,,,,,,,,,,,,,,qwen3-max,DAC_prompt_SCaSE
PEI40/FAU300_PEI40/FAU300_T25_Humid_BTC_400ppm_60pctRH,PEI40/FAU300,10.1016/j.micromeso.2023.112714,026.pdf-id_comprehensive_extraction.json,FAU,Zeolites,PEI,Polymeric Amines,600.0,40.0,9.30232558139535,0,,0,,,,,2.11,,,60.0,400 ppm,0.04,100 sccm,100.0,,25.0,BTC,1.02 mmol/g,1.02,,,,,,,,,,,air,,,,,Cyclic CO2 profile,Adsorption capacity / mmol g⁻¹,"[[1, 1.02], [2, 1.01], [3, 0.98], [4, 0.98], [5, 1.01], [6, 0.94], [7, 0.96], [8, 0.94], [9, 0.95], [10, 0.93]]",,10.0,,,,,,qwen3-max,DAC_prompt_SCaSE
PEI50/FAU300_PEI50/FAU300_T30_Dry_TGA_400ppm,PEI50/FAU300,10.1016/j.micromeso.2023.112714,026.pdf-id_comprehensive_extraction.json,FAU,Zeolites,PEI,Polymeric Amines,600.0,50.0,11.627906976744187,0,,0,,,,,2.11,,,0.0,400 ppm,0.04,300 mL/min,300.0,,30.0,TGA,0.46 mmol/g,0.46,,,,,,,,,,,,,,,,,,,,,,,,,,qwen3-max,DAC_prompt_SCaSE
PEI50/FAU300_PEI50/FAU300_T25_Humid_BTC_400ppm_60pctRH,PEI50/FAU300,10.1016/j.micromeso.2023.112714,026.pdf-id_comprehensive_extraction.json,FAU,Zeolites,PEI,Polymeric Amines,600.0,50.0,11.627906976744187,0,,0,,,,,2.11,,,60.0,400 ppm,0.04,100 sccm,100.0,,25.0,BTC,1.54 mmol/g,1.54,,,,,,,,,,,air,,,,,Cyclic CO2 profile,Adsorption capacity / mmol g⁻¹,"[[1, 1.54], [2, 1.6], [3, 1.68], [4, 1.23], [5, 2.0], [6, 1.7], [7, 1.55], [8, 1.62], [9, 1.8], [10, 1.6]]",,10.0,,,,,,qwen3-max,DAC_prompt_SCaSE
TETA40/FAU300_TETA40/FAU300_T30_Dry_TGA_400ppm,TETA40/FAU300,10.1016/j.micromeso.2023.112714,026.pdf-id_comprehensive_extraction.json,FAU,Zeolites,TETA,Small-Molecule Polyamines,146.23,40.0,9.30232558139535,0,,0,,,,,,,,0.0,400 ppm,0.04,300 mL/min,300.0,,30.0,TGA,0.18 mmol/g,0.18,,,,,,,,,,,,,,,,,,,,,,,,,,qwen3-max,DAC_prompt_SCaSE
TEPA40/FAU300_TEPA40/FAU300_T30_Dry_TGA_400ppm,TEPA40/FAU300,10.1016/j.micromeso.2023.112714,026.pdf-id_comprehensive_extraction.json,FAU,Zeolites,TEPA,Small-Molecule Polyamines,189.3,40.0,9.30232558139535,0,,0,,,,,,,,0.0,400 ppm,0.04,300 mL/min,300.0,,30.0,TGA,0.12 mmol/g,0.12,,,,,,,,,,,,,,,,,,,,,,,,,,qwen3-max,DAC_prompt_SCaSE
MEA40/FAU300_MEA40/FAU300_T30_Dry_TGA_400ppm,MEA40/FAU300,10.1016/j.micromeso.2023.112714,026.pdf-id_comprehensive_extraction.json,FAU,Zeolites,MEA,Small-Molecule Polyamines,61.08,40.0,9.30232558139535,0,,0,,,,,,,,0.0,400 ppm,0.04,300 mL/min,300.0,,30.0,TGA,0.06 mmol/g,0.06,,,,,,,,,,,,,,,,,,,,,,,,,,qwen3-max,DAC_prompt_SCaSE
EDA40/FAU300_EDA40/FAU300_T30_Dry_TGA_400ppm,EDA40/FAU300,10.1016/j.micromeso.2023.112714,026.pdf-id_comprehensive_extraction.json,FAU,Zeolites,EDA,Small-Molecule Polyamines,60.1,40.0,9.30232558139535,0,,0,,,,,,,,0.0,400 ppm,0.04,300 mL/min,300.0,,30.0,TGA,0.05 mmol/g,0.05,,,,,,,,,,,,,,,,,,,,,,,,,,qwen3-max,DAC_prompt_SCaSE
DETA30/FAU2.75_DETA30/FAU2.75_T30_Dry_TGA_400ppm,DETA30/FAU2.75,10.1016/j.micromeso.2023.112714,026.pdf-id_comprehensive_extraction.json,FAU,Zeolites,DETA,Small-Molecule Polyamines,103.17,30.0,6.976744186046512,0,,0,,,,,,,,0.0,400 ppm,0.04,300 mL/min,300.0,,30.0,TGA,0.13 mmol/g,0.13,,,,,,,,,,,,,,,,,,,,,,,,,,qwen3-max,DAC_prompt_SCaSE
DETA30/FAU5_DETA30/FAU5_T30_Dry_TGA_400ppm,DETA30/FAU5,10.1016/j.micromeso.2023.112714,026.pdf-id_comprehensive_extraction.json,FAU,Zeolites,DETA,Small-Molecule Polyamines,103.17,30.0,6.976744186046512,0,,0,,,,,,,,0.0,400 ppm,0.04,300 mL/min,300.0,,30.0,TGA,0.13 mmol/g,0.13,,,,,,,,,,,,,,,,,,,,,,,,,,qwen3-max,DAC_prompt_SCaSE
DETA30/FAU25.5_DETA30/FAU25.5_T30_Dry_TGA_400ppm,DETA30/FAU25.5,10.1016/j.micromeso.2023.112714,026.pdf-id_comprehensive_extraction.json,FAU,Zeolites,DETA,Small-Molecule Polyamines,103.17,30.0,6.976744186046512,0,,0,,,,,,,,0.0,400 ppm,0.04,300 mL/min,300.0,,30.0,TGA,0.17 mmol/g,0.17,,,,,,,,,,,,,,,,,,,,,,,,,,qwen3-max,DAC_prompt_SCaSE
DETA30/FAU99.6_DETA30/FAU99.6_T30_Dry_TGA_400ppm,DETA30/FAU99.6,10.1016/j.micromeso.2023.112714,026.pdf-id_comprehensive_extraction.json,FAU,Zeolites,DETA,Small-Molecule Polyamines,103.17,30.0,6.976744186046512,0,,0,,,,,,,,0.0,400 ppm,0.04,300 mL/min,300.0,,30.0,TGA,0.40 mmol/g,0.4,,,,,,,,,,,,,,,,,,,,,,,,,,qwen3-max,DAC_prompt_SCaSE
PEI40/FAU2.75_PEI40/FAU2.75_T30_Dry_TGA_400ppm,PEI40/FAU2.75,10.1016/j.micromeso.2023.112714,026.pdf-id_comprehensive_extraction.json,FAU,Zeolites,PEI,Polymeric Amines,600.0,40.0,9.30232558139535,0,,0,,,,,,,,0.0,400 ppm,0.04,300 mL/min,300.0,,30.0,TGA,0.59 mmol/g,0.59,,,,,,,,,,,,,,,,,,,,,,,,,,qwen3-max,DAC_prompt_SCaSE
PEI40/FAU5_PEI40/FAU5_T30_Dry_TGA_400ppm,PEI40/FAU5,10.1016/j.micromeso.2023.112714,026.pdf-id_comprehensive_extraction.json,FAU,Zeolites,PEI,Polymeric Amines,600.0,40.0,9.30232558139535,0,,0,,,,,,,,0.0,400 ppm,0.04,300 mL/min,300.0,,30.0,TGA,0.55 mmol/g,0.55,,,,,,,,,,,,,,,,,,,,,,,,,,qwen3-max,DAC_prompt_SCaSE
PEI40/FAU25.5_PEI40/FAU25.5_T30_Dry_TGA_400ppm,PEI40/FAU25.5,10.1016/j.micromeso.2023.112714,026.pdf-id_comprehensive_extraction.json,FAU,Zeolites,PEI,Polymeric Amines,600.0,40.0,9.30232558139535,0,,0,,,,,,,,0.0,400 ppm,0.04,300 mL/min,300.0,,30.0,TGA,0.69 mmol/g,0.69,,,,,,,,,,,,,,,,,,,,,,,,,,qwen3-max,DAC_prompt_SCaSE
PEI40/FAU99.6_PEI40/FAU99.6_T30_Dry_TGA_400ppm,PEI40/FAU99.6,10.1016/j.micromeso.2023.112714,026.pdf-id_comprehensive_extraction.json,FAU,Zeolites,PEI,Polymeric Amines,600.0,40.0,9.30232558139535,0,,0,,,,,,,,0.0,400 ppm,0.04,300 mL/min,300.0,,30.0,TGA,0.50 mmol/g,0.5,,,,,,,,,,,,,,,,,,,,,,,,,,qwen3-max,DAC_prompt_SCaSE
MSU-F_bare_MSU-F_bare_T75_TGA_pure_CO2_100mL_min,MSU-F_bare,10.1246/bcsj.20160239,027.pdf-id_comprehensive_extraction.json,MSU-F,Porous Silica Materials,0,,,,,0,,0,,562.0,2.31,15.0,458.31,2.06,17.979097117671444,0.0,100%,100.0,100 mL/min,100.0,,75.0,TGA,,,,,,,,,,,,,,,,,,,,,,,,,,,,qwen3-max,DAC_prompt_SCaSE
MSU-F_PEI_50%_MSU-F_50%PEI__T75_TGA_pure_CO2_100mL_min,MSU-F_PEI_50%,10.1246/bcsj.20160239,027.pdf-id_comprehensive_extraction.json,MSU-F,Porous Silica Materials,PEI,Polymeric Amines,1200.0,50.0,12.79,0,,0,,562.0,2.31,15.0,121.65,0.6,19.72872996300863,0.0,100%,100.0,100 mL/min,100.0,,75.0,TGA,13.08 wt%,2.98,0.33 mmol/mmol,0.33,,,,,,,,,,,,,,,,,,,,,,,,qwen3-max,DAC_prompt_SCaSE
MSU-F_PEI_50%_MSU-F_50%PEI__T40_TGA_15%_CO2_100mL_min_cycle1,MSU-F_PEI_50%,10.1246/bcsj.20160239,027.pdf-id_comprehensive_extraction.json,MSU-F,Porous Silica Materials,PEI,Polymeric Amines,1200.0,50.0,12.79,0,,0,,562.0,2.31,15.0,121.65,0.6,19.72872996300863,0.0,15%,15.0,100 mL/min,100.0,,40.0,TGA,9.74 wt%,2.22,,,,,,,,,,,N2,100.0,50.0,,,Cyclic CO2 profile,Adsorption capacity (wt%),"[[1, 9.74], [2, 8.8], [3, 7.5], [4, 6.8], [5, 6.2], [6, 5.6], [7, 5.1], [8, 4.7], [9, 4.3], [10, 4.0]]",wt%,10.0,Weight/mass profile,Weight increase after desorption (wt %),"[[1, 0.0], [2, 1.2], [3, 1.8], [4, 2.1], [5, 2.3], [6, 2.4], [7, 2.5], [8, 2.6], [9, 2.7], [10, 2.8]]","Cycle, wt%",10.0,qwen3-max,DAC_prompt_SCaSE
MSU-F_EP10_50%_MSU-F_50%EP10__T75_TGA_pure_CO2_100mL_min,MSU-F_EP10_50%,10.1246/bcsj.20160239,027.pdf-id_comprehensive_extraction.json,MSU-F,Porous Silica Materials,EP10,Polymeric Amines,,50.0,11.82,0,,0,,562.0,2.31,15.0,109.31,0.54,19.760314701308207,0.0,100%,100.0,100 mL/min,100.0,,75.0,TGA,13.91 wt%,3.17,0.37 mmol/mmol,0.37,,,,,,,,,,,,,,,,,,,,,,,,qwen3-max,DAC_prompt_SCaSE
MSU-F_EP10_50%_MSU-F_50%EP10__T40_TGA_15%_CO2_100mL_min_cycle1,MSU-F_EP10_50%,10.1246/bcsj.20160239,027.pdf-id_comprehensive_extraction.json,MSU-F,Porous Silica Materials,EP10,Polymeric Amines,,50.0,11.82,0,,0,,562.0,2.31,15.0,109.31,0.54,19.760314701308207,0.0,15%,15.0,100 mL/min,100.0,,40.0,TGA,8.01 wt%,1.82,,,,,,,,,,,N2,100.0,50.0,,,Cyclic CO2 profile,Adsorption capacity (wt%),"[[1, 8.5], [2, 8.0], [3, 7.4], [4, 6.9], [5, 6.5], [6, 6.2], [7, 6.0], [8, 5.8], [9, 5.6], [10, 5.4]]",wt%,10.0,Weight/mass profile,Weight increase after desorption (wt %),"[[1, 0.0], [2, 0.6], [3, 0.9], [4, 1.0], [5, 1.1], [6, 1.15], [7, 1.2], [8, 1.25], [9, 1.3], [10, 1.35]]","Cycle, wt%",10.0,qwen3-max,DAC_prompt_SCaSE
MSU-F_EP20_50%_MSU-F_50%EP20__T75_TGA_pure_CO2_100mL_min,MSU-F_EP20_50%,10.1246/bcsj.20160239,027.pdf-id_comprehensive_extraction.json,MSU-F,Porous Silica Materials,EP20,Polymeric Amines,,50.0,9.08,0,,0,,562.0,2.31,15.0,117.86,0.58,19.684371287968776,0.0,100%,100.0,100 mL/min,100.0,,75.0,TGA,10.15 wt%,2.31,0.36 mmol/mmol,0.36,,,,,,,,,,,,,,,,,,,,,,,,qwen3-max,DAC_prompt_SCaSE
MSU-F_EP30_50%_MSU-F_50%EP30__T75_TGA_pure_CO2_100mL_min,MSU-F_EP30_50%,10.1246/bcsj.20160239,027.pdf-id_comprehensive_extraction.json,MSU-F,Porous Silica Materials,EP30,Polymeric Amines,,50.0,9.01,0,,0,,562.0,2.31,15.0,134.08,0.6,17.89976133651551,0.0,100%,100.0,100 mL/min,100.0,,75.0,TGA,7.10 wt%,1.62,0.25 mmol/mmol,0.25,,,,,,,,,,,,,,,,,,,,,,,,qwen3-max,DAC_prompt_SCaSE
MSU-F_EP30_50%_MSU-F_50%EP30__T40_TGA_15%_CO2_100mL_min_cycle1,MSU-F_EP30_50%,10.1246/bcsj.20160239,027.pdf-id_comprehensive_extraction.json,MSU-F,Porous Silica Materials,EP30,Polymeric Amines,,50.0,9.01,0,,0,,562.0,2.31,15.0,134.08,0.6,17.89976133651551,0.0,15%,15.0,100 mL/min,100.0,,40.0,TGA,6.46 wt%,1.47,,,,,,,,,,,N2,100.0,50.0,,,Cyclic CO2 profile,Adsorption capacity (wt%),"[[1, 7.2], [2, 7.0], [3, 6.8], [4, 6.6], [5, 6.5], [6, 6.4], [7, 6.3], [8, 6.2], [9, 6.1], [10, 6.0]]",wt%,10.0,Weight/mass profile,Weight increase after desorption (wt %),"[[1, 0.0], [2, 0.3], [3, 0.4], [4, 0.45], [5, 0.5], [6, 0.5], [7, 0.5], [8, 0.48], [9, 0.45], [10, 0.4]]","Cycle, wt%",10.0,qwen3-max,DAC_prompt_SCaSE
MSU-F_EP40_50%_MSU-F_50%EP40__T75_TGA_pure_CO2_100mL_min,MSU-F_EP40_50%,10.1246/bcsj.20160239,027.pdf-id_comprehensive_extraction.json,MSU-F,Porous Silica Materials,EP40,Polymeric Amines,,50.0,7.61,0,,0,,562.0,2.31,15.0,142.1,0.7,19.704433497536947,0.0,100%,100.0,100 mL/min,100.0,,75.0,TGA,3.66 wt%,0.83,0.15 mmol/mmol,0.15,,,,,,,,,,,,,,,,,,,,,,,,qwen3-max,DAC_prompt_SCaSE
MSU-F_EP50_50%_MSU-F_50%EP50__T75_TGA_pure_CO2_100mL_min,MSU-F_EP50_50%,10.1246/bcsj.20160239,027.pdf-id_comprehensive_extraction.json,MSU-F,Porous Silica Materials,EP50,Polymeric Amines,,50.0,7.13,0,,0,,562.0,2.31,15.0,131.57,0.65,19.761343771376456,0.0,100%,100.0,100 mL/min,100.0,,75.0,TGA,1.31 wt%,0.3,0.06 mmol/mmol,0.06,,,,,,,,,,,,,,,,,,,,,,,,qwen3-max,DAC_prompt_SCaSE
MSU-F_EP60_50%_MSU-F_50%EP60__T75_TGA_pure_CO2_100mL_min,MSU-F_EP60_50%,10.1246/bcsj.20160239,027.pdf-id_comprehensive_extraction.json,MSU-F,Porous Silica Materials,EP60,Polymeric Amines,,50.0,6.9,0,,0,,562.0,2.31,15.0,121.0,0.6,19.834710743801654,0.0,100%,100.0,100 mL/min,100.0,,75.0,TGA,0.48 wt%,0.11,0.02 mmol/mmol,0.02,,,,,,,,,,,,,,,,,,,,,,,,qwen3-max,DAC_prompt_SCaSE
MCM-36_bare_MCM-36_bare_T25_TGA_pure_CO2,MCM-36_bare,10.1021/acs.iecr.5b00074,028.pdf-id_comprehensive_extraction.json,MCM-36,Porous Silica Materials,0,,,,,0,,0,,1271.0,0.377,38.4,1271.0,0.377,38.4,0.0,100 vol%,100.0,,,,25.0,TGA,1.03 mmol/g,1.03,,,,58.5,,TG Curve/ CO2 adsorption profile,CO2 uptake (mmol/g),[],"min, mmol/g","['58.5 min', '-']",,,,,,,,,,,,,,,,qwen3-max,DAC_prompt_SCaSE
MCM-36_PEI_2.7%_MCM-36_2.7%PEI_T25_TGA_pure_CO2,MCM-36_PEI_2.7%,10.1021/acs.iecr.5b00074,028.pdf-id_comprehensive_extraction.json,MCM-36,Porous Silica Materials,PEI,Polymeric Amines,800.0,2.7,0.6279069767441862,0,,0,,765.0,0.199,18.0,14.1,0.025,18.1,0.0,100 vol%,100.0,,,,25.0,TGA,0.323 mmol/g,0.323,,,,309.0,,TG Curve/ CO2 adsorption profile,CO2 uptake (mmol/g),[],"min, mmol/g","['309 min', '-']",,,,,,,,,,,,,,,,qwen3-max,DAC_prompt_SCaSE
MCM-36_PEI_3.7%_MCM-36_3.72%PEI_T25_TGA_pure_CO2,MCM-36_PEI_3.7%,10.1021/acs.iecr.5b00074,028.pdf-id_comprehensive_extraction.json,MCM-36,Porous Silica Materials,PEI,Polymeric Amines,800.0,3.72,0.8651162790697675,0,,0,,765.0,0.199,18.0,21.7,0.062,18.1,0.0,100 vol%,100.0,,,,25.0,TGA,0.494 mmol/g,0.494,,,,296.0,,TG Curve/ CO2 adsorption profile,CO2 uptake (mmol/g),[],"min, mmol/g","['296 min', '-']",,,,,,,,,,,,,,,,qwen3-max,DAC_prompt_SCaSE
MCM-36_PEI_3.8%_MCM-36_3.85%PEI_T25_TGA_pure_CO2,MCM-36_PEI_3.8%,10.1021/acs.iecr.5b00074,028.pdf-id_comprehensive_extraction.json,MCM-36,Porous Silica Materials,PEI,Polymeric Amines,800.0,3.85,0.8953488372093024,0,,0,,765.0,0.199,18.0,28.8,0.05,16.1,0.0,100 vol%,100.0,,,,25.0,TGA,0.466 mmol/g,0.466,,,,233.0,,TG Curve/ CO2 adsorption profile,CO2 uptake (mmol/g),[],"min, mmol/g","['233 min', '-']",,,,,,,,,,,,,,,,qwen3-max,DAC_prompt_SCaSE
MCM-36_PEI_7.5%_MCM-36_7.52%PEI_T25_TGA_pure_CO2,MCM-36_PEI_7.5%,10.1021/acs.iecr.5b00074,028.pdf-id_comprehensive_extraction.json,MCM-36,Porous Silica Materials,PEI,Polymeric Amines,800.0,7.52,1.7488372093023254,0,,0,,765.0,0.199,18.0,18.6,0.132,20.3,0.0,100 vol%,100.0,,,,25.0,TGA,0.616 mmol/g,0.616,,,,720.0,,TG Curve/ CO2 adsorption profile,CO2 uptake (mmol/g),[],"min, mmol/g","['720 min', '-']",,,,,,,,,,,,,,,,qwen3-max,DAC_prompt_SCaSE
MCM-36_PEI_14.5%_MCM-36_14.5%PEI_T25_TGA_pure_CO2,MCM-36_PEI_14.5%,10.1021/acs.iecr.5b00074,028.pdf-id_comprehensive_extraction.json,MCM-36,Porous Silica Materials,PEI,Polymeric Amines,800.0,14.5,3.372093023255814,0,,0,,506.0,0.178,20.4,5.0,0.098,18.1,0.0,100 vol%,100.0,,,,25.0,TGA,0.218 mmol/g,0.218,,,,559.0,,TG Curve/ CO2 adsorption profile,CO2 uptake (mmol/g),[],"min, mmol/g","['559 min', '-']",,,,,,,,,,,,,,,,qwen3-max,DAC_prompt_SCaSE
MCM-36_PEI_16.3%_MCM-36_16.3%PEI_T25_TGA_pure_CO2,MCM-36_PEI_16.3%,10.1021/acs.iecr.5b00074,028.pdf-id_comprehensive_extraction.json,MCM-36,Porous Silica Materials,PEI,Polymeric Amines,800.0,16.3,3.790697674418605,0,,0,,506.0,0.178,20.4,4.18,0.052,16.1,0.0,100 vol%,100.0,,,,25.0,TGA,0.266 mmol/g,0.266,,,,559.0,,TG Curve/ CO2 adsorption profile,CO2 uptake (mmol/g),[],"min, mmol/g","['559 min', '-']",,,,,,,,,,,,,,,,qwen3-max,DAC_prompt_SCaSE
PME_PEI_20%_PME_20%PEI__T25_TGA_Dry_400ppmCO2,PME_PEI_20%,10.1002/cssc.202301234,029.pdf-id_comprehensive_extraction.json,PME,Porous Silica Materials,PEI,Polymeric Amines,800.0,16.0,3.7209302325581395,0,,0,,350.0,0.99,8.3,232.0,0.6,8.0,0.0,400 ppm,0.04,400 mL/min,400.0,,25.0,TGA,1.25 mmol/g,1.25,6.2 mmol/gPEI,6.2,,,,,,,,,N2,90.0,1.0,,,,,,,,,,,,,qwen3-max,DAC_prompt_SCaSE
PME_PEI_30%_PME_30%PEI__T25_TGA_Dry_400ppmCO2,PME_PEI_30%,10.1002/cssc.202301234,029.pdf-id_comprehensive_extraction.json,PME,Porous Silica Materials,PEI,Polymeric Amines,800.0,27.0,6.279069767441861,0,,0,,350.0,0.99,8.3,126.0,0.36,8.0,0.0,400 ppm,0.04,400 mL/min,400.0,,25.0,TGA,1.57 mmol/g,1.57,5.8 mmol/gPEI,5.8,,,,,,,,,N2,90.0,1.0,,,,,,,,,,,,,qwen3-max,DAC_prompt_SCaSE
PME_PEI_40%_PME_40%PEI__T25_TGA_Dry_400ppmCO2,PME_PEI_40%,10.1002/cssc.202301234,029.pdf-id_comprehensive_extraction.json,PME,Porous Silica Materials,PEI,Polymeric Amines,800.0,40.0,9.30232558139535,0,,0,,350.0,0.99,8.3,58.0,0.18,8.4,0.0,400 ppm,0.04,400 mL/min,400.0,,25.0,TGA,2.16 mmol/g,2.16,5.4 mmol/gPEI,5.4,,175.0,190.0,Fixed-Bed Breakthrough Testing,C/C0,"[[0, 0.0], [50, 0.0], [100, 0.0], [125, 0.1], [150, 0.4], [175, 0.8], [190, 0.95], [200, 1.0], [225, 1.0], [250, 1.0]]","s/mg, dimensionless","[175, 190]",N2,90.0,1.0,,,,,,,,,,,,,qwen3-max,DAC_prompt_SCaSE
PME_PEI_40%_PME_40%PEI__T25_BTC_Humid64%_400ppmCO2,PME_PEI_40%,10.1002/cssc.202301234,029.pdf-id_comprehensive_extraction.json,PME,Porous Silica Materials,PEI,Polymeric Amines,800.0,40.0,9.30232558139535,0,,0,,350.0,0.99,8.3,58.0,0.18,8.4,64.0,400 ppm,0.04,400 mL/min,400.0,,25.0,BTC,2.92 mmol/g,2.92,7.31 mmol/gPEI,7.31,,190.0,200.0,Fixed-Bed Breakthrough Testing,C/C0,"[[0, 0.0], [50, 0.0], [100, 0.0], [125, 0.0], [150, 0.0], [175, 0.2], [190, 0.6], [200, 0.9], [225, 1.0], [250, 1.0]]","s/mg, dimensionless","[190, 200]",N2,90.0,1.0,,,Cyclic CO2 profile,CO2 Uptake (mmol/g material),"[[1, 2.95], [2, 2.94], [3, 2.94], [4, 2.93], [5, 2.93], [6, 2.92], [7, 2.92], [8, 2.91], [9, 2.91], [10, 2.9], [11, 2.9], [12, 2.89], [13, 2.89], [14, 2.88], [15, 2.88], [16, 2.87], [17, 2.87], [18, 2.86], [19, 2.86], [20, 2.85]]",,20.0,,,,,,qwen3-max,DAC_prompt_SCaSE
PME_PEI_40%_PME_40%PEI__T25_BTC_Humid0%_400ppmCO2,PME_PEI_40%,10.1002/cssc.202301234,029.pdf-id_comprehensive_extraction.json,PME,Porous Silica Materials,PEI,Polymeric Amines,800.0,40.0,9.30232558139535,0,,0,,350.0,0.99,8.3,58.0,0.18,8.4,0.0,400 ppm,0.04,400 mL/min,400.0,,25.0,BTC,2.2 mmol/g,2.2,6.0 mmol/gPEI,6.0,,,,,,,,,N2,90.0,1.0,,,,,,,,,,,,,qwen3-max,DAC_prompt_SCaSE
PME_PEI_40%_PME_40%PEI__T25_BTC_Humid10%_400ppmCO2,PME_PEI_40%,10.1002/cssc.202301234,029.pdf-id_comprehensive_extraction.json,PME,Porous Silica Materials,PEI,Polymeric Amines,800.0,40.0,9.30232558139535,0,,0,,350.0,0.99,8.3,58.0,0.18,8.4,10.0,400 ppm,0.04,400 mL/min,400.0,,25.0,BTC,2.3 mmol/g,2.3,6.2 mmol/gPEI,6.2,,,,,,,,,N2,90.0,1.0,,,,,,,,,,,,,qwen3-max,DAC_prompt_SCaSE
PME_PEI_40%_PME_40%PEI__T25_BTC_Humid20%_400ppmCO2,PME_PEI_40%,10.1002/cssc.202301234,029.pdf-id_comprehensive_extraction.json,PME,Porous Silica Materials,PEI,Polymeric Amines,800.0,40.0,9.30232558139535,0,,0,,350.0,0.99,8.3,58.0,0.18,8.4,20.0,400 ppm,0.04,400 mL/min,400.0,,25.0,BTC,2.4 mmol/g,2.4,6.5 mmol/gPEI,6.5,,,,,,,,,N2,90.0,1.0,,,,,,,,,,,,,qwen3-max,DAC_prompt_SCaSE
PME_PEI_40%_PME_40%PEI__T25_BTC_Humid30%_400ppmCO2,PME_PEI_40%,10.1002/cssc.202301234,029.pdf-id_comprehensive_extraction.json,PME,Porous Silica Materials,PEI,Polymeric Amines,800.0,40.0,9.30232558139535,0,,0,,350.0,0.99,8.3,58.0,0.18,8.4,30.0,400 ppm,0.04,400 mL/min,400.0,,25.0,BTC,2.5 mmol/g,2.5,6.8 mmol/gPEI,6.8,,,,,,,,,N2,90.0,1.0,,,,,,,,,,,,,qwen3-max,DAC_prompt_SCaSE
PME_PEI_40%_PME_40%PEI__T25_BTC_Humid40%_400ppmCO2,PME_PEI_40%,10.1002/cssc.202301234,029.pdf-id_comprehensive_extraction.json,PME,Porous Silica Materials,PEI,Polymeric Amines,800.0,40.0,9.30232558139535,0,,0,,350.0,0.99,8.3,58.0,0.18,8.4,40.0,400 ppm,0.04,400 mL/min,400.0,,25.0,BTC,2.6 mmol/g,2.6,7.0 mmol/gPEI,7.0,,,,,,,,,N2,90.0,1.0,,,,,,,,,,,,,qwen3-max,DAC_prompt_SCaSE
PME_PEI_40%_PME_40%PEI__T25_BTC_Humid50%_400ppmCO2,PME_PEI_40%,10.1002/cssc.202301234,029.pdf-id_comprehensive_extraction.json,PME,Porous Silica Materials,PEI,Polymeric Amines,800.0,40.0,9.30232558139535,0,,0,,350.0,0.99,8.3,58.0,0.18,8.4,50.0,400 ppm,0.04,400 mL/min,400.0,,25.0,BTC,2.7 mmol/g,2.7,7.2 mmol/gPEI,7.2,,,,,,,,,N2,90.0,1.0,,,,,,,,,,,,,qwen3-max,DAC_prompt_SCaSE
PME_PEI_40%_PME_40%PEI__T25_BTC_Humid60%_400ppmCO2,PME_PEI_40%,10.1002/cssc.202301234,029.pdf-id_comprehensive_extraction.json,PME,Porous Silica Materials,PEI,Polymeric Amines,800.0,40.0,9.30232558139535,0,,0,,350.0,0.99,8.3,58.0,0.18,8.4,60.0,400 ppm,0.04,400 mL/min,400.0,,25.0,BTC,2.8 mmol/g,2.8,7.4 mmol/gPEI,7.4,,,,,,,,,N2,90.0,1.0,,,,,,,,,,,,,qwen3-max,DAC_prompt_SCaSE
PME_PEI_40%_PME_40%PEI__T25_BTC_Humid70%_400ppmCO2,PME_PEI_40%,10.1002/cssc.202301234,029.pdf-id_comprehensive_extraction.json,PME,Porous Silica Materials,PEI,Polymeric Amines,800.0,40.0,9.30232558139535,0,,0,,350.0,0.99,8.3,58.0,0.18,8.4,70.0,400 ppm,0.04,400 mL/min,400.0,,25.0,BTC,2.9 mmol/g,2.9,7.5 mmol/gPEI,7.5,,,,,,,,,N2,90.0,1.0,,,,,,,,,,,,,qwen3-max,DAC_prompt_SCaSE
PME_PEI_40%_PME_40%PEI__T25_BTC_Humid80%_400ppmCO2,PME_PEI_40%,10.1002/cssc.202301234,029.pdf-id_comprehensive_extraction.json,PME,Porous Silica Materials,PEI,Polymeric Amines,800.0,40.0,9.30232558139535,0,,0,,350.0,0.99,8.3,58.0,0.18,8.4,80.0,400 ppm,0.04,400 mL/min,400.0,,25.0,BTC,2.95 mmol/g,2.95,7.6 mmol/gPEI,7.6,,,,,,,,,N2,90.0,1.0,,,,,,,,,,,,,qwen3-max,DAC_prompt_SCaSE
PME_PEI_40%_PME_40%PEI__T25_BTC_Humid90%_400ppmCO2,PME_PEI_40%,10.1002/cssc.202301234,029.pdf-id_comprehensive_extraction.json,PME,Porous Silica Materials,PEI,Polymeric Amines,800.0,40.0,9.30232558139535,0,,0,,350.0,0.99,8.3,58.0,0.18,8.4,90.0,400 ppm,0.04,400 mL/min,400.0,,25.0,BTC,2.95 mmol/g,2.95,7.6 mmol/gPEI,7.6,,,,,,,,,N2,90.0,1.0,,,,,,,,,,,,,qwen3-max,DAC_prompt_SCaSE
PME_PEI_40%_PME_40%PEI__T25_BTC_Dry_400ppmCO2_CycleTest,PME_PEI_40%,10.1002/cssc.202301234,029.pdf-id_comprehensive_extraction.json,PME,Porous Silica Materials,PEI,Polymeric Amines,800.0,40.0,9.30232558139535,0,,0,,350.0,0.99,8.3,58.0,0.18,8.4,0.0,400 ppm,0.04,400 mL/min,400.0,,25.0,BTC,2.08 mmol/g,2.08,,,,,,,,,,,N2,90.0,1.0,,4.6,Cyclic CO2 profile,CO2 Uptake (mmol/g material),"[[1, 2.08], [2, 2.07], [3, 2.07], [4, 2.07], [5, 2.07], [6, 2.06], [7, 2.06], [8, 2.06], [9, 2.06], [10, 2.06], [11, 2.05], [12, 2.05], [13, 2.05], [14, 2.05], [15, 2.04], [16, 2.04], [17, 2.04], [18, 2.03], [19, 2.02], [20, 2.01]]",,20.0,,,,,,qwen3-max,DAC_prompt_SCaSE
PME_PEI_40%_PME_40%PEI__T25_BTC_Humid64%_400ppmCO2_CycleTest,PME_PEI_40%,10.1002/cssc.202301234,029.pdf-id_comprehensive_extraction.json,PME,Porous Silica Materials,PEI,Polymeric Amines,800.0,40.0,9.30232558139535,0,,0,,350.0,0.99,8.3,58.0,0.18,8.4,64.0,400 ppm,0.04,400 mL/min,400.0,,25.0,BTC,2.86 mmol/g,2.86,,,,,,,,,,,N2,90.0,1.0,,2.0,Cyclic CO2 profile,CO2 Uptake (mmol/g material),"[[1, 2.95], [2, 2.94], [3, 2.94], [4, 2.93], [5, 2.93], [6, 2.92], [7, 2.92], [8, 2.91], [9, 2.91], [10, 2.9], [11, 2.9], [12, 2.89], [13, 2.89], [14, 2.88], [15, 2.88], [16, 2.87], [17, 2.87], [18, 2.86], [19, 2.86], [20, 2.85]]",,20.0,,,,,,qwen3-max,DAC_prompt_SCaSE
PME_PEI_50%_PME_50%PEI__T25_TGA_Dry_400ppmCO2,PME_PEI_50%,10.1002/cssc.202301234,029.pdf-id_comprehensive_extraction.json,PME,Porous Silica Materials,PEI,Polymeric Amines,800.0,47.0,10.930232558139535,0,,0,,350.0,0.99,8.3,2.0,0.01,20.0,0.0,400 ppm,0.04,400 mL/min,400.0,,25.0,TGA,2.02 mmol/g,2.02,4.3 mmol/gPEI,4.3,,,,,,,,,N2,90.0,1.0,,,,,,,,,,,,,qwen3-max,DAC_prompt_SCaSE
MCF_TEPA_70%_MCF_70%TEPA_bare_T40C_TGA_100kPa,MCF_TEPA_70%,10.1021/acsomega.0c01515,030.pdf-id_comprehensive_extraction.json,MCF,Porous Silica Materials,TEPA,Small-Molecule Polyamines,189.3,70.0,16.27906976744186,0,,0,,272.0,1.54,28.0,4.26,0.01,9.389671361502348,0.0,100 kPa,100.0,,,,40.0,TGA,4.17 mmol/g,4.17,0.28 mol CO2/mol N,0.28,104.0,,,,,,,,,,,,,,,,,,,,,,,qwen3-max,DAC_prompt_SCaSE
MCF_TEPA_70%_MCF_70%TEPA_bare_T50C_isotherm_100kPa,MCF_TEPA_70%,10.1021/acsomega.0c01515,030.pdf-id_comprehensive_extraction.json,MCF,Porous Silica Materials,TEPA,Small-Molecule Polyamines,189.3,70.0,16.27906976744186,0,,0,,272.0,1.54,28.0,4.26,0.01,9.389671361502348,0.0,100 kPa,100.0,,,,50.0,BTC,5.25 mmol/g,5.25,,,,,,,,,,,,,,,,,,,,,,,,,,qwen3-max,DAC_prompt_SCaSE
MCF_TEPA_70%_MCF_70%TEPA_bare_T70C_isotherm_100kPa,MCF_TEPA_70%,10.1021/acsomega.0c01515,030.pdf-id_comprehensive_extraction.json,MCF,Porous Silica Materials,TEPA,Small-Molecule Polyamines,189.3,70.0,16.27906976744186,0,,0,,272.0,1.54,28.0,4.26,0.01,9.389671361502348,0.0,100 kPa,100.0,,,,70.0,BTC,5.20 mmol/g,5.2,,,,,,,,,,,,,,,,,,,,,,,,,,qwen3-max,DAC_prompt_SCaSE
MCF_TEPA_60%-DEA_10%_MCF_60%TEPA-10%DEA_bare_T40C_TGA_100kPa,MCF_TEPA_60%-DEA_10%,10.1021/acsomega.0c01515,030.pdf-id_comprehensive_extraction.json,MCF,Porous Silica Materials,TEPA,Small-Molecule Polyamines,189.3,60.0,13.953488372093023,DEA,Small-Molecule Polyamines,0,,272.0,1.54,28.0,3.11,0.004,5.144694533762058,0.0,100 kPa,100.0,,,,40.0,TGA,4.42 mmol/g,4.42,0.30 mol CO2/mol N,0.3,96.0,,,,,,,,,,,,,,,,,,,,,,,qwen3-max,DAC_prompt_SCaSE
MCF_TEPA_50%-DEA_20%_MCF_50%TEPA-20%DEA_bare_T40C_TGA_100kPa,MCF_TEPA_50%-DEA_20%,10.1021/acsomega.0c01515,030.pdf-id_comprehensive_extraction.json,MCF,Porous Silica Materials,TEPA,Small-Molecule Polyamines,189.3,50.0,11.627906976744187,DEA,Small-Molecule Polyamines,0,,272.0,1.54,28.0,4.29,0.012,11.188811188811188,0.0,100 kPa,100.0,,,,40.0,TGA,5.12 mmol/g,5.12,0.37 mol CO2/mol N,0.37,81.0,,,,,,,,,,,,,,,,,,,,,,,qwen3-max,DAC_prompt_SCaSE
MCF_TEPA_40%-DEA_30%_MCF_40%TEPA-30%DEA_bare_T40C_TGA_100kPa,MCF_TEPA_40%-DEA_30%,10.1021/acsomega.0c01515,030.pdf-id_comprehensive_extraction.json,MCF,Porous Silica Materials,TEPA,Small-Molecule Polyamines,189.3,40.0,9.30232558139535,DEA,Small-Molecule Polyamines,0,,272.0,1.54,28.0,4.47,0.012,10.738255033557047,0.0,100 kPa,100.0,,,,40.0,TGA,5.62 mmol/g,5.62,0.47 mol CO2/mol N,0.47,80.0,,,,,,,,,,,,,,,,,,,,,,,qwen3-max,DAC_prompt_SCaSE
MCF_TEPA_40%-DEA_30%_MCF_40%TEPA-30%DEA_bare_T50C_isotherm_100kPa,MCF_TEPA_40%-DEA_30%,10.1021/acsomega.0c01515,030.pdf-id_comprehensive_extraction.json,MCF,Porous Silica Materials,TEPA,Small-Molecule Polyamines,189.3,40.0,9.30232558139535,DEA,Small-Molecule Polyamines,0,,272.0,1.54,28.0,4.47,0.012,10.738255033557047,0.0,100 kPa,100.0,,,,50.0,BTC,5.91 mmol/g,5.91,,,,100.0,150.0,Fixed-Bed Breakthrough Testing,C/C₀,"[[0, 0.0], [50, 0.85], [100, 0.98], [150, 1.0], [175, 1.0], [200, 1.0], [225, 1.0], [250, 1.0], [300, 1.0], [600, 1.0]]","min, dimensionless","['100', '150']",,,,,,Cyclic CO2 profile,Uptake (mmol/g),"[[1, 5.86], [2, 5.86], [3, 5.86], [4, 5.86], [5, 5.86]]",,5.0,,,,,,qwen3-max,DAC_prompt_SCaSE
MCF_TEPA_40%-DEA_30%_MCF_40%TEPA-30%DEA_bare_T50C_isotherm_15kPa,MCF_TEPA_40%-DEA_30%,10.1021/acsomega.0c01515,030.pdf-id_comprehensive_extraction.json,MCF,Porous Silica Materials,TEPA,Small-Molecule Polyamines,189.3,40.0,9.30232558139535,DEA,Small-Molecule Polyamines,0,,272.0,1.54,28.0,4.47,0.012,10.738255033557047,0.0,15 kPa,15.0,,,,50.0,BTC,5.11 mmol/g,5.11,,,,,,,,,,,,,,,,,,,,,,,,,,qwen3-max,DAC_prompt_SCaSE
MCF_TEPA_40%-DEA_30%_MCF_40%TEPA-30%DEA_bare_T40C_working_10kPa,MCF_TEPA_40%-DEA_30%,10.1021/acsomega.0c01515,030.pdf-id_comprehensive_extraction.json,MCF,Porous Silica Materials,TEPA,Small-Molecule Polyamines,189.3,40.0,9.30232558139535,DEA,Small-Molecule Polyamines,0,,272.0,1.54,28.0,4.47,0.012,10.738255033557047,0.0,10 kPa,10.0,,,,40.0,BTC,3.35 mmol/g,3.35,,,,,,,,,,,,,,,,,,,,,,,,,,qwen3-max,DAC_prompt_SCaSE
MCF_TEPA_40%-DEA_30%_MCF_40%TEPA-30%DEA_bare_T40C_working_15kPa,MCF_TEPA_40%-DEA_30%,10.1021/acsomega.0c01515,030.pdf-id_comprehensive_extraction.json,MCF,Porous Silica Materials,TEPA,Small-Molecule Polyamines,189.3,40.0,9.30232558139535,DEA,Small-Molecule Polyamines,0,,272.0,1.54,28.0,4.47,0.012,10.738255033557047,0.0,15 kPa,15.0,,,,40.0,BTC,3.47 mmol/g,3.47,,,,,,,,,,,,,,,,,,,,,,,,,,qwen3-max,DAC_prompt_SCaSE
MCF_TEPA_40%-DEA_30%_MCF_40%TEPA-30%DEA_bare_T40C_working_20kPa,MCF_TEPA_40%-DEA_30%,10.1021/acsomega.0c01515,030.pdf-id_comprehensive_extraction.json,MCF,Porous Silica Materials,TEPA,Small-Molecule Polyamines,189.3,40.0,9.30232558139535,DEA,Small-Molecule Polyamines,0,,272.0,1.54,28.0,4.47,0.012,10.738255033557047,0.0,20 kPa,20.0,,,,40.0,BTC,3.66 mmol/g,3.66,,,,,,,,,,,,,,,,,,,,,,,,,,qwen3-max,DAC_prompt_SCaSE
MCF_TEPA_40%-DEA_30%_MCF_40%TEPA-30%DEA_bare_T50C_cyclic_stability,MCF_TEPA_40%-DEA_30%,10.1021/acsomega.0c01515,030.pdf-id_comprehensive_extraction.json,MCF,Porous Silica Materials,TEPA,Small-Molecule Polyamines,189.3,40.0,9.30232558139535,DEA,Small-Molecule Polyamines,0,,272.0,1.54,28.0,4.47,0.012,10.738255033557047,0.0,100 kPa,100.0,,,,50.0,TGA,5.4 mmol/g,5.4,,,,,,,,,,,N2,80.0,50.0,,8.0,Cyclic CO2 profile,CO₂ uptake (mmol/g),"[[1, 5.48], [2, 5.45], [3, 5.47], [4, 5.46], [5, 5.44], [6, 5.43], [7, 5.42], [8, 5.41], [9, 5.4], [10, 5.39]]",,10.0,,,,,,qwen3-max,DAC_prompt_SCaSE
MCF_TEPA_30%-DEA_40%_MCF_30%TEPA-40%DEA_bare_T40C_TGA_100kPa,MCF_TEPA_30%-DEA_40%,10.1021/acsomega.0c01515,030.pdf-id_comprehensive_extraction.json,MCF,Porous Silica Materials,TEPA,Small-Molecule Polyamines,189.3,30.0,6.976744186046512,DEA,Small-Molecule Polyamines,0,,272.0,1.54,28.0,3.42,0.002,2.3391812865497075,0.0,100 kPa,100.0,,,,40.0,TGA,5.32 mmol/g,5.32,0.48 mol CO2/mol N,0.48,77.0,,,,,,,,,,,,,,,,,,,,,,,qwen3-max,DAC_prompt_SCaSE
MCF_TEPA_20%-DEA_50%_MCF_20%TEPA-50%DEA_bare_T40C_TGA_100kPa,MCF_TEPA_20%-DEA_50%,10.1021/acsomega.0c01515,030.pdf-id_comprehensive_extraction.json,MCF,Porous Silica Materials,TEPA,Small-Molecule Polyamines,189.3,20.0,4.651162790697675,DEA,Small-Molecule Polyamines,0,,272.0,1.54,28.0,4.39,0.008,7.289293849658315,0.0,100 kPa,100.0,,,,40.0,TGA,4.76 mmol/g,4.76,0.51 mol CO2/mol N,0.51,72.0,,,,,,,,,,,,,,,,,,,,,,,qwen3-max,DAC_prompt_SCaSE
MCF_TEPA_20%-DEA_50%_MCF_20%TEPA-50%DEA_bare_T30C_isotherm_100kPa,MCF_TEPA_20%-DEA_50%,10.1021/acsomega.0c01515,030.pdf-id_comprehensive_extraction.json,MCF,Porous Silica Materials,TEPA,Small-Molecule Polyamines,189.3,20.0,4.651162790697675,DEA,Small-Molecule Polyamines,0,,272.0,1.54,28.0,4.39,0.008,7.289293849658315,0.0,100 kPa,100.0,,,,30.0,BTC,3.85 mmol/g,3.85,,,,,,,,,,,,,,,,,,,,,,,,,,qwen3-max,DAC_prompt_SCaSE
MCF_TEPA_10%-DEA_60%_MCF_10%TEPA-60%DEA_bare_T40C_TGA_100kPa,MCF_TEPA_10%-DEA_60%,10.1021/acsomega.0c01515,030.pdf-id_comprehensive_extraction.json,MCF,Porous Silica Materials,TEPA,Small-Molecule Polyamines,189.3,10.0,2.3255813953488373,DEA,Small-Molecule Polyamines,0,,272.0,1.54,28.0,5.05,0.006,4.752475247524752,0.0,100 kPa,100.0,,,,40.0,TGA,4.20 mmol/g,4.2,0.54 mol CO2/mol N,0.54,68.0,,,,,,,,,,,,,,,,,,,,,,,qwen3-max,DAC_prompt_SCaSE
MCF_DEA_70%_MCF_70%DEA_bare_T40C_TGA_100kPa,MCF_DEA_70%,10.1021/acsomega.0c01515,030.pdf-id_comprehensive_extraction.json,MCF,Porous Silica Materials,DEA,Small-Molecule Polyamines,105.14,70.0,16.27906976744186,0,,0,,272.0,1.54,28.0,5.55,0.019,13.693693693693694,0.0,100 kPa,100.0,,,,40.0,TGA,3.38 mmol/g,3.38,0.53 mol CO2/mol N,0.53,68.0,,,,,,,,,,,,,,,,,,,,,,,qwen3-max,DAC_prompt_SCaSE
MCF_DEA_70%_MCF_70%DEA_bare_T40C_working_10kPa,MCF_DEA_70%,10.1021/acsomega.0c01515,030.pdf-id_comprehensive_extraction.json,MCF,Porous Silica Materials,DEA,Small-Molecule Polyamines,105.14,70.0,16.27906976744186,0,,0,,272.0,1.54,28.0,5.55,0.019,13.693693693693694,0.0,10 kPa,10.0,,,,40.0,BTC,2.23 mmol/g,2.23,,,,,,,,,,,,,,,,,,,,,,,,,,qwen3-max,DAC_prompt_SCaSE
MCF_DEA_70%_MCF_70%DEA_bare_T40C_working_15kPa,MCF_DEA_70%,10.1021/acsomega.0c01515,030.pdf-id_comprehensive_extraction.json,MCF,Porous Silica Materials,DEA,Small-Molecule Polyamines,105.14,70.0,16.27906976744186,0,,0,,272.0,1.54,28.0,5.55,0.019,13.693693693693694,0.0,15 kPa,15.0,,,,40.0,BTC,2.34 mmol/g,2.34,,,,,,,,,,,,,,,,,,,,,,,,,,qwen3-max,DAC_prompt_SCaSE
MCF_DEA_70%_MCF_70%DEA_bare_T40C_working_20kPa,MCF_DEA_70%,10.1021/acsomega.0c01515,030.pdf-id_comprehensive_extraction.json,MCF,Porous Silica Materials,DEA,Small-Molecule Polyamines,105.14,70.0,16.27906976744186,0,,0,,272.0,1.54,28.0,5.55,0.019,13.693693693693694,0.0,20 kPa,20.0,,,,40.0,BTC,2.46 mmol/g,2.46,,,,,,,,,,,,,,,,,,,,,,,,,,qwen3-max,DAC_prompt_SCaSE
MCF_bare_MCF_bare_T40C_TGA_100kPa,MCF_bare,10.1021/acsomega.0c01515,030.pdf-id_comprehensive_extraction.json,MCF,Porous Silica Materials,0,,,,,0,,0,,272.0,1.54,28.0,272.0,1.54,28.0,0.0,100 kPa,100.0,,,,40.0,TGA,0.33 mmol/g,0.33,ND,,11.0,,,,,,,,,,,,,,,,,,,,,,,qwen3-max,DAC_prompt_SCaSE
KIT-1-C_bare_KIT-1-C_bare_pure_CO2_25C_TGA,KIT-1-C_bare,-,031.pdf-id_comprehensive_extraction.json,KIT-1-C,Porous Silica Materials,0,,,,,0,,0,,1171.5,1.1,3.3,,,,0.0,100%,100.0,30 mL/min,30.0,,25.0,TGA,0.42 mmol/g,0.42,,,,0.75,1.07,TG Curve/ CO2 adsorption profile,Adsorption capacity (mmol/g),"[[0.0, 0.0], [0.1, 0.02], [0.2, 0.05], [0.3, 0.12], [0.4, 0.25], [0.5, 0.45], [0.6, 0.75], [0.7, 1.1], [0.8, 1.5], [0.9, 1.9], [1.0, 2.2], [1.1, 2.4], [1.2, 2.5], [1.3, 2.55], [1.4, 2.58], [1.5, 2.6]]","Time (min), Adsorption capacity (mmol/g)","['-', '-']",,,,,,,,,,,,,,,,qwen3-max,DAC_prompt_SCaSE
KIT-1-W_bare_KIT-1-W_bare_pure_CO2_25C_TGA,KIT-1-W_bare,-,031.pdf-id_comprehensive_extraction.json,KIT-1-W,Porous Silica Materials,0,,,,,0,,0,,144.9,0.16,5.1,,,,0.0,100%,100.0,30 mL/min,30.0,,25.0,TGA,0.77 mmol/g,0.77,,,,3.391304347826086,13.050000000000002,TG Curve/ CO2 adsorption profile,Adsorption capacity (mmol·g⁻¹),"[[0, 0.0], [3, 0.45], [6, 0.68], [9, 0.78], [12, 0.85], [15, 0.89], [18, 0.92], [21, 0.94], [24, 0.95], [30, 0.96]]","Time (min), Adsorption capacity (mmol·g⁻¹)","['-', '-']",,,,,,,,,,,,,,,,qwen3-max,DAC_prompt_SCaSE
KIT-1-C_TEPA_10%_KIT-1-C_10%TEPA__pure_CO2_25C_TGA,KIT-1-C_TEPA_10%,-,031.pdf-id_comprehensive_extraction.json,KIT-1-C,Porous Silica Materials,TEPA,Small-Molecule Polyamines,189.3,14.0,3.255813953488372,0,,0,,1171.5,1.1,3.3,187.2,0.22,7.0,0.0,100%,100.0,30 mL/min,30.0,,25.0,TGA,0.83 mmol/g,0.83,,,,0.8025,1.0690000000000002,TG Curve/ CO2 adsorption profile,Adsorption capacity (mmol/g),"[[0.0, 0.0], [0.1, 0.01], [0.2, 0.03], [0.3, 0.08], [0.4, 0.18], [0.5, 0.35], [0.6, 0.65], [0.7, 1.05], [0.8, 1.6], [0.9, 2.2], [1.0, 2.7], [1.1, 3.0], [1.2, 3.15], [1.3, 3.2], [1.4, 3.22], [1.5, 3.23]]","Time (min), Adsorption capacity (mmol/g)","['-', '-']",,,,,,,,,,,,,,,,qwen3-max,DAC_prompt_SCaSE
KIT-1-W_TEPA_10%_KIT-1-W_10%TEPA__pure_CO2_25C_TGA,KIT-1-W_TEPA_10%,-,031.pdf-id_comprehensive_extraction.json,KIT-1-W,Porous Silica Materials,TEPA,Small-Molecule Polyamines,189.3,13.0,3.0232558139534884,0,,0,,144.9,0.16,5.1,22.0,0.1,10.7,0.0,100%,100.0,30 mL/min,30.0,,25.0,TGA,1.06 mmol/g,1.06,,,,1.7647058823529411,6.071428571428568,TG Curve/ CO2 adsorption profile,Adsorption capacity (mmol·g⁻¹),"[[0.0, 0.0], [2.5, 0.85], [5.0, 1.05], [7.5, 1.12], [10.0, 1.15], [12.5, 1.16], [15.0, 1.17], [17.5, 1.18], [20.0, 1.18], [25.0, 1.19], [30.0, 1.2]]","Time (min), Adsorption capacity (mmol·g⁻¹)","['-', '-']",,,,,,,,,,,,,,,,qwen3-max,DAC_prompt_SCaSE
KIT-1-C_TEPA_30%_KIT-1-C_30%TEPA__pure_CO2_25C_TGA,KIT-1-C_TEPA_30%,-,031.pdf-id_comprehensive_extraction.json,KIT-1-C,Porous Silica Materials,TEPA,Small-Molecule Polyamines,189.3,32.0,7.441860465116279,0,,0,,1171.5,1.1,3.3,39.5,0.08,12.8,0.0,100%,100.0,30 mL/min,30.0,,25.0,TGA,1.18 mmol/g,1.18,,,,0.7875,1.02,TG Curve/ CO2 adsorption profile,Adsorption capacity (mmol/g),"[[0.0, 0.0], [0.1, 0.0], [0.2, 0.01], [0.3, 0.05], [0.4, 0.15], [0.5, 0.3], [0.6, 0.6], [0.7, 1.1], [0.8, 1.9], [0.9, 2.7], [1.0, 3.2], [1.1, 3.4], [1.2, 3.5], [1.3, 3.55], [1.4, 3.58], [1.5, 3.6]]","Time (min), Adsorption capacity (mmol/g)","['-', '-']",,,,,,,,,,,,,,,,qwen3-max,DAC_prompt_SCaSE
KIT-1-W_TEPA_30%_KIT-1-W_30%TEPA__pure_CO2_25C_TGA,KIT-1-W_TEPA_30%,-,031.pdf-id_comprehensive_extraction.json,KIT-1-W,Porous Silica Materials,TEPA,Small-Molecule Polyamines,189.3,30.0,6.976744186046512,0,,0,,144.9,0.16,5.1,8.3,0.02,14.7,0.0,100%,100.0,30 mL/min,30.0,,25.0,TGA,1.92 mmol/g,1.92,,,,1.2222222222222223,5.200000000000008,TG Curve/ CO2 adsorption profile,Adsorption capacity (mmol·g⁻¹),"[[0.0, 0.0], [2.0, 1.8], [4.0, 1.95], [6.0, 2.0], [8.0, 2.05], [10.0, 2.1], [12.0, 2.12], [15.0, 2.15], [20.0, 2.18], [30.0, 2.2]]","Time (min), Adsorption capacity (mmol·g⁻¹)","['-', '-']",,,,,,,,,,,,,,,,qwen3-max,DAC_prompt_SCaSE
KIT-1-C_TEPA_50%_KIT-1-C_50%TEPA__pure_CO2_25C_TGA,KIT-1-C_TEPA_50%,-,031.pdf-id_comprehensive_extraction.json,KIT-1-C,Porous Silica Materials,TEPA,Small-Molecule Polyamines,189.3,48.0,11.162790697674419,0,,0,,1171.5,1.1,3.3,23.5,0.03,18.6,0.0,100%,100.0,30 mL/min,30.0,,25.0,TGA,2.71 mmol/g,2.71,0.21 molCO2/molN,0.21,67.4,0.717,0.9486666666666668,TG Curve/ CO2 adsorption profile,Adsorption capacity (mmol/g),"[[0.0, 0.0], [0.1, 0.0], [0.2, 0.0], [0.3, 0.02], [0.4, 0.1], [0.5, 0.35], [0.6, 0.9], [0.7, 1.8], [0.8, 2.8], [0.9, 3.4], [1.0, 3.7], [1.1, 3.85], [1.2, 3.9], [1.3, 3.92], [1.4, 3.93], [1.5, 3.94]]","Time (min), Adsorption capacity (mmol/g)","['-', '-']",,,,,,Cyclic CO2 profile,Adsorption capacity (mmol/g),"[[1, 3.2], [2, 3.1], [3, 3.0], [4, 3.1], [5, 3.0], [6, 2.9], [7, 2.9], [8, 2.8], [9, 2.8], [10, 2.8]]",Adsorption capacity (mmol/g),10.0,,,,,,qwen3-max,DAC_prompt_SCaSE
KIT-1-C_TEPA_50%_KIT-1-C_50%TEPA__15pct_CO2_N2_75C_TGA,KIT-1-C_TEPA_50%,-,031.pdf-id_comprehensive_extraction.json,KIT-1-C,Porous Silica Materials,TEPA,Small-Molecule Polyamines,189.3,48.0,11.162790697674419,0,,0,,1171.5,1.1,3.3,23.5,0.03,18.6,0.0,15%,15.0,30 mL/min,30.0,,75.0,TGA,2.27 mmol/g,2.27,,,,,,,,,,,,,,,,Cyclic CO2 profile,Adsorption capacity (mmol/g),"[[1, 2.3], [2, 2.3], [3, 2.2], [4, 2.2], [5, 2.2], [6, 2.2], [7, 2.2], [8, 2.2], [9, 2.2], [10, 2.2]]",Adsorption capacity (mmol/g),10.0,,,,,,qwen3-max,DAC_prompt_SCaSE
KIT-1-W_TEPA_50%_KIT-1-W_50%TEPA__pure_CO2_25C_TGA,KIT-1-W_TEPA_50%,-,031.pdf-id_comprehensive_extraction.json,KIT-1-W,Porous Silica Materials,TEPA,Small-Molecule Polyamines,189.3,44.0,10.232558139534884,0,,0,,144.9,0.16,5.1,,,,0.0,100%,100.0,30 mL/min,30.0,,25.0,TGA,4.19 mmol/g,4.19,0.36 molCO2/molN,0.36,57.8,0.4555555555555555,0.6799999999999999,TG Curve/ CO2 adsorption profile,Adsorption capacity (mmol·g⁻¹),"[[0.0, 0.0], [0.1, 0.05], [0.2, 0.25], [0.3, 0.75], [0.4, 1.5], [0.5, 2.4], [0.6, 3.2], [0.7, 3.7], [0.8, 3.9], [0.9, 4.0]]","Time (min), Adsorption capacity (mmol·g⁻¹)","['-', '-']",,,,,,Cyclic CO2 profile,Adsorption capacity (mmol/g),"[[1, 4.19], [2, 4.1], [3, 4.0], [4, 4.2], [5, 4.1], [6, 4.0], [7, 4.1], [8, 4.0], [9, 4.0], [10, 3.9]]",Adsorption capacity (mmol/g),10.0,,,,,,qwen3-max,DAC_prompt_SCaSE
KIT-1-W_TEPA_50%_KIT-1-W_50%TEPA__15pct_CO2_N2_75C_TGA,KIT-1-W_TEPA_50%,-,031.pdf-id_comprehensive_extraction.json,KIT-1-W,Porous Silica Materials,TEPA,Small-Molecule Polyamines,189.3,44.0,10.232558139534884,0,,0,,144.9,0.16,5.1,,,,0.0,15%,15.0,30 mL/min,30.0,,75.0,TGA,3.09 mmol/g,3.09,,,,,,,,,,,,,,,,Cyclic CO2 profile,Adsorption capacity (mmol/g),"[[1, 2.5], [2, 2.8], [3, 2.7], [4, 2.8], [5, 2.8], [6, 2.8], [7, 2.8], [8, 2.8], [9, 2.8], [10, 2.8]]",Adsorption capacity (mmol/g),10.0,,,,,,qwen3-max,DAC_prompt_SCaSE
KIT-1-C_TEPA_60%_KIT-1-C_60%TEPA__pure_CO2_25C_TGA,KIT-1-C_TEPA_60%,-,031.pdf-id_comprehensive_extraction.json,KIT-1-C,Porous Silica Materials,TEPA,Small-Molecule Polyamines,189.3,57.0,13.255813953488373,0,,0,,1171.5,1.1,3.3,,,,0.0,100%,100.0,30 mL/min,30.0,,25.0,TGA,3.60 mmol/g,3.6,,,61.0,0.7222222222222222,0.9466666666666668,TG Curve/ CO2 adsorption profile,Adsorption capacity (mmol/g),"[[0.0, 0.0], [0.1, 0.0], [0.2, 0.0], [0.3, 0.0], [0.4, 0.05], [0.5, 0.2], [0.6, 0.7], [0.7, 1.6], [0.8, 2.5], [0.9, 3.1], [1.0, 3.4], [1.1, 3.5], [1.2, 3.55], [1.3, 3.58], [1.4, 3.6], [1.5, 3.6]]","Time (min), Adsorption capacity (mmol/g)","['-', '-']",,,,,,,,,,,,,,,,qwen3-max,DAC_prompt_SCaSE
KIT-1-W_TEPA_60%_KIT-1-W_60%TEPA__pure_CO2_25C_TGA,KIT-1-W_TEPA_60%,-,031.pdf-id_comprehensive_extraction.json,KIT-1-W,Porous Silica Materials,TEPA,Small-Molecule Polyamines,189.3,56.0,13.023255813953488,0,,0,,144.9,0.16,5.1,,,,0.0,100%,100.0,30 mL/min,30.0,,25.0,TGA,3.89 mmol/g,3.89,,,61.0,0.7,2.640000000000001,TG Curve/ CO2 adsorption profile,Adsorption capacity (mmol/g),"[[0.0, 0.0], [1.0, 2.8], [2.0, 3.4], [3.0, 3.6], [5.0, 3.7], [10.0, 3.8], [15.0, 3.85], [20.0, 3.88], [25.0, 3.9], [30.0, 3.92]]","Time (min), Adsorption capacity (mmol/g)","['-', '-']",,,,,,,,,,,,,,,,qwen3-max,DAC_prompt_SCaSE
MCF_bare_MCF_bare_T25_TGA_10pctCO2_He,MCF_bare,10.1016/j.cej.2013.12.045,032.pdf-id_comprehensive_extraction.json,MCF,Porous Silica Materials,0,,,,,0,,0,,608.0,2.03,50.4,,,,0.0,10 vol%,10.0,400 mL/min,400.0,,25.0,TGA,0.08 mmol/g,0.08,,,,,,,,,,,He,120.0,3.0,,,,,,,,,,,,,qwen3-max,DAC_prompt_SCaSE
MCF_PAA_26_MCF_PAA_26_T25_TGA_10pctCO2_He,MCF_PAA_26,10.1016/j.cej.2013.12.045,032.pdf-id_comprehensive_extraction.json,MCF,Porous Silica Materials,PAA,Polymeric Amines,2200.0,26.0,6.046511627906977,0,,0,,608.0,2.03,50.4,247.0,1.27,44.8,0.0,10 vol%,10.0,400 mL/min,400.0,,25.0,TGA,1.32 mmol/g,1.32,0.29 mol CO₂/mol N,0.29,,,,,,,,,He,120.0,3.0,,,,,,,,,,,,,qwen3-max,DAC_prompt_SCaSE
MCF_PAA_32_MCF_PAA_32_T25_TGA_10pctCO2_He,MCF_PAA_32,10.1016/j.cej.2013.12.045,032.pdf-id_comprehensive_extraction.json,MCF,Porous Silica Materials,PAA,Polymeric Amines,2200.0,32.0,7.441860465116279,0,,0,,608.0,2.03,50.4,273.0,1.28,48.9,0.0,10 vol%,10.0,400 mL/min,400.0,,25.0,TGA,1.53 mmol/g,1.53,0.27 mol CO₂/mol N,0.27,,,,,,,,,He,120.0,3.0,,,,,,,,,,,,,qwen3-max,DAC_prompt_SCaSE
MCF_PAA_35_MCF_PAA_35_T25_TGA_10pctCO2_He,MCF_PAA_35,10.1016/j.cej.2013.12.045,032.pdf-id_comprehensive_extraction.json,MCF,Porous Silica Materials,PAA,Polymeric Amines,2200.0,35.0,8.13953488372093,0,,0,,608.0,2.03,50.4,233.0,1.18,44.2,0.0,10 vol%,10.0,400 mL/min,400.0,,25.0,TGA,1.42 mmol/g,1.42,0.23 mol CO₂/mol N,0.23,,,,,,,,,He,120.0,3.0,,,,,,,,,,,,,qwen3-max,DAC_prompt_SCaSE
MCF_PAA_35_MCF_PAA_35_T50_TGA_10pctCO2_He,MCF_PAA_35,10.1016/j.cej.2013.12.045,032.pdf-id_comprehensive_extraction.json,MCF,Porous Silica Materials,PAA,Polymeric Amines,2200.0,35.0,8.13953488372093,0,,0,,608.0,2.03,50.4,233.0,1.18,44.2,0.0,10 vol%,10.0,400 mL/min,400.0,,50.0,TGA,1.28 mmol/g,1.28,,,,,,,,,,,He,120.0,3.0,,,,,,,,,,,,,qwen3-max,DAC_prompt_SCaSE
MCF_PAA_35_MCF_PAA_35_T75_TGA_10pctCO2_He,MCF_PAA_35,10.1016/j.cej.2013.12.045,032.pdf-id_comprehensive_extraction.json,MCF,Porous Silica Materials,PAA,Polymeric Amines,2200.0,35.0,8.13953488372093,0,,0,,608.0,2.03,50.4,233.0,1.18,44.2,0.0,10 vol%,10.0,400 mL/min,400.0,,75.0,TGA,1.15 mmol/g,1.15,,,,,,,,,,,He,120.0,3.0,,,,,,,,,,,,,qwen3-max,DAC_prompt_SCaSE
MCF_PAA_35_MCF_PAA_35_T100_TGA_10pctCO2_He,MCF_PAA_35,10.1016/j.cej.2013.12.045,032.pdf-id_comprehensive_extraction.json,MCF,Porous Silica Materials,PAA,Polymeric Amines,2200.0,35.0,8.13953488372093,0,,0,,608.0,2.03,50.4,233.0,1.18,44.2,0.0,10 vol%,10.0,400 mL/min,400.0,,100.0,TGA,1.05 mmol/g,1.05,,,,,,,,,,,He,120.0,3.0,,,,,,,,,,,,,qwen3-max,DAC_prompt_SCaSE
MCF_PAA_35_MCF_PAA_35_T125_TGA_10pctCO2_He,MCF_PAA_35,10.1016/j.cej.2013.12.045,032.pdf-id_comprehensive_extraction.json,MCF,Porous Silica Materials,PAA,Polymeric Amines,2200.0,35.0,8.13953488372093,0,,0,,608.0,2.03,50.4,233.0,1.18,44.2,0.0,10 vol%,10.0,400 mL/min,400.0,,125.0,TGA,0.92 mmol/g,0.92,,,,,,,,,,,He,120.0,3.0,,,,,,,,,,,,,qwen3-max,DAC_prompt_SCaSE
MCF_PAA_35_MCF_PAA_35_T150_TGA_10pctCO2_He,MCF_PAA_35,10.1016/j.cej.2013.12.045,032.pdf-id_comprehensive_extraction.json,MCF,Porous Silica Materials,PAA,Polymeric Amines,2200.0,35.0,8.13953488372093,0,,0,,608.0,2.03,50.4,233.0,1.18,44.2,0.0,10 vol%,10.0,400 mL/min,400.0,,150.0,TGA,0.45 mmol/g,0.45,,,,,,,,,,,He,120.0,3.0,,,,,,,,,,,,,qwen3-max,DAC_prompt_SCaSE
MCF_PAA_35_MCF_PAA_35_Cycle1_T30_TGA_10pctCO2_He,MCF_PAA_35,10.1016/j.cej.2013.12.045,032.pdf-id_comprehensive_extraction.json,MCF,Porous Silica Materials,PAA,Polymeric Amines,2200.0,35.0,8.13953488372093,0,,0,,608.0,2.03,50.4,233.0,1.18,44.2,0.0,10 vol%,10.0,400 mL/min,400.0,,30.0,TGA,1.28 mmol/g,1.28,,,,,,,,,,,He,120.0,3.0,,,Cyclic CO2 profile,CO₂ capacity (mmol CO₂/g),"[[1, 1.28], [2, 1.25], [3, 1.24], [4, 1.1], [5, 1.12]]",mmol/g,5.0,,,,,,qwen3-max,DAC_prompt_SCaSE
MCF_PAA_35_MCF_PAA_35_Cycle5_T120_TGA_10pctCO2_He,MCF_PAA_35,10.1016/j.cej.2013.12.045,032.pdf-id_comprehensive_extraction.json,MCF,Porous Silica Materials,PAA,Polymeric Amines,2200.0,35.0,8.13953488372093,0,,0,,608.0,2.03,50.4,233.0,1.18,44.2,0.0,10 vol%,10.0,400 mL/min,400.0,,120.0,TGA,0.78 mmol/g,0.78,,,,,,,,,,,He,120.0,3.0,,32.0,Cyclic CO2 profile,CO₂ capacity (mmol CO₂/g),"[[1, 0.78], [2, 0.75], [3, 0.58], [4, 0.55], [5, 0.52]]",mmol/g,5.0,,,,,,qwen3-max,DAC_prompt_SCaSE
MCF_PAA_47_MCF_PAA_47_T25_TGA_10pctCO2_He,MCF_PAA_47,10.1016/j.cej.2013.12.045,032.pdf-id_comprehensive_extraction.json,MCF,Porous Silica Materials,PAA,Polymeric Amines,2200.0,47.0,10.930232558139535,0,,0,,608.0,2.03,50.4,154.0,0.79,49.0,0.0,10 vol%,10.0,400 mL/min,400.0,,25.0,TGA,1.35 mmol/g,1.35,0.16 mol CO₂/mol N,0.16,,,,,,,,,He,120.0,3.0,,,,,,,,,,,,,qwen3-max,DAC_prompt_SCaSE
MCF_GPAA_22_MCF_GPAA_22_T25_TGA_10pctCO2_He,MCF_GPAA_22,10.1016/j.cej.2013.12.045,032.pdf-id_comprehensive_extraction.json,MCF,Porous Silica Materials,GPAA,Polymeric Amines,2200.0,22.0,5.116279069767442,0,,0,,608.0,2.03,50.4,349.0,1.6,35.3,0.0,10 vol%,10.0,400 mL/min,400.0,,25.0,TGA,1.14 mmol/g,1.14,0.32 mol CO₂/mol N,0.32,,,,,,,,,He,120.0,3.0,,,,,,,,,,,,,qwen3-max,DAC_prompt_SCaSE
MCF_GPAA_28_MCF_GPAA_28_T25_TGA_10pctCO2_He,MCF_GPAA_28,10.1016/j.cej.2013.12.045,032.pdf-id_comprehensive_extraction.json,MCF,Porous Silica Materials,GPAA,Polymeric Amines,2200.0,28.0,6.511627906976744,0,,0,,608.0,2.03,50.4,298.0,1.34,41.6,0.0,10 vol%,10.0,400 mL/min,400.0,,25.0,TGA,1.21 mmol/g,1.21,0.26 mol CO₂/mol N,0.26,,,,,,,,,He,120.0,3.0,,,,,,,,,,,,,qwen3-max,DAC_prompt_SCaSE
MCF_GPAA_35_MCF_GPAA_35_T25_TGA_10pctCO2_He,MCF_GPAA_35,10.1016/j.cej.2013.12.045,032.pdf-id_comprehensive_extraction.json,MCF,Porous Silica Materials,GPAA,Polymeric Amines,2200.0,35.0,8.13953488372093,0,,0,,608.0,2.03,50.4,193.0,1.02,49.8,0.0,10 vol%,10.0,400 mL/min,400.0,,25.0,TGA,1.38 mmol/g,1.38,0.24 mol CO₂/mol N,0.24,,,,,,,,,He,120.0,3.0,,,,,,,,,,,,,qwen3-max,DAC_prompt_SCaSE
MCF_GPAA_35_MCF_GPAA_35_T50_TGA_10pctCO2_He,MCF_GPAA_35,10.1016/j.cej.2013.12.045,032.pdf-id_comprehensive_extraction.json,MCF,Porous Silica Materials,GPAA,Polymeric Amines,2200.0,35.0,8.13953488372093,0,,0,,608.0,2.03,50.4,193.0,1.02,49.8,0.0,10 vol%,10.0,400 mL/min,400.0,,50.0,TGA,1.22 mmol/g,1.22,,,,,,,,,,,He,120.0,3.0,,,,,,,,,,,,,qwen3-max,DAC_prompt_SCaSE
MCF_GPAA_35_MCF_GPAA_35_T75_TGA_10pctCO2_He,MCF_GPAA_35,10.1016/j.cej.2013.12.045,032.pdf-id_comprehensive_extraction.json,MCF,Porous Silica Materials,GPAA,Polymeric Amines,2200.0,35.0,8.13953488372093,0,,0,,608.0,2.03,50.4,193.0,1.02,49.8,0.0,10 vol%,10.0,400 mL/min,400.0,,75.0,TGA,1.10 mmol/g,1.1,,,,,,,,,,,He,120.0,3.0,,,,,,,,,,,,,qwen3-max,DAC_prompt_SCaSE
MCF_GPAA_35_MCF_GPAA_35_T100_TGA_10pctCO2_He,MCF_GPAA_35,10.1016/j.cej.2013.12.045,032.pdf-id_comprehensive_extraction.json,MCF,Porous Silica Materials,GPAA,Polymeric Amines,2200.0,35.0,8.13953488372093,0,,0,,608.0,2.03,50.4,193.0,1.02,49.8,0.0,10 vol%,10.0,400 mL/min,400.0,,100.0,TGA,1.08 mmol/g,1.08,,,,,,,,,,,He,120.0,3.0,,,,,,,,,,,,,qwen3-max,DAC_prompt_SCaSE
MCF_GPAA_35_MCF_GPAA_35_T125_TGA_10pctCO2_He,MCF_GPAA_35,10.1016/j.cej.2013.12.045,032.pdf-id_comprehensive_extraction.json,MCF,Porous Silica Materials,GPAA,Polymeric Amines,2200.0,35.0,8.13953488372093,0,,0,,608.0,2.03,50.4,193.0,1.02,49.8,0.0,10 vol%,10.0,400 mL/min,400.0,,125.0,TGA,0.95 mmol/g,0.95,,,,,,,,,,,He,120.0,3.0,,,,,,,,,,,,,qwen3-max,DAC_prompt_SCaSE
MCF_GPAA_35_MCF_GPAA_35_T150_TGA_10pctCO2_He,MCF_GPAA_35,10.1016/j.cej.2013.12.045,032.pdf-id_comprehensive_extraction.json,MCF,Porous Silica Materials,GPAA,Polymeric Amines,2200.0,35.0,8.13953488372093,0,,0,,608.0,2.03,50.4,193.0,1.02,49.8,0.0,10 vol%,10.0,400 mL/min,400.0,,150.0,TGA,0.50 mmol/g,0.5,,,,,,,,,,,He,120.0,3.0,,,,,,,,,,,,,qwen3-max,DAC_prompt_SCaSE
MCF_GPAA_35_MCF_GPAA_35_Cycle1_T30_TGA_10pctCO2_He,MCF_GPAA_35,10.1016/j.cej.2013.12.045,032.pdf-id_comprehensive_extraction.json,MCF,Porous Silica Materials,GPAA,Polymeric Amines,2200.0,35.0,8.13953488372093,0,,0,,608.0,2.03,50.4,193.0,1.02,49.8,0.0,10 vol%,10.0,400 mL/min,400.0,,30.0,TGA,1.22 mmol/g,1.22,,,,,,,,,,,He,120.0,3.0,,,Cyclic CO2 profile,CO₂ capacity (mmol CO₂/g),"[[1, 1.22], [2, 1.08], [3, 1.09], [4, 1.05], [5, 1.01]]",mmol/g,5.0,,,,,,qwen3-max,DAC_prompt_SCaSE
MCF_GPAA_35_MCF_GPAA_35_Cycle5_T120_TGA_10pctCO2_He,MCF_GPAA_35,10.1016/j.cej.2013.12.045,032.pdf-id_comprehensive_extraction.json,MCF,Porous Silica Materials,GPAA,Polymeric Amines,2200.0,35.0,8.13953488372093,0,,0,,608.0,2.03,50.4,193.0,1.02,49.8,0.0,10 vol%,10.0,400 mL/min,400.0,,120.0,TGA,1.02 mmol/g,1.02,,,,,,,,,,,He,120.0,3.0,,17.0,Cyclic CO2 profile,CO₂ capacity (mmol CO₂/g),"[[1, 1.02], [2, 0.92], [3, 0.87], [4, 0.85], [5, 0.84]]",mmol/g,5.0,,,,,,qwen3-max,DAC_prompt_SCaSE
MCF_GPAA_44_MCF_GPAA_44_T25_TGA_10pctCO2_He,MCF_GPAA_44,10.1016/j.cej.2013.12.045,032.pdf-id_comprehensive_extraction.json,MCF,Porous Silica Materials,GPAA,Polymeric Amines,2200.0,44.0,10.232558139534884,0,,0,,608.0,2.03,50.4,127.0,0.66,39.3,0.0,10 vol%,10.0,400 mL/min,400.0,,25.0,TGA,1.04 mmol/g,1.04,0.14 mol CO₂/mol N,0.14,,,,,,,,,He,120.0,3.0,,,,,,,,,,,,,qwen3-max,DAC_prompt_SCaSE
MF_TEPA_30%_MF_30%TEPA__T40_C100kPa_TGA,MF_TEPA_30%,10.1021/acs.iecr.9b02742,033.pdf-id_comprehensive_extraction.json,MF,Porous Silica Materials,TEPA,Small-Molecule Polyamines,189.3,30.0,6.976744186046512,0,,0,,479.0,2.0,16.701461377870565,226.0,1.14,20.17699115044248,0.0,100 kPa,100.0,50 mL/min,50.0,,40.0,TGA,2.40 mmol/g,2.4,0.33 mol CO2/mol N,0.33,,1.7414634146341466,4.839999999999998,TG Curve/ CO2 adsorption profile,CO2 adsorbed (mmol/g),"[[0, 0.0], [3, 2.05], [6, 2.2], [9, 2.28], [12, 2.32], [15, 2.34], [18, 2.35], [21, 2.36], [24, 2.37], [30, 2.38]]","min, mmol/g","['-', '-']",N2,80.0,2.0,,,,,,,,,,,,,qwen3-max,DAC_prompt_SCaSE
MF_TEPA_30%_MF_30%TEPA__T40_C100kPa_BTC,MF_TEPA_30%,10.1021/acs.iecr.9b02742,033.pdf-id_comprehensive_extraction.json,MF,Porous Silica Materials,TEPA,Small-Molecule Polyamines,189.3,30.0,6.976744186046512,0,,0,,479.0,2.0,16.701461377870565,226.0,1.14,20.17699115044248,0.0,100 kPa,100.0,,,,40.0,BTC,2.40 mmol/g,2.4,0.33 mol CO2/mol N,0.33,,,,,,,,,,,,,,,,,,,,,,,,qwen3-max,DAC_prompt_SCaSE
MF_TEPA_30%_MF_30%TEPA_O2-80C-18h_T40_C100kPa_BTC,MF_TEPA_30%,10.1021/acs.iecr.9b02742,033.pdf-id_comprehensive_extraction.json,MF,Porous Silica Materials,TEPA,Small-Molecule Polyamines,189.3,30.0,6.976744186046512,0,,0,,479.0,2.0,16.701461377870565,226.0,1.14,20.17699115044248,0.0,100 kPa,100.0,,,,40.0,BTC,1.10 mmol/g,1.1,,,,,,,,,,,,,,,54.0,,,,,,,,,,,qwen3-max,DAC_prompt_SCaSE
MF_TEPA_30%_MF_30%TEPA_O2-80C-42h_T40_C100kPa_BTC,MF_TEPA_30%,10.1021/acs.iecr.9b02742,033.pdf-id_comprehensive_extraction.json,MF,Porous Silica Materials,TEPA,Small-Molecule Polyamines,189.3,30.0,6.976744186046512,0,,0,,479.0,2.0,16.701461377870565,226.0,1.14,20.17699115044248,0.0,100 kPa,100.0,,,,40.0,BTC,0.50 mmol/g,0.5,,,,,,,,,,,,,,,79.0,,,,,,,,,,,qwen3-max,DAC_prompt_SCaSE
MF_TEPA_30%_MF_30%TEPA_15monthsStorage_T40_C100kPa_BTC,MF_TEPA_30%,10.1021/acs.iecr.9b02742,033.pdf-id_comprehensive_extraction.json,MF,Porous Silica Materials,TEPA,Small-Molecule Polyamines,189.3,30.0,6.976744186046512,0,,0,,479.0,2.0,16.701461377870565,226.0,1.14,20.17699115044248,0.0,100 kPa,100.0,,,,40.0,BTC,1.25 mmol/g,1.25,,,,,,,,,,,,,,,48.0,,,,,,,,,,,qwen3-max,DAC_prompt_SCaSE
MF_TEPA_30%_DPPD_5%_MF_30%TEPA_5%DPPD_T40_C100kPa_BTC,MF_TEPA_30%_DPPD_5%,10.1021/acs.iecr.9b02742,033.pdf-id_comprehensive_extraction.json,MF,Porous Silica Materials,TEPA,Small-Molecule Polyamines,189.3,35.0,8.13953488372093,DPPD,Additive,0,,479.0,2.0,16.701461377870565,184.0,0.94,20.434782608695652,0.0,100 kPa,100.0,,,,40.0,BTC,2.39 mmol/g,2.39,0.33 mol CO2/mol N,0.33,,,,,,,,,,,,,,,,,,,,,,,,qwen3-max,DAC_prompt_SCaSE
MF_TEPA_30%_DPPD_5%_MF_30%TEPA_5%DPPD_O2-80C-18h_T40_C100kPa_BTC,MF_TEPA_30%_DPPD_5%,10.1021/acs.iecr.9b02742,033.pdf-id_comprehensive_extraction.json,MF,Porous Silica Materials,TEPA,Small-Molecule Polyamines,189.3,35.0,8.13953488372093,DPPD,Additive,0,,479.0,2.0,16.701461377870565,184.0,0.94,20.434782608695652,0.0,100 kPa,100.0,,,,40.0,BTC,1.31 mmol/g,1.31,,,,,,,,,,,,,,,45.0,,,,,,,,,,,qwen3-max,DAC_prompt_SCaSE
MF_TEPA_30%_DPPD_5%_MF_30%TEPA_5%DPPD_O2-80C-42h_T40_C100kPa_BTC,MF_TEPA_30%_DPPD_5%,10.1021/acs.iecr.9b02742,033.pdf-id_comprehensive_extraction.json,MF,Porous Silica Materials,TEPA,Small-Molecule Polyamines,189.3,35.0,8.13953488372093,DPPD,Additive,0,,479.0,2.0,16.701461377870565,184.0,0.94,20.434782608695652,0.0,100 kPa,100.0,,,,40.0,BTC,0.60 mmol/g,0.6,,,,,,,,,,,,,,,84.0,,,,,,,,,,,qwen3-max,DAC_prompt_SCaSE
MF_TEPA_30%_DPPD_5%_MF_30%TEPA_5%DPPD_15monthsStorage_T40_C100kPa_BTC,MF_TEPA_30%_DPPD_5%,10.1021/acs.iecr.9b02742,033.pdf-id_comprehensive_extraction.json,MF,Porous Silica Materials,TEPA,Small-Molecule Polyamines,189.3,35.0,8.13953488372093,DPPD,Additive,0,,479.0,2.0,16.701461377870565,184.0,0.94,20.434782608695652,0.0,100 kPa,100.0,,,,40.0,BTC,1.15 mmol/g,1.15,,,,,,,,,,,,,,,52.0,,,,,,,,,,,qwen3-max,DAC_prompt_SCaSE
MF_TEPA_30%_TBD_5%_MF_30%TEPA_5%TBD_T40_C100kPa_BTC,MF_TEPA_30%_TBD_5%,10.1021/acs.iecr.9b02742,033.pdf-id_comprehensive_extraction.json,MF,Porous Silica Materials,TEPA,Small-Molecule Polyamines,189.3,35.0,8.13953488372093,TBD,Additive,0,,479.0,2.0,16.701461377870565,165.0,0.91,22.060606060606062,0.0,100 kPa,100.0,,,,40.0,BTC,2.40 mmol/g,2.4,0.34 mol CO2/mol N,0.34,,,,,,,,,,,,,,,,,,,,,,,,qwen3-max,DAC_prompt_SCaSE
MF_TEPA_30%_TBD_5%_MF_30%TEPA_5%TBD_O2-80C-18h_T40_C100kPa_BTC,MF_TEPA_30%_TBD_5%,10.1021/acs.iecr.9b02742,033.pdf-id_comprehensive_extraction.json,MF,Porous Silica Materials,TEPA,Small-Molecule Polyamines,189.3,35.0,8.13953488372093,TBD,Additive,0,,479.0,2.0,16.701461377870565,165.0,0.91,22.060606060606062,0.0,100 kPa,100.0,,,,40.0,BTC,0.53 mmol/g,0.53,,,,,,,,,,,,,,,78.0,,,,,,,,,,,qwen3-max,DAC_prompt_SCaSE
MF_TEPA_30%_TBD_5%_MF_30%TEPA_5%TBD_O2-80C-42h_T40_C100kPa_BTC,MF_TEPA_30%_TBD_5%,10.1021/acs.iecr.9b02742,033.pdf-id_comprehensive_extraction.json,MF,Porous Silica Materials,TEPA,Small-Molecule Polyamines,189.3,35.0,8.13953488372093,TBD,Additive,0,,479.0,2.0,16.701461377870565,165.0,0.91,22.060606060606062,0.0,100 kPa,100.0,,,,40.0,BTC,0.43 mmol/g,0.43,,,,,,,,,,,,,,,82.0,,,,,,,,,,,qwen3-max,DAC_prompt_SCaSE
MF_TEPA_30%_TBD_5%_MF_30%TEPA_5%TBD_15monthsStorage_T40_C100kPa_BTC,MF_TEPA_30%_TBD_5%,10.1021/acs.iecr.9b02742,033.pdf-id_comprehensive_extraction.json,MF,Porous Silica Materials,TEPA,Small-Molecule Polyamines,189.3,35.0,8.13953488372093,TBD,Additive,0,,479.0,2.0,16.701461377870565,165.0,0.91,22.060606060606062,0.0,100 kPa,100.0,,,,40.0,BTC,0.77 mmol/g,0.77,,,,,,,,,,,,,,,68.0,,,,,,,,,,,qwen3-max,DAC_prompt_SCaSE
MF_TEPA_30%_DBPD_5%_MF_30%TEPA_5%DBPD_T40_C100kPa_BTC,MF_TEPA_30%_DBPD_5%,10.1021/acs.iecr.9b02742,033.pdf-id_comprehensive_extraction.json,MF,Porous Silica Materials,TEPA,Small-Molecule Polyamines,189.3,35.0,8.13953488372093,DBPD,Additive,0,,479.0,2.0,16.701461377870565,177.0,0.92,20.7909604519774,0.0,100 kPa,100.0,,,,40.0,BTC,2.20 mmol/g,2.2,0.32 mol CO2/mol N,0.32,,,,,,,,,,,,,,,,,,,,,,,,qwen3-max,DAC_prompt_SCaSE
MF_TEPA_30%_DBPD_5%_MF_30%TEPA_5%DBPD_O2-80C-18h_T40_C100kPa_BTC,MF_TEPA_30%_DBPD_5%,10.1021/acs.iecr.9b02742,033.pdf-id_comprehensive_extraction.json,MF,Porous Silica Materials,TEPA,Small-Molecule Polyamines,189.3,35.0,8.13953488372093,DBPD,Additive,0,,479.0,2.0,16.701461377870565,177.0,0.92,20.7909604519774,0.0,100 kPa,100.0,,,,40.0,BTC,0.22 mmol/g,0.22,,,,,,,,,,,,,,,90.0,,,,,,,,,,,qwen3-max,DAC_prompt_SCaSE
MF_TEPA_30%_DBPD_5%_MF_30%TEPA_5%DBPD_O2-80C-42h_T40_C100kPa_BTC,MF_TEPA_30%_DBPD_5%,10.1021/acs.iecr.9b02742,033.pdf-id_comprehensive_extraction.json,MF,Porous Silica Materials,TEPA,Small-Molecule Polyamines,189.3,35.0,8.13953488372093,DBPD,Additive,0,,479.0,2.0,16.701461377870565,177.0,0.92,20.7909604519774,0.0,100 kPa,100.0,,,,40.0,BTC,0.13 mmol/g,0.13,,,,,,,,,,,,,,,94.0,,,,,,,,,,,qwen3-max,DAC_prompt_SCaSE
MF_TEPA_30%_DBPD_5%_MF_30%TEPA_5%DBPD_15monthsStorage_T40_C100kPa_BTC,MF_TEPA_30%_DBPD_5%,10.1021/acs.iecr.9b02742,033.pdf-id_comprehensive_extraction.json,MF,Porous Silica Materials,TEPA,Small-Molecule Polyamines,189.3,35.0,8.13953488372093,DBPD,Additive,0,,479.0,2.0,16.701461377870565,177.0,0.92,20.7909604519774,0.0,100 kPa,100.0,,,,40.0,BTC,0.11 mmol/g,0.11,,,,,,,,,,,,,,,95.0,,,,,,,,,,,qwen3-max,DAC_prompt_SCaSE
MF_TEPA_30%_BHT_5%_MF_30%TEPA_5%BHT_T40_C100kPa_BTC,MF_TEPA_30%_BHT_5%,10.1021/acs.iecr.9b02742,033.pdf-id_comprehensive_extraction.json,MF,Porous Silica Materials,TEPA,Small-Molecule Polyamines,189.3,35.0,8.13953488372093,BHT,Additive,0,,479.0,2.0,16.701461377870565,163.0,0.91,22.33128834355828,0.0,100 kPa,100.0,,,,40.0,BTC,2.39 mmol/g,2.39,0.32 mol CO2/mol N,0.32,,,,,,,,,,,,,,,,,,,,,,,,qwen3-max,DAC_prompt_SCaSE
MF_TEPA_30%_BHT_5%_MF_30%TEPA_5%BHT_O2-80C-18h_T40_C100kPa_BTC,MF_TEPA_30%_BHT_5%,10.1021/acs.iecr.9b02742,033.pdf-id_comprehensive_extraction.json,MF,Porous Silica Materials,TEPA,Small-Molecule Polyamines,189.3,35.0,8.13953488372093,BHT,Additive,0,,479.0,2.0,16.701461377870565,163.0,0.91,22.33128834355828,0.0,100 kPa,100.0,,,,40.0,BTC,1.15 mmol/g,1.15,,,,,,,,,,,,,,,52.0,,,,,,,,,,,qwen3-max,DAC_prompt_SCaSE
MF_TEPA_30%_BHT_5%_MF_30%TEPA_5%BHT_O2-80C-42h_T40_C100kPa_BTC,MF_TEPA_30%_BHT_5%,10.1021/acs.iecr.9b02742,033.pdf-id_comprehensive_extraction.json,MF,Porous Silica Materials,TEPA,Small-Molecule Polyamines,189.3,35.0,8.13953488372093,BHT,Additive,0,,479.0,2.0,16.701461377870565,163.0,0.91,22.33128834355828,0.0,100 kPa,100.0,,,,40.0,BTC,0.53 mmol/g,0.53,,,,,,,,,,,,,,,78.0,,,,,,,,,,,qwen3-max,DAC_prompt_SCaSE
MF_TEPA_30%_BHT_5%_MF_30%TEPA_5%BHT_15monthsStorage_T40_C100kPa_BTC,MF_TEPA_30%_BHT_5%,10.1021/acs.iecr.9b02742,033.pdf-id_comprehensive_extraction.json,MF,Porous Silica Materials,TEPA,Small-Molecule Polyamines,189.3,35.0,8.13953488372093,BHT,Additive,0,,479.0,2.0,16.701461377870565,163.0,0.91,22.33128834355828,0.0,100 kPa,100.0,,,,40.0,BTC,1.15 mmol/g,1.15,,,,,,,,,,,,,,,52.0,,,,,,,,,,,qwen3-max,DAC_prompt_SCaSE
MF_TEPA_30%_PET_5%_MF_30%TEPA_5%PET_T40_C100kPa_BTC,MF_TEPA_30%_PET_5%,10.1021/acs.iecr.9b02742,033.pdf-id_comprehensive_extraction.json,MF,Porous Silica Materials,TEPA,Small-Molecule Polyamines,189.3,35.0,8.13953488372093,PET,Additive,0,,479.0,2.0,16.701461377870565,178.0,0.93,20.89887640449438,0.0,100 kPa,100.0,,,,40.0,BTC,2.36 mmol/g,2.36,0.34 mol CO2/mol N,0.34,,12.5,37.50000000000001,Fixed-Bed Breakthrough Testing,CO2 adsorbed (mmol/g),"[[0, 0.0], [10, 0.55], [20, 0.85], [30, 1.05], [40, 1.15], [50, 1.2], [60, 1.22], [70, 1.23], [80, 1.24], [100, 1.25]]","kPa, mmol/g","['-', '-']",,,,,,,,,,,,,,,,qwen3-max,DAC_prompt_SCaSE
MF_TEPA_30%_PET_5%_MF_30%TEPA_5%PET_O2-80C-18h_T40_C100kPa_BTC,MF_TEPA_30%_PET_5%,10.1021/acs.iecr.9b02742,033.pdf-id_comprehensive_extraction.json,MF,Porous Silica Materials,TEPA,Small-Molecule Polyamines,189.3,35.0,8.13953488372093,PET,Additive,0,,479.0,2.0,16.701461377870565,178.0,0.93,20.89887640449438,0.0,100 kPa,100.0,,,,40.0,BTC,0.47 mmol/g,0.47,,,,,,,,,,,,,,,80.0,,,,,,,,,,,qwen3-max,DAC_prompt_SCaSE
MF_TEPA_30%_PET_5%_MF_30%TEPA_5%PET_O2-80C-42h_T40_C100kPa_BTC,MF_TEPA_30%_PET_5%,10.1021/acs.iecr.9b02742,033.pdf-id_comprehensive_extraction.json,MF,Porous Silica Materials,TEPA,Small-Molecule Polyamines,189.3,35.0,8.13953488372093,PET,Additive,0,,479.0,2.0,16.701461377870565,178.0,0.93,20.89887640449438,0.0,100 kPa,100.0,,,,40.0,BTC,0.28 mmol/g,0.28,,,,,,,,,,,,,,,88.0,,,,,,,,,,,qwen3-max,DAC_prompt_SCaSE
MF_TEPA_30%_PET_5%_MF_30%TEPA_5%PET_15monthsStorage_T40_C100kPa_BTC,MF_TEPA_30%_PET_5%,10.1021/acs.iecr.9b02742,033.pdf-id_comprehensive_extraction.json,MF,Porous Silica Materials,TEPA,Small-Molecule Polyamines,189.3,35.0,8.13953488372093,PET,Additive,0,,479.0,2.0,16.701461377870565,178.0,0.93,20.89887640449438,0.0,100 kPa,100.0,,,,40.0,BTC,0.90 mmol/g,0.9,,,,,,,,,,,,,,,62.0,,,,,,,,,,,qwen3-max,DAC_prompt_SCaSE
MF_TEPA_30%_TDE_5%_MF_30%TEPA_5%TDE_T40_C100kPa_BTC,MF_TEPA_30%_TDE_5%,10.1021/acs.iecr.9b02742,033.pdf-id_comprehensive_extraction.json,MF,Porous Silica Materials,TEPA,Small-Molecule Polyamines,189.3,35.0,8.13953488372093,TDE,Additive,0,,479.0,2.0,16.701461377870565,181.0,0.94,20.773480662983424,0.0,100 kPa,100.0,,,,40.0,BTC,2.60 mmol/g,2.6,0.35 mol CO2/mol N,0.35,,,,,,,,,,,,,,,,,,,,,,,,qwen3-max,DAC_prompt_SCaSE
MF_TEPA_30%_TDE_5%_MF_30%TEPA_5%TDE_O2-80C-18h_T40_C100kPa_BTC,MF_TEPA_30%_TDE_5%,10.1021/acs.iecr.9b02742,033.pdf-id_comprehensive_extraction.json,MF,Porous Silica Materials,TEPA,Small-Molecule Polyamines,189.3,35.0,8.13953488372093,TDE,Additive,0,,479.0,2.0,16.701461377870565,181.0,0.94,20.773480662983424,0.0,100 kPa,100.0,,,,40.0,BTC,2.24 mmol/g,2.24,,,,,,,,,,,,,,,14.0,,,,,,,,,,,qwen3-max,DAC_prompt_SCaSE
MF_TEPA_30%_TDE_5%_MF_30%TEPA_5%TDE_O2-80C-42h_T40_C100kPa_BTC,MF_TEPA_30%_TDE_5%,10.1021/acs.iecr.9b02742,033.pdf-id_comprehensive_extraction.json,MF,Porous Silica Materials,TEPA,Small-Molecule Polyamines,189.3,35.0,8.13953488372093,TDE,Additive,0,,479.0,2.0,16.701461377870565,181.0,0.94,20.773480662983424,0.0,100 kPa,100.0,,,,40.0,BTC,1.25 mmol/g,1.25,,,,,,,,,,,,,,,52.0,,,,,,,,,,,qwen3-max,DAC_prompt_SCaSE
MF_TEPA_30%_TDE_5%_MF_30%TEPA_5%TDE_15monthsStorage_T40_C100kPa_BTC,MF_TEPA_30%_TDE_5%,10.1021/acs.iecr.9b02742,033.pdf-id_comprehensive_extraction.json,MF,Porous Silica Materials,TEPA,Small-Molecule Polyamines,189.3,35.0,8.13953488372093,TDE,Additive,0,,479.0,2.0,16.701461377870565,181.0,0.94,20.773480662983424,0.0,100 kPa,100.0,,,,40.0,BTC,1.77 mmol/g,1.77,,,,,,,,,,,,,,,32.0,,,,,,,,,,,qwen3-max,DAC_prompt_SCaSE
MF_TEPA_30%_HEDS_5%_MF_30%TEPA_5%HEDS_T40_C100kPa_BTC,MF_TEPA_30%_HEDS_5%,10.1021/acs.iecr.9b02742,033.pdf-id_comprehensive_extraction.json,MF,Porous Silica Materials,TEPA,Small-Molecule Polyamines,189.3,35.0,8.13953488372093,HEDS,Additive,0,,479.0,2.0,16.701461377870565,179.0,0.92,20.558659217877096,0.0,100 kPa,100.0,,,,40.0,BTC,2.48 mmol/g,2.48,0.34 mol CO2/mol N,0.34,,1.786046511627907,5.3100000000000005,TG Curve/ CO2 adsorption profile; Fixed-Bed Breakthrough Testing,CO2 adsorbed (mmol/g); CO2 adsorbed (mmol/g),"[[0, 0.0], [3, 2.15], [6, 2.35], [9, 2.45], [12, 2.5], [15, 2.52], [18, 2.53], [21, 2.54], [24, 2.55], [30, 2.56]]; [[0, 0.0], [10, 1.85], [20, 2.05], [30, 2.15], [40, 2.2], [50, 2.22], [60, 2.23], [70, 2.24], [80, 2.24], [100, 2.25]]","min, mmol/g; kPa, mmol/g","['-', '-']; ['-', '-']",,,,,,,,,,,,,,,,qwen3-max,DAC_prompt_SCaSE
MF_TEPA_30%_HEDS_5%_MF_30%TEPA_5%HEDS_O2-80C-18h_T40_C100kPa_BTC,MF_TEPA_30%_HEDS_5%,10.1021/acs.iecr.9b02742,033.pdf-id_comprehensive_extraction.json,MF,Porous Silica Materials,TEPA,Small-Molecule Polyamines,189.3,35.0,8.13953488372093,HEDS,Additive,0,,479.0,2.0,16.701461377870565,179.0,0.92,20.558659217877096,0.0,100 kPa,100.0,,,,40.0,BTC,1.69 mmol/g,1.69,,,,,,,,,,,,,,,32.0,,,,,,,,,,,qwen3-max,DAC_prompt_SCaSE
MF_TEPA_30%_HEDS_5%_MF_30%TEPA_5%HEDS_O2-80C-42h_T40_C100kPa_BTC,MF_TEPA_30%_HEDS_5%,10.1021/acs.iecr.9b02742,033.pdf-id_comprehensive_extraction.json,MF,Porous Silica Materials,TEPA,Small-Molecule Polyamines,189.3,35.0,8.13953488372093,HEDS,Additive,0,,479.0,2.0,16.701461377870565,179.0,0.92,20.558659217877096,0.0,100 kPa,100.0,,,,40.0,BTC,0.74 mmol/g,0.74,,,,,,,,,,,,,,,70.0,,,,,,,,,,,qwen3-max,DAC_prompt_SCaSE
MF_TEPA_30%_HEDS_5%_MF_30%TEPA_5%HEDS_15monthsStorage_T40_C100kPa_BTC,MF_TEPA_30%_HEDS_5%,10.1021/acs.iecr.9b02742,033.pdf-id_comprehensive_extraction.json,MF,Porous Silica Materials,TEPA,Small-Molecule Polyamines,189.3,35.0,8.13953488372093,HEDS,Additive,0,,479.0,2.0,16.701461377870565,179.0,0.92,20.558659217877096,0.0,100 kPa,100.0,,,,40.0,BTC,2.03 mmol/g,2.03,,,,,,,,,,,,,,,18.0,,,,,,,,,,,qwen3-max,DAC_prompt_SCaSE
MF_TEPA_30%_DTDP_5%_MF_30%TEPA_5%DTDP_T40_C100kPa_BTC,MF_TEPA_30%_DTDP_5%,10.1021/acs.iecr.9b02742,033.pdf-id_comprehensive_extraction.json,MF,Porous Silica Materials,TEPA,Small-Molecule Polyamines,189.3,35.0,8.13953488372093,DTDP,Additive,0,,479.0,2.0,16.701461377870565,182.0,0.93,20.439560439560438,0.0,100 kPa,100.0,,,,40.0,BTC,2.23 mmol/g,2.23,0.32 mol CO2/mol N,0.32,,,,,,,,,,,,,,,,,,,,,,,,qwen3-max,DAC_prompt_SCaSE
MF_TEPA_30%_DTDP_5%_MF_30%TEPA_5%DTDP_O2-80C-18h_T40_C100kPa_BTC,MF_TEPA_30%_DTDP_5%,10.1021/acs.iecr.9b02742,033.pdf-id_comprehensive_extraction.json,MF,Porous Silica Materials,TEPA,Small-Molecule Polyamines,189.3,35.0,8.13953488372093,DTDP,Additive,0,,479.0,2.0,16.701461377870565,182.0,0.93,20.439560439560438,0.0,100 kPa,100.0,,,,40.0,BTC,1.52 mmol/g,1.52,,,,,,,,,,,,,,,32.0,,,,,,,,,,,qwen3-max,DAC_prompt_SCaSE
MF_TEPA_30%_DTDP_5%_MF_30%TEPA_5%DTDP_O2-80C-42h_T40_C100kPa_BTC,MF_TEPA_30%_DTDP_5%,10.1021/acs.iecr.9b02742,033.pdf-id_comprehensive_extraction.json,MF,Porous Silica Materials,TEPA,Small-Molecule Polyamines,189.3,35.0,8.13953488372093,DTDP,Additive,0,,479.0,2.0,16.701461377870565,182.0,0.93,20.439560439560438,0.0,100 kPa,100.0,,,,40.0,BTC,1.07 mmol/g,1.07,,,,,,,,,,,,,,,52.0,,,,,,,,,,,qwen3-max,DAC_prompt_SCaSE
MF_TEPA_30%_DTDP_5%_MF_30%TEPA_5%DTDP_15monthsStorage_T40_C100kPa_BTC,MF_TEPA_30%_DTDP_5%,10.1021/acs.iecr.9b02742,033.pdf-id_comprehensive_extraction.json,MF,Porous Silica Materials,TEPA,Small-Molecule Polyamines,189.3,35.0,8.13953488372093,DTDP,Additive,0,,479.0,2.0,16.701461377870565,182.0,0.93,20.439560439560438,0.0,100 kPa,100.0,,,,40.0,BTC,1.54 mmol/g,1.54,,,,,,,,,,,,,,,31.0,,,,,,,,,,,qwen3-max,DAC_prompt_SCaSE
MF_PEI_30%_MF_30%PEI_O2-80C-42h_T40_C100kPa_BTC,MF_PEI_30%,10.1021/acs.iecr.9b02742,033.pdf-id_comprehensive_extraction.json,MF,Porous Silica Materials,PEI,Polymeric Amines,1200.0,30.0,6.976744186046512,0,,0,,479.0,2.0,16.701461377870565,,,,0.0,100 kPa,100.0,,,,40.0,BTC,,,,,,,,,,,,,,,,,,,,,,,,,,,,qwen3-max,DAC_prompt_SCaSE
MF_PEI_30%_TDE_5%_MF_30%PEI_5%TDE_O2-80C-42h_T40_C100kPa_BTC,MF_PEI_30%_TDE_5%,10.1021/acs.iecr.9b02742,033.pdf-id_comprehensive_extraction.json,MF,Porous Silica Materials,PEI,Polymeric Amines,1200.0,35.0,8.13953488372093,TDE,Additive,0,,479.0,2.0,16.701461377870565,,,,0.0,100 kPa,100.0,,,,40.0,BTC,,,,,,,,,,,,,,,,,33.0,,,,,,,,,,,qwen3-max,DAC_prompt_SCaSE
MF_PEI_30%_HEDS_5%_MF_30%PEI_5%HEDS_O2-80C-42h_T40_C100kPa_BTC,MF_PEI_30%_HEDS_5%,10.1021/acs.iecr.9b02742,033.pdf-id_comprehensive_extraction.json,MF,Porous Silica Materials,PEI,Polymeric Amines,1200.0,35.0,8.13953488372093,HEDS,Additive,0,,479.0,2.0,16.701461377870565,,,,0.0,100 kPa,100.0,,,,40.0,BTC,,,,,,,,,,,,,,,,,33.0,,,,,,,,,,,qwen3-max,DAC_prompt_SCaSE
MF_PEI_30%_DTDP_5%_MF_30%PEI_5%DTDP_O2-80C-42h_T40_C100kPa_BTC,MF_PEI_30%_DTDP_5%,10.1021/acs.iecr.9b02742,033.pdf-id_comprehensive_extraction.json,MF,Porous Silica Materials,PEI,Polymeric Amines,1200.0,35.0,8.13953488372093,DTDP,Additive,0,,479.0,2.0,16.701461377870565,,,,0.0,100 kPa,100.0,,,,40.0,BTC,,,,,,,,,,,,,,,,,33.0,,,,,,,,,,,qwen3-max,DAC_prompt_SCaSE
(PQCS2129)_(PEI-15-APTES-35)_50%_(PQCS2129)_50%PEI_APTES_T60_BTC_10pctCO2_8pctH2O_He,(PQCS2129)_(PEI-15-APTES-35)_50%,10.1021/ie202345q,034.pdf-id_comprehensive_extraction.json,PQCS2129,Porous Silica Materials,PEI,Polymeric Amines,600.0,50.0,11.627906976744187,APTES,Amine-Functional Silane Coupling Agents,0,,319.0,2.52,31.6,,,,8.0,10 vol%,10.0,100 mL/min,100.0,"He, H2O",60.0,BTC,1.81 mol/kg,1.81,,,,,,Fixed-Bed Breakthrough Testing,CO₂ Capacity (mol/kg),"[[1, 2.5], [2, 2.4], [3, 2.3], [4, 2.2], [5, 2.1], [6, 2.0], [7, 1.9], [8, 1.8]]","Cycles, mol/kg","['-', '-']",He,105.0,60.0,,,Cyclic CO2 profile,CO₂ Capacity (mol/kg),"[[1, 2.5], [2, 2.4], [3, 2.3], [4, 2.2], [5, 2.1], [6, 2.0], [7, 1.9], [8, 1.8]]",mol/kg,8.0,,,,,,qwen3-max,DAC_prompt_SCaSE
(PQCS2129)_(PEI-15-APTES-35)_50%_(PQCS2129)_50%PEI_APTES_T60_TGA_100pctCO2_dry,(PQCS2129)_(PEI-15-APTES-35)_50%,10.1021/ie202345q,034.pdf-id_comprehensive_extraction.json,PQCS2129,Porous Silica Materials,PEI,Polymeric Amines,600.0,50.0,11.627906976744187,APTES,Amine-Functional Silane Coupling Agents,0,,319.0,2.52,31.6,,,,0.0,100 vol%,100.0,100 mL/min,100.0,N2,60.0,TGA,2.2 mmol/g,2.2,0.37 mmol/mmol,0.37,,,,,,,,,N2,105.0,120.0,,,,,,,,,,,,,qwen3-max,DAC_prompt_SCaSE
(PQCS2129)_(PEI-25-APTES-25)_50%_(PQCS2129)_50%PEI_APTES_T60_BTC_10pctCO2_8pctH2O_He,(PQCS2129)_(PEI-25-APTES-25)_50%,10.1021/ie202345q,034.pdf-id_comprehensive_extraction.json,PQCS2129,Porous Silica Materials,PEI,Polymeric Amines,600.0,50.0,11.627906976744187,APTES,Amine-Functional Silane Coupling Agents,0,,319.0,2.52,31.6,,,,8.0,10 vol%,10.0,100 mL/min,100.0,"He, H2O",60.0,BTC,2.43 mol/kg,2.43,,,,,,Fixed-Bed Breakthrough Testing,CO₂ Capacity (mol/kg),"[[1, 2.3], [2, 2.2], [3, 2.1], [4, 2.0], [5, 1.9], [6, 1.8], [7, 1.7], [8, 1.6]]","Cycles, mol/kg","['-', '-']",He,105.0,60.0,,,Cyclic CO2 profile,CO₂ Capacity (mol/kg),"[[1, 2.3], [2, 2.2], [3, 2.1], [4, 2.0], [5, 1.9], [6, 1.8], [7, 1.7], [8, 1.6]]",mol/kg,8.0,,,,,,qwen3-max,DAC_prompt_SCaSE
(PQCS2129)_(PEI-25-APTES-25)_50%_(PQCS2129)_50%PEI_APTES_T60_TGA_100pctCO2_dry,(PQCS2129)_(PEI-25-APTES-25)_50%,10.1021/ie202345q,034.pdf-id_comprehensive_extraction.json,PQCS2129,Porous Silica Materials,PEI,Polymeric Amines,600.0,50.0,11.627906976744187,APTES,Amine-Functional Silane Coupling Agents,0,,319.0,2.52,31.6,,,,0.0,100 vol%,100.0,100 mL/min,100.0,N2,60.0,TGA,2.8 mmol/g,2.8,0.37 mmol/mmol,0.37,,,,,,,,,N2,105.0,120.0,,,,,,,,,,,,,qwen3-max,DAC_prompt_SCaSE
(PQCS2129)_(PEI-25-APTES-25)_50%_(PQCS2129)_50%PEI_APTES_T55_BTC_12pctCO2_9pctH2O_N2_long,(PQCS2129)_(PEI-25-APTES-25)_50%,10.1021/ie202345q,034.pdf-id_comprehensive_extraction.json,PQCS2129,Porous Silica Materials,PEI,Polymeric Amines,600.0,50.0,11.627906976744187,APTES,Amine-Functional Silane Coupling Agents,0,,319.0,2.52,31.6,,,,9.0,12 vol%,12.0,400 mL/min,400.0,"N2, O2, H2O",55.0,BTC,~2.0 mol/kg,2.0,,,,125.00000000000026,,Fixed-Bed Breakthrough Testing,Mole CO₂ / kg sorbent,"[[1, 2.45], [10, 2.28], [25, 2.15], [50, 2.08], [75, 2.05], [100, 2.02], [125, 2.0], [150, 2.01], [175, 2.03], [200, 2.02], [225, 2.0], [250, 1.98], [275, 1.95], [290, 1.92], [299, 1.55]]","Cycles, mol/kg","['-', '-']",N2,100.0,35.0,,,Cyclic CO2 profile,Mole CO₂ / kg sorbent,"[[1, 2.45], [10, 2.28], [25, 2.15], [50, 2.08], [75, 2.05], [100, 2.02], [125, 2.0], [150, 2.01], [175, 2.03], [200, 2.02], [225, 2.0], [250, 1.98], [275, 1.95], [290, 1.92], [299, 1.55]]",mol/kg,299.0,,,,,,qwen3-max,DAC_prompt_SCaSE
(PQCS2129)_(PEI-25-APTES-25)_50%_(PQCS2129)_50%PEI_APTES_T40_TGA_0.81barCO2,(PQCS2129)_(PEI-25-APTES-25)_50%,10.1021/ie202345q,034.pdf-id_comprehensive_extraction.json,PQCS2129,Porous Silica Materials,PEI,Polymeric Amines,600.0,50.0,11.627906976744187,APTES,Amine-Functional Silane Coupling Agents,0,,319.0,2.52,31.6,,,,1.0,0.81 bar,81.0,various,,"N2, H2O",40.0,TGA,3.45 mol/kg,3.45,,,56.0,15.714285714285712,55.99999999999999,TG Curve/ CO2 adsorption profile,CO₂ loading (mol/kg),"[[0, 0.0], [5, 0.8], [10, 1.3], [20, 2.0], [30, 2.5], [40, 2.8], [50, 3.0], [60, 3.1], [80, 3.3], [100, 3.4]]","P_CO₂ (kPa), mol/kg","['-', '-']",,,,,,,,,,,,,,,,qwen3-max,DAC_prompt_SCaSE
(PQCS2129)_(PEI-25-APTES-25)_50%_(PQCS2129)_50%PEI_APTES_T50_TGA_0.81barCO2,(PQCS2129)_(PEI-25-APTES-25)_50%,10.1021/ie202345q,034.pdf-id_comprehensive_extraction.json,PQCS2129,Porous Silica Materials,PEI,Polymeric Amines,600.0,50.0,11.627906976744187,APTES,Amine-Functional Silane Coupling Agents,0,,319.0,2.52,31.6,,,,1.0,0.81 bar,81.0,various,,"N2, H2O",50.0,TGA,3.30 mol/kg,3.3,,,,17.5,59.00000000000004,TG Curve/ CO2 adsorption profile,CO₂ loading (mol/kg),"[[0, 0.0], [5, 0.6], [10, 1.1], [20, 1.7], [30, 2.2], [40, 2.5], [50, 2.7], [60, 2.8], [80, 3.0], [100, 3.1]]","P_CO₂ (kPa), mol/kg","['-', '-']",,,,,,,,,,,,,,,,qwen3-max,DAC_prompt_SCaSE
(PQCS2129)_(PEI-25-APTES-25)_50%_(PQCS2129)_50%PEI_APTES_T60_TGA_0.81barCO2,(PQCS2129)_(PEI-25-APTES-25)_50%,10.1021/ie202345q,034.pdf-id_comprehensive_extraction.json,PQCS2129,Porous Silica Materials,PEI,Polymeric Amines,600.0,50.0,11.627906976744187,APTES,Amine-Functional Silane Coupling Agents,0,,319.0,2.52,31.6,,,,1.0,0.81 bar,81.0,various,,"N2, H2O",60.0,TGA,3.15 mol/kg,3.15,,,,19.0,63.00000000000002,TG Curve/ CO2 adsorption profile,CO₂ loading (mol/kg),"[[0, 0.0], [5, 0.5], [10, 0.9], [20, 1.4], [30, 1.8], [40, 2.1], [50, 2.3], [60, 2.4], [80, 2.6], [100, 2.7]]","P_CO₂ (kPa), mol/kg","['-', '-']",,,,,,,,,,,,,,,,qwen3-max,DAC_prompt_SCaSE
(PQCS2129)_(PEI-25-APTES-25)_50%_(PQCS2129)_50%PEI_APTES_T70_TGA_0.81barCO2,(PQCS2129)_(PEI-25-APTES-25)_50%,10.1021/ie202345q,034.pdf-id_comprehensive_extraction.json,PQCS2129,Porous Silica Materials,PEI,Polymeric Amines,600.0,50.0,11.627906976744187,APTES,Amine-Functional Silane Coupling Agents,0,,319.0,2.52,31.6,,,,1.0,0.81 bar,81.0,various,,"N2, H2O",70.0,TGA,3.02 mol/kg,3.02,,,,20.0,68.00000000000003,TG Curve/ CO2 adsorption profile,CO₂ loading (mol/kg),"[[0, 0.0], [5, 0.4], [10, 0.7], [20, 1.1], [30, 1.4], [40, 1.6], [50, 1.8], [60, 1.9], [80, 2.1], [100, 2.2]]","P_CO₂ (kPa), mol/kg","['-', '-']",,,,,,,,,,,,,,,,qwen3-max,DAC_prompt_SCaSE
(PQCS2129)_(PEI-25-APTES-25)_50%_(PQCS2129)_50%PEI_APTES_T80_TGA_0.81barCO2,(PQCS2129)_(PEI-25-APTES-25)_50%,10.1021/ie202345q,034.pdf-id_comprehensive_extraction.json,PQCS2129,Porous Silica Materials,PEI,Polymeric Amines,600.0,50.0,11.627906976744187,APTES,Amine-Functional Silane Coupling Agents,0,,319.0,2.52,31.6,,,,1.0,0.81 bar,81.0,various,,"N2, H2O",80.0,TGA,2.87 mol/kg,2.87,,,,18.75,66.0,TG Curve/ CO2 adsorption profile,CO₂ loading (mol/kg),"[[0, 0.0], [5, 0.3], [10, 0.5], [20, 0.9], [30, 1.1], [40, 1.3], [50, 1.4], [60, 1.5], [80, 1.6], [100, 1.7]]","P_CO₂ (kPa), mol/kg","['-', '-']",,,,,,,,,,,,,,,,qwen3-max,DAC_prompt_SCaSE
(PQCS2129)_(PEI-25-APTES-25)_50%_(PQCS2129)_50%PEI_APTES_T90_TGA_0.81barCO2,(PQCS2129)_(PEI-25-APTES-25)_50%,10.1021/ie202345q,034.pdf-id_comprehensive_extraction.json,PQCS2129,Porous Silica Materials,PEI,Polymeric Amines,600.0,50.0,11.627906976744187,APTES,Amine-Functional Silane Coupling Agents,0,,319.0,2.52,31.6,,,,1.0,0.81 bar,81.0,various,,"N2, H2O",90.0,TGA,2.70 mol/kg,2.7,,,,20.0,71.99999999999997,TG Curve/ CO2 adsorption profile,CO₂ loading (mol/kg),"[[0, 0.0], [5, 0.2], [10, 0.4], [20, 0.7], [30, 0.9], [40, 1.0], [50, 1.1], [60, 1.2], [80, 1.3], [100, 1.4]]","P_CO₂ (kPa), mol/kg","['-', '-']",,,,,,,,,,,,,,,,qwen3-max,DAC_prompt_SCaSE
(PQCS2129)_(PEI-25-APTES-25)_50%_(PQCS2129)_50%PEI_APTES_T100_TGA_0.81barCO2,(PQCS2129)_(PEI-25-APTES-25)_50%,10.1021/ie202345q,034.pdf-id_comprehensive_extraction.json,PQCS2129,Porous Silica Materials,PEI,Polymeric Amines,600.0,50.0,11.627906976744187,APTES,Amine-Functional Silane Coupling Agents,0,,319.0,2.52,31.6,,,,1.0,0.81 bar,81.0,various,,"N2, H2O",100.0,TGA,2.49 mol/kg,2.49,,,,18.75,62.00000000000001,TG Curve/ CO2 adsorption profile,CO₂ loading (mol/kg),"[[0, 0.0], [5, 0.15], [10, 0.3], [20, 0.5], [30, 0.6], [40, 0.7], [50, 0.8], [60, 0.85], [80, 0.9], [100, 0.95]]","P_CO₂ (kPa), mol/kg","['-', '-']",,,,,,,,,,,,,,,,qwen3-max,DAC_prompt_SCaSE
(PQCS2129)_(PEI-25-APTES-25)_50%_(PQCS2129)_50%PEI_APTES_T110_TGA_0.81barCO2,(PQCS2129)_(PEI-25-APTES-25)_50%,10.1021/ie202345q,034.pdf-id_comprehensive_extraction.json,PQCS2129,Porous Silica Materials,PEI,Polymeric Amines,600.0,50.0,11.627906976744187,APTES,Amine-Functional Silane Coupling Agents,0,,319.0,2.52,31.6,,,,1.0,0.81 bar,81.0,various,,"N2, H2O",110.0,TGA,2.26 mol/kg,2.26,,,,20.0,71.99999999999997,TG Curve/ CO2 adsorption profile,CO₂ loading (mol/kg),"[[0, 0.0], [5, 0.1], [10, 0.2], [20, 0.35], [30, 0.45], [40, 0.5], [50, 0.55], [60, 0.6], [80, 0.65], [100, 0.7]]","P_CO₂ (kPa), mol/kg","['-', '-']",,,,,,,,,,,,,,,,qwen3-max,DAC_prompt_SCaSE
(PQCS2129)_(PEI-25-APTES-25)_50%_(PQCS2129)_50%PEI_APTES_T120_TGA_0.81barCO2,(PQCS2129)_(PEI-25-APTES-25)_50%,10.1021/ie202345q,034.pdf-id_comprehensive_extraction.json,PQCS2129,Porous Silica Materials,PEI,Polymeric Amines,600.0,50.0,11.627906976744187,APTES,Amine-Functional Silane Coupling Agents,0,,319.0,2.52,31.6,,,,1.0,0.81 bar,81.0,various,,"N2, H2O",120.0,TGA,1.99 mol/kg,1.99,,,,22.0,59.333333333333336,TG Curve/ CO2 adsorption profile,CO₂ loading (mol/kg),"[[0, 0.0], [5, 0.05], [10, 0.1], [20, 0.2], [30, 0.25], [40, 0.3], [50, 0.35], [60, 0.38], [80, 0.4], [100, 0.42]]","P_CO₂ (kPa), mol/kg","['-', '-']",,,,,,,,,,,,,,,,qwen3-max,DAC_prompt_SCaSE
(PQCS2129)_(PEI-35-APTES-15)_50%_(PQCS2129)_50%PEI_APTES_T60_BTC_10pctCO2_8pctH2O_He,(PQCS2129)_(PEI-35-APTES-15)_50%,10.1021/ie202345q,034.pdf-id_comprehensive_extraction.json,PQCS2129,Porous Silica Materials,PEI,Polymeric Amines,600.0,50.0,11.627906976744187,APTES,Amine-Functional Silane Coupling Agents,0,,319.0,2.52,31.6,,,,8.0,10 vol%,10.0,100 mL/min,100.0,"He, H2O",60.0,BTC,2.44 mol/kg,2.44,,,,,,Fixed-Bed Breakthrough Testing,CO₂ Capacity (mol/kg),"[[1, 2.2], [2, 2.1], [3, 2.0], [4, 1.9], [5, 1.8], [6, 1.8], [7, 1.7], [8, 1.6]]","Cycles, mol/kg","['-', '-']",He,105.0,60.0,,,Cyclic CO2 profile,CO₂ Capacity (mol/kg),"[[1, 2.2], [2, 2.1], [3, 2.0], [4, 1.9], [5, 1.8], [6, 1.8], [7, 1.7], [8, 1.6]]",mol/kg,8.0,,,,,,qwen3-max,DAC_prompt_SCaSE
(PQCS2129)_(PEI-35-APTES-15)_50%_(PQCS2129)_50%PEI_APTES_T60_TGA_100pctCO2_dry,(PQCS2129)_(PEI-35-APTES-15)_50%,10.1021/ie202345q,034.pdf-id_comprehensive_extraction.json,PQCS2129,Porous Silica Materials,PEI,Polymeric Amines,600.0,50.0,11.627906976744187,APTES,Amine-Functional Silane Coupling Agents,0,,319.0,2.52,31.6,,,,0.0,100 vol%,100.0,100 mL/min,100.0,N2,60.0,TGA,2.9 mmol/g,2.9,0.33 mmol/mmol,0.33,,,,,,,,,N2,105.0,120.0,,,,,,,,,,,,,qwen3-max,DAC_prompt_SCaSE
(PQCS2129)_(PEI-50)_50%_(PQCS2129)_50%PEI_T60_BTC_10pctCO2_8pctH2O_He,(PQCS2129)_(PEI-50)_50%,10.1021/ie202345q,034.pdf-id_comprehensive_extraction.json,PQCS2129,Porous Silica Materials,PEI,Polymeric Amines,600.0,50.0,11.627906976744187,0,,0,,319.0,2.52,31.6,,,,8.0,10 vol%,10.0,100 mL/min,100.0,"He, H2O",60.0,BTC,2.44 mol/kg,2.44,,,,,,Fixed-Bed Breakthrough Testing,CO₂ Capacity (mol/kg),"[[1, 1.6], [2, 1.5], [3, 1.4], [4, 1.3], [5, 1.2], [6, 1.1], [7, 1.1], [8, 1.0]]","Cycles, mol/kg","['-', '-']",He,105.0,60.0,,,Cyclic CO2 profile,CO₂ Capacity (mol/kg),"[[1, 1.6], [2, 1.5], [3, 1.4], [4, 1.3], [5, 1.2], [6, 1.1], [7, 1.1], [8, 1.0]]",mol/kg,8.0,,,,,,qwen3-max,DAC_prompt_SCaSE
(PQCS2129)_(PEI-50)_50%_(PQCS2129)_50%PEI_T60_TGA_100pctCO2_dry,(PQCS2129)_(PEI-50)_50%,10.1021/ie202345q,034.pdf-id_comprehensive_extraction.json,PQCS2129,Porous Silica Materials,PEI,Polymeric Amines,600.0,50.0,11.627906976744187,0,,0,,319.0,2.52,31.6,,,,0.0,100 vol%,100.0,100 mL/min,100.0,N2,60.0,TGA,3.2 mmol/g,3.2,0.29 mmol/mmol,0.29,,,,,,,,,N2,105.0,120.0,,,,,,,,,,,,,qwen3-max,DAC_prompt_SCaSE
SBA-15_PEI_10.6%_SBA-15_10.6%PEI__T30_TGA_400ppmCO2_He,SBA-15_PEI_10.6%,10.1021/jacs.5b06823,035.pdf-id_comprehensive_extraction.json,SBA-15,Porous Silica Materials,PEI,Polymeric Amines,800.0,10.6,2.4651162790697674,0,,0,,730.0,0.88,82.0,379.0,0.72,78.0,0.0,400 ppm,0.04,400 mL/min,400.0,,30.0,TGA,1.4 mmol/g,1.4,0.07 mol CO2/mol N,0.07,,,,,,,,,He,,,,,,,,,,,,,,,qwen3-max,DAC_prompt_SCaSE
SBA-15_PEI_21.5%_SBA-15_21.5%PEI__T30_TGA_400ppmCO2_He,SBA-15_PEI_21.5%,10.1021/jacs.5b06823,035.pdf-id_comprehensive_extraction.json,SBA-15,Porous Silica Materials,PEI,Polymeric Amines,800.0,21.5,5.0,0,,0,,730.0,0.88,82.0,344.0,0.65,76.0,0.0,400 ppm,0.04,400 mL/min,400.0,,30.0,TGA,2.2 mmol/g,2.2,0.055 mol CO2/mol N,0.055,,,,,,,,,He,,,,,,,,,,,,,,,qwen3-max,DAC_prompt_SCaSE
SBA-15_PEI_30.6%_SBA-15_30.6%PEI__T30_TGA_400ppmCO2_He,SBA-15_PEI_30.6%,10.1021/jacs.5b06823,035.pdf-id_comprehensive_extraction.json,SBA-15,Porous Silica Materials,PEI,Polymeric Amines,800.0,30.6,7.116279069767442,0,,0,,730.0,0.88,82.0,278.0,0.51,74.0,0.0,400 ppm,0.04,400 mL/min,400.0,,30.0,TGA,2.5 mmol/g,2.5,0.042 mol CO2/mol N,0.042,,,,,,,,,He,,,,,,,,,,,,,,,qwen3-max,DAC_prompt_SCaSE
SBA-15_PEI_42.6%_SBA-15_42.6%PEI__T30_TGA_400ppmCO2_He,SBA-15_PEI_42.6%,10.1021/jacs.5b06823,035.pdf-id_comprehensive_extraction.json,SBA-15,Porous Silica Materials,PEI,Polymeric Amines,800.0,42.6,9.906976744186048,0,,0,,730.0,0.88,82.0,171.0,0.32,70.0,0.0,400 ppm,0.04,400 mL/min,400.0,,30.0,TGA,2.58 mmol/g,2.58,0.035 mol CO2/mol N,0.035,,,,,,,,,He,,,,,,,,,,,,,,,qwen3-max,DAC_prompt_SCaSE
SBA-15_PEI_49.2%_SBA-15_49.2%PEI__T30_TGA_400ppmCO2_He,SBA-15_PEI_49.2%,10.1021/jacs.5b06823,035.pdf-id_comprehensive_extraction.json,SBA-15,Porous Silica Materials,PEI,Polymeric Amines,800.0,49.2,11.44186046511628,0,,0,,730.0,0.88,82.0,31.0,0.04,68.0,0.0,400 ppm,0.04,400 mL/min,400.0,,30.0,TGA,2.6 mmol/g,2.6,0.03 mol CO2/mol N,0.03,,,,,,,,,He,,,,,,,,,,,,,,,qwen3-max,DAC_prompt_SCaSE
SBA-15-HMDS_PEI_8.7%_SBA-15-HMDS_8.7%PEI__T30_TGA_400ppmCO2_He,SBA-15-HMDS_PEI_8.7%,10.1021/jacs.5b06823,035.pdf-id_comprehensive_extraction.json,SBA-15-HMDS,Porous Silica Materials,PEI,Polymeric Amines,800.0,8.7,2.0232558139534884,0,,0,,587.0,0.8,80.0,543.0,0.93,78.0,0.0,400 ppm,0.04,400 mL/min,400.0,,30.0,TGA,1.8 mmol/g,1.8,0.025 mol CO2/mol N,0.025,,,,,,,,,He,,,,,,,,,,,,,,,qwen3-max,DAC_prompt_SCaSE
SBA-15-HMDS_PEI_18.2%_SBA-15-HMDS_18.2%PEI__T30_TGA_400ppmCO2_He,SBA-15-HMDS_PEI_18.2%,10.1021/jacs.5b06823,035.pdf-id_comprehensive_extraction.json,SBA-15-HMDS,Porous Silica Materials,PEI,Polymeric Amines,800.0,18.2,4.232558139534884,0,,0,,587.0,0.8,80.0,308.0,0.67,76.0,0.0,400 ppm,0.04,400 mL/min,400.0,,30.0,TGA,2.3 mmol/g,2.3,0.09 mol CO2/mol N,0.09,,,,,,,,,He,,,,,,,,,,,,,,,qwen3-max,DAC_prompt_SCaSE
SBA-15-HMDS_PEI_29.4%_SBA-15-HMDS_29.4%PEI__T30_TGA_400ppmCO2_He,SBA-15-HMDS_PEI_29.4%,10.1021/jacs.5b06823,035.pdf-id_comprehensive_extraction.json,SBA-15-HMDS,Porous Silica Materials,PEI,Polymeric Amines,800.0,29.4,6.837209302325581,0,,0,,587.0,0.8,80.0,206.0,0.54,74.0,0.0,400 ppm,0.04,400 mL/min,400.0,,30.0,TGA,2.55 mmol/g,2.55,0.13 mol CO2/mol N,0.13,,,,,,,,,He,,,,,,,,,,,,,,,qwen3-max,DAC_prompt_SCaSE
SBA-15-HMDS_PEI_39.5%_SBA-15-HMDS_39.5%PEI__T30_TGA_400ppmCO2_He,SBA-15-HMDS_PEI_39.5%,10.1021/jacs.5b06823,035.pdf-id_comprehensive_extraction.json,SBA-15-HMDS,Porous Silica Materials,PEI,Polymeric Amines,800.0,39.5,9.186046511627907,0,,0,,587.0,0.8,80.0,87.0,0.28,70.0,0.0,400 ppm,0.04,400 mL/min,400.0,,30.0,TGA,2.58 mmol/g,2.58,0.15 mol CO2/mol N,0.15,,,,,,,,,He,,,,,,,,,,,,,,,qwen3-max,DAC_prompt_SCaSE
SBA-15-HMDS_PEI_49.8%_SBA-15-HMDS_49.8%PEI__T30_TGA_400ppmCO2_He,SBA-15-HMDS_PEI_49.8%,10.1021/jacs.5b06823,035.pdf-id_comprehensive_extraction.json,SBA-15-HMDS,Porous Silica Materials,PEI,Polymeric Amines,800.0,49.8,11.581395348837209,0,,0,,587.0,0.8,80.0,22.0,0.1,68.0,0.0,400 ppm,0.04,400 mL/min,400.0,,30.0,TGA,2.6 mmol/g,2.6,0.155 mol CO2/mol N,0.155,,,,,,,,,He,,,,,,,,,,,,,,,qwen3-max,DAC_prompt_SCaSE
SBA-15-130_PEI_9.6%_SBA-15-130_9.6%PEI__T30_TGA_400ppmCO2_He,SBA-15-130_PEI_9.6%,10.1021/jacs.5b06823,035.pdf-id_comprehensive_extraction.json,SBA-15,Porous Silica Materials,PEI,Polymeric Amines,800.0,9.6,2.2325581395348837,0,,0,,537.0,1.06,108.0,381.0,0.96,104.0,0.0,400 ppm,0.04,400 mL/min,400.0,,30.0,TGA,1.5 mmol/g,1.5,0.005 mol CO2/mol N,0.005,,,,,,,,,He,,,,,,,,,,,,,,,qwen3-max,DAC_prompt_SCaSE
SBA-15-130_PEI_19.3%_SBA-15-130_19.3%PEI__T30_TGA_400ppmCO2_He,SBA-15-130_PEI_19.3%,10.1021/jacs.5b06823,035.pdf-id_comprehensive_extraction.json,SBA-15,Porous Silica Materials,PEI,Polymeric Amines,800.0,19.3,4.488372093023256,0,,0,,537.0,1.06,108.0,363.0,0.88,102.0,0.0,400 ppm,0.04,400 mL/min,400.0,,30.0,TGA,2.1 mmol/g,2.1,0.055 mol CO2/mol N,0.055,,,,,,,,,He,,,,,,,,,,,,,,,qwen3-max,DAC_prompt_SCaSE
SBA-15-130_PEI_28.4%_SBA-15-130_28.4%PEI__T30_TGA_400ppmCO2_He,SBA-15-130_PEI_28.4%,10.1021/jacs.5b06823,035.pdf-id_comprehensive_extraction.json,SBA-15,Porous Silica Materials,PEI,Polymeric Amines,800.0,28.4,6.604651162790698,0,,0,,537.0,1.06,108.0,318.0,0.73,100.0,0.0,400 ppm,0.04,400 mL/min,400.0,,30.0,TGA,2.45 mmol/g,2.45,0.105 mol CO2/mol N,0.105,,,,,,,,,He,,,,,,,,,,,,,,,qwen3-max,DAC_prompt_SCaSE
SBA-15-130_PEI_39.4%_SBA-15-130_39.4%PEI__T30_TGA_400ppmCO2_He,SBA-15-130_PEI_39.4%,10.1021/jacs.5b06823,035.pdf-id_comprehensive_extraction.json,SBA-15,Porous Silica Materials,PEI,Polymeric Amines,800.0,39.4,9.162790697674419,0,,0,,537.0,1.06,108.0,220.0,0.48,96.0,0.0,400 ppm,0.04,400 mL/min,400.0,,30.0,TGA,2.55 mmol/g,2.55,0.14 mol CO2/mol N,0.14,,,,,,,,,He,,,,,,,,,,,,,,,qwen3-max,DAC_prompt_SCaSE
SBA-15-130_PEI_49.3%_SBA-15-130_49.3%PEI__T30_TGA_400ppmCO2_He,SBA-15-130_PEI_49.3%,10.1021/jacs.5b06823,035.pdf-id_comprehensive_extraction.json,SBA-15,Porous Silica Materials,PEI,Polymeric Amines,800.0,49.3,11.465116279069766,0,,0,,537.0,1.06,108.0,96.0,0.21,92.0,0.0,400 ppm,0.04,400 mL/min,400.0,,30.0,TGA,2.6 mmol/g,2.6,0.145 mol CO2/mol N,0.145,,,,,,,,,He,,,,,,,,,,,,,,,qwen3-max,DAC_prompt_SCaSE
SBA-15-130-HMDS_PEI_18.8%_SBA-15-130-HMDS_18.8%PEI__T30_TGA_400ppmCO2_He,SBA-15-130-HMDS_PEI_18.8%,10.1021/jacs.5b06823,035.pdf-id_comprehensive_extraction.json,SBA-15-HMDS,Porous Silica Materials,PEI,Polymeric Amines,800.0,18.8,4.372093023255815,0,,0,,432.0,0.91,106.0,338.0,0.99,104.0,0.0,400 ppm,0.04,400 mL/min,400.0,,30.0,TGA,2.2 mmol/g,2.2,0.10 mol CO2/mol N,0.1,,,,,,,,,He,,,,,,,,,,,,,,,qwen3-max,DAC_prompt_SCaSE
SBA-15-130-HMDS_PEI_29.0%_SBA-15-130-HMDS_29.0%PEI__T30_TGA_400ppmCO2_He,SBA-15-130-HMDS_PEI_29.0%,10.1021/jacs.5b06823,035.pdf-id_comprehensive_extraction.json,SBA-15-HMDS,Porous Silica Materials,PEI,Polymeric Amines,800.0,29.0,6.744186046511628,0,,0,,432.0,0.91,106.0,293.0,0.98,102.0,0.0,400 ppm,0.04,400 mL/min,400.0,,30.0,TGA,2.5 mmol/g,2.5,0.145 mol CO2/mol N,0.145,,,,,,,,,He,,,,,,,,,,,,,,,qwen3-max,DAC_prompt_SCaSE
SBA-15-130-HMDS_PEI_40.1%_SBA-15-130-HMDS_40.1%PEI__T30_TGA_400ppmCO2_He,SBA-15-130-HMDS_PEI_40.1%,10.1021/jacs.5b06823,035.pdf-id_comprehensive_extraction.json,SBA-15-HMDS,Porous Silica Materials,PEI,Polymeric Amines,800.0,40.1,9.325581395348838,0,,0,,432.0,0.91,106.0,209.0,0.8,98.0,0.0,400 ppm,0.04,400 mL/min,400.0,,30.0,TGA,2.6 mmol/g,2.6,0.165 mol CO2/mol N,0.165,,,,,,,,,He,,,,,,,,,,,,,,,qwen3-max,DAC_prompt_SCaSE
SBA-15-130-HMDS_PEI_49.0%_SBA-15-130-HMDS_49.0%PEI__T30_TGA_400ppmCO2_He,SBA-15-130-HMDS_PEI_49.0%,10.1021/jacs.5b06823,035.pdf-id_comprehensive_extraction.json,SBA-15-HMDS,Porous Silica Materials,PEI,Polymeric Amines,800.0,49.0,11.395348837209303,0,,0,,432.0,0.91,106.0,88.0,0.41,94.0,0.0,400 ppm,0.04,400 mL/min,400.0,,30.0,TGA,2.65 mmol/g,2.65,0.175 mol CO2/mol N,0.175,,,,,,,,,He,,,,,,,,,,,,,,,qwen3-max,DAC_prompt_SCaSE
Mesoporous_γ-Al2O3_bare_Mesoporous_γ-Al2O3_bare_10pctCO2_T25_TGA_dry,Mesoporous_γ-Al2O3_bare,10.1021/la203373g,036.pdf-id_comprehensive_extraction.json,Mesoporous γ-Al2O3,Porous Alumina (PA),0,,,,,0,,0,,234.0,1.17,17.3,234.0,1.17,17.3,0.0,10%,10.0,100 mL/min,100.0,,25.0,TGA,0.34 mmol/g,0.34,,,,,,,,,,,,,,,,,,,,,,,,,,qwen3-max,DAC_prompt_SCaSE
Mesoporous_γ-Al2O3_bare_Mesoporous_γ-Al2O3_bare_400ppmCO2_T25_TGA_dry,Mesoporous_γ-Al2O3_bare,10.1021/la203373g,036.pdf-id_comprehensive_extraction.json,Mesoporous γ-Al2O3,Porous Alumina (PA),0,,,,,0,,0,,234.0,1.17,17.3,234.0,1.17,17.3,0.0,400 ppm,0.04,100 mL/min,100.0,,25.0,TGA,0.17 mmol/g,0.17,,,,,,,,,,,,,,,,,,,,,,,,,,qwen3-max,DAC_prompt_SCaSE
SBA-15_bare_SBA-15_bare_10pctCO2_T25_TGA_dry,SBA-15_bare,10.1021/la203373g,036.pdf-id_comprehensive_extraction.json,SBA-15,Porous Silica Materials,0,,,,,0,,0,,841.0,1.08,6.8,841.0,1.08,6.8,0.0,10%,10.0,100 mL/min,100.0,,25.0,TGA,0.09 mmol/g,0.09,,,,,,,,,,,,,,,,,,,,,,,,,,qwen3-max,DAC_prompt_SCaSE
SBA-15_bare_SBA-15_bare_400ppmCO2_T25_TGA_dry,SBA-15_bare,10.1021/la203373g,036.pdf-id_comprehensive_extraction.json,SBA-15,Porous Silica Materials,0,,,,,0,,0,,841.0,1.08,6.8,841.0,1.08,6.8,0.0,400 ppm,0.04,100 mL/min,100.0,,25.0,TGA,0.003 mmol/g,0.003,,,,,,,,,,,,,,,,,,,,,,,,,,qwen3-max,DAC_prompt_SCaSE
Mesoporous_γ-Al2O3_PEI_29.8%_Mesoporous_γ-Al2O3_29.8%PEI__T25_TGA_10pctCO2_dry,Mesoporous_γ-Al2O3_PEI_29.8%,10.1021/la203373g,036.pdf-id_comprehensive_extraction.json,Mesoporous γ-Al2O3,Porous Alumina (PA),PEI,Polymeric Amines,600.0,29.8,6.930232558139536,0,,0,,234.0,1.17,17.3,111.0,0.57,15.3,0.0,10%,10.0,100 mL/min,100.0,,25.0,TGA,1.41 mmol/g,1.41,0.20 mol/mol,0.2,,,,,,,,,,,,,,,,,,,,,,,,qwen3-max,DAC_prompt_SCaSE
Mesoporous_γ-Al2O3_PEI_29.8%_Mesoporous_γ-Al2O3_29.8%PEI__T25_TGA_400ppmCO2_dry,Mesoporous_γ-Al2O3_PEI_29.8%,10.1021/la203373g,036.pdf-id_comprehensive_extraction.json,Mesoporous γ-Al2O3,Porous Alumina (PA),PEI,Polymeric Amines,600.0,29.8,6.930232558139536,0,,0,,234.0,1.17,17.3,111.0,0.57,15.3,0.0,400 ppm,0.04,100 mL/min,100.0,,25.0,TGA,1.03 mmol/g,1.03,0.15 mol/mol,0.15,,,,,,,,,,,,,,,,,,,,,,,,qwen3-max,DAC_prompt_SCaSE
Mesoporous_γ-Al2O3_PEI_37.2%_Mesoporous_γ-Al2O3_37.2%PEI__T25_TGA_10pctCO2_dry,Mesoporous_γ-Al2O3_PEI_37.2%,10.1021/la203373g,036.pdf-id_comprehensive_extraction.json,Mesoporous γ-Al2O3,Porous Alumina (PA),PEI,Polymeric Amines,600.0,37.2,8.651162790697676,0,,0,,234.0,1.17,17.3,66.0,0.35,15.2,0.0,10%,10.0,100 mL/min,100.0,,25.0,TGA,1.73 mmol/g,1.73,0.20 mol/mol,0.2,,,,,,,,,,,,,,,,,,,,,,,,qwen3-max,DAC_prompt_SCaSE
Mesoporous_γ-Al2O3_PEI_37.2%_Mesoporous_γ-Al2O3_37.2%PEI__T25_TGA_400ppmCO2_dry,Mesoporous_γ-Al2O3_PEI_37.2%,10.1021/la203373g,036.pdf-id_comprehensive_extraction.json,Mesoporous γ-Al2O3,Porous Alumina (PA),PEI,Polymeric Amines,600.0,37.2,8.651162790697676,0,,0,,234.0,1.17,17.3,66.0,0.35,15.2,0.0,400 ppm,0.04,100 mL/min,100.0,,25.0,TGA,1.33 mmol/g,1.33,0.15 mol/mol,0.15,,,,,,,,,,,,,,,,,,,,,,,,qwen3-max,DAC_prompt_SCaSE
Mesoporous_γ-Al2O3_PEI_48.1%_Mesoporous_γ-Al2O3_48.1%PEI__T25_TGA_10pctCO2_dry,Mesoporous_γ-Al2O3_PEI_48.1%,10.1021/la203373g,036.pdf-id_comprehensive_extraction.json,Mesoporous γ-Al2O3,Porous Alumina (PA),PEI,Polymeric Amines,600.0,48.1,11.186046511627907,0,,0,,234.0,1.17,17.3,29.0,0.16,15.1,0.0,10%,10.0,100 mL/min,100.0,,25.0,TGA,1.95 mmol/g,1.95,0.17 mol/mol,0.17,,,,,,,,,,,,,,,,,,,,,,,,qwen3-max,DAC_prompt_SCaSE
Mesoporous_γ-Al2O3_PEI_48.1%_Mesoporous_γ-Al2O3_48.1%PEI__T25_TGA_400ppmCO2_dry,Mesoporous_γ-Al2O3_PEI_48.1%,10.1021/la203373g,036.pdf-id_comprehensive_extraction.json,Mesoporous γ-Al2O3,Porous Alumina (PA),PEI,Polymeric Amines,600.0,48.1,11.186046511627907,0,,0,,234.0,1.17,17.3,29.0,0.16,15.1,0.0,400 ppm,0.04,100 mL/min,100.0,,25.0,TGA,1.74 mmol/g,1.74,0.16 mol/mol,0.16,,,,,,,,,,,,,,,,,,,,,,,,qwen3-max,DAC_prompt_SCaSE
SBA-15_PEI_24.8%_SBA-15_24.8%PEI__T25_TGA_10pctCO2_dry,SBA-15_PEI_24.8%,10.1021/la203373g,036.pdf-id_comprehensive_extraction.json,SBA-15,Porous Silica Materials,PEI,Polymeric Amines,600.0,24.8,5.767441860465117,0,,0,,841.0,1.08,6.8,287.0,0.55,6.1,0.0,10%,10.0,100 mL/min,100.0,,25.0,TGA,0.85 mmol/g,0.85,0.15 mol/mol,0.15,,,,,,,,,,,,,,,,,,,,,,,,qwen3-max,DAC_prompt_SCaSE
SBA-15_PEI_24.8%_SBA-15_24.8%PEI__T25_TGA_400ppmCO2_dry,SBA-15_PEI_24.8%,10.1021/la203373g,036.pdf-id_comprehensive_extraction.json,SBA-15,Porous Silica Materials,PEI,Polymeric Amines,600.0,24.8,5.767441860465117,0,,0,,841.0,1.08,6.8,287.0,0.55,6.1,0.0,400 ppm,0.04,100 mL/min,100.0,,25.0,TGA,0.32 mmol/g,0.32,0.06 mol/mol,0.06,,,,,,,,,,,,,,,,,,,,,,,,qwen3-max,DAC_prompt_SCaSE
SBA-15_PEI_39.9%_SBA-15_39.9%PEI__T25_TGA_10pctCO2_dry,SBA-15_PEI_39.9%,10.1021/la203373g,036.pdf-id_comprehensive_extraction.json,SBA-15,Porous Silica Materials,PEI,Polymeric Amines,600.0,39.9,9.279069767441861,0,,0,,841.0,1.08,6.8,118.0,0.28,5.5,0.0,10%,10.0,100 mL/min,100.0,,25.0,TGA,1.61 mmol/g,1.61,0.17 mol/mol,0.17,,,,,,,,,,,,,,,,,,,,,,,,qwen3-max,DAC_prompt_SCaSE
SBA-15_PEI_39.9%_SBA-15_39.9%PEI__T25_TGA_400ppmCO2_dry,SBA-15_PEI_39.9%,10.1021/la203373g,036.pdf-id_comprehensive_extraction.json,SBA-15,Porous Silica Materials,PEI,Polymeric Amines,600.0,39.9,9.279069767441861,0,,0,,841.0,1.08,6.8,118.0,0.28,5.5,0.0,400 ppm,0.04,100 mL/min,100.0,,25.0,TGA,1.05 mmol/g,1.05,0.11 mol/mol,0.11,,,,,,,,,,,,,,,,,,,,,,,,qwen3-max,DAC_prompt_SCaSE
SBA-15_bare_SBA-15_bare_400ppmCO2_N2_25C_TGA_DAC,SBA-15_bare,10.1002/advs.202207253,037.pdf-id_comprehensive_extraction.json,SBA-15,Porous Silica Materials,0,,,,,0,,0,,992.0,1.319,5.318548387096774,,,,0.0,400 ppm,0.04,100 mL/min,100.0,N₂,25.0,TGA,0.104 mmol/g,0.104,,,,,,,,,,,,,,,,,,,,,,,,,,qwen3-max,DAC_prompt_SCaSE
SBA-15_DEA_50%_SBA-15_50%DEA__T25_TGA_400ppmCO2_N2,SBA-15_DEA_50%,10.1002/advs.202207253,037.pdf-id_comprehensive_extraction.json,SBA-15,Porous Silica Materials,DEA,Small-Molecule Polyamines,105.14,50.0,11.627906976744187,0,,0,,992.0,1.319,5.318548387096774,65.0,0.137,8.430769230769231,0.0,400 ppm,0.04,100 mL/min,100.0,N₂,25.0,TGA,0.587 mmol/g,0.587,0.12 mol CO2/mol N,0.12,,,,,,,,,,,,,,,,,,,,,,,,qwen3-max,DAC_prompt_SCaSE
SBA-15_PEI_50%_SBA-15_50%PEI__T25_TGA_400ppmCO2_N2,SBA-15_PEI_50%,10.1002/advs.202207253,037.pdf-id_comprehensive_extraction.json,SBA-15,Porous Silica Materials,PEI,Polymeric Amines,800.0,50.0,11.627906976744187,0,,0,,992.0,1.319,5.318548387096774,27.0,0.055,8.148148148148149,0.0,400 ppm,0.04,100 mL/min,100.0,N₂,25.0,TGA,1.107 mmol/g,1.107,0.10 mol CO2/mol N,0.1,,,,,,,,,,,,,,,,,,,,,,,,qwen3-max,DAC_prompt_SCaSE
SBA-15_DEA25%_PEI25%_SBA-15_25%DEA_25%PEI_T25_TGA_400ppmCO2_N2,SBA-15_DEA25%_PEI25%,10.1002/advs.202207253,037.pdf-id_comprehensive_extraction.json,SBA-15,Porous Silica Materials,DEA,Small-Molecule Polyamines,105.14,25.0,5.813953488372094,PEI,Polymeric Amines,0,,992.0,1.319,5.318548387096774,62.0,0.134,8.64516129032258,0.0,400 ppm,0.04,100 mL/min,100.0,N₂,25.0,TGA,0.947 mmol/g,0.947,0.16 mol CO2/mol N,0.16,,,,,,,,,,,,,,,,,,,,,,,,qwen3-max,DAC_prompt_SCaSE
SBA-15_DEA33.3%_PEI16.7%_SBA-15_33.3%DEA_16.7%PEI_T25_TGA_400ppmCO2_N2,SBA-15_DEA33.3%_PEI16.7%,10.1002/advs.202207253,037.pdf-id_comprehensive_extraction.json,SBA-15,Porous Silica Materials,DEA,Small-Molecule Polyamines,105.14,33.3,7.7441860465116275,PEI,Polymeric Amines,0,,992.0,1.319,5.318548387096774,88.0,0.174,7.909090909090909,0.0,400 ppm,0.04,100 mL/min,100.0,N₂,25.0,TGA,1.217 mmol/g,1.217,0.17 mol CO2/mol N,0.17,,,,,,,,,,,,,,,,,,,,,,,,qwen3-max,DAC_prompt_SCaSE
SBA-15_DEA25%_PEI25%_1_1_SBA-15_25%DEA_25%PEI_1_1_T25_TGA_400ppmCO2_N2,SBA-15_DEA25%_PEI25%_1_1,10.1002/advs.202207253,037.pdf-id_comprehensive_extraction.json,SBA-15,Porous Silica Materials,DEA,Small-Molecule Polyamines,105.14,25.0,5.813953488372094,PEI,Polymeric Amines,0,,992.0,1.319,5.318548387096774,92.0,0.178,7.739130434782608,0.0,400 ppm,0.04,100 mL/min,100.0,N₂,25.0,TGA,1.620 mmol/g,1.62,0.20 mol CO2/mol N,0.2,,,,,,,,,,,,,,,,,,,,,,,,qwen3-max,DAC_prompt_SCaSE
SBA-15_DEA16.7%_PEI33.3%_SBA-15_16.7%DEA_33.3%PEI_T25_TGA_400ppmCO2_N2,SBA-15_DEA16.7%_PEI33.3%,10.1002/advs.202207253,037.pdf-id_comprehensive_extraction.json,SBA-15,Porous Silica Materials,DEA,Small-Molecule Polyamines,105.14,16.7,3.883720930232558,PEI,Polymeric Amines,0,,992.0,1.319,5.318548387096774,72.0,0.135,7.5,0.0,400 ppm,0.04,100 mL/min,100.0,N₂,25.0,TGA,1.512 mmol/g,1.512,0.16 mol CO2/mol N,0.16,,,,,,,,,,,,,,,,,,,,,,,,qwen3-max,DAC_prompt_SCaSE
SBA-15_DEA10%_PEI40%_SBA-15_10%DEA_40%PEI_T25_TGA_400ppmCO2_N2,SBA-15_DEA10%_PEI40%,10.1002/advs.202207253,037.pdf-id_comprehensive_extraction.json,SBA-15,Porous Silica Materials,DEA,Small-Molecule Polyamines,105.14,10.0,2.3255813953488373,PEI,Polymeric Amines,0,,992.0,1.319,5.318548387096774,114.0,0.204,7.157894736842105,0.0,400 ppm,0.04,100 mL/min,100.0,N₂,25.0,TGA,1.291 mmol/g,1.291,0.13 mol CO2/mol N,0.13,,,,,,,,,,,,,,,,,,,,,,,,qwen3-max,DAC_prompt_SCaSE
SBA-15_bare_SBA-15_bare_400ppmCO2_25C_TGA,SBA-15_bare,10.1016/j.jece.2022.107239,038.pdf-id_comprehensive_extraction.json,SBA-15,Porous Silica Materials,0,,,,,0,,0,,934.91,1.45,6.203805713918987,,,,0.0,400 ppm,0.04,100 mL/min,100.0,,25.0,TGA,0.10 mmol/g,0.1,,,,27.0,62.39999999999999,TG Curve/ CO2 adsorption profile,CO2 Adsorbed (mmol/g),"[[0, 0.0], [12, 0.02], [24, 0.04], [36, 0.06], [48, 0.07], [60, 0.08], [72, 0.085], [84, 0.088], [96, 0.09], [120, 0.09]]","min, mmol/g","['-', '-']",,,,,,,,,,,,,,,,qwen3-max,DAC_prompt_SCaSE
SBA-15_DEA_50%_SBA-15_50%DEA__T25_TGA_400ppmCO2,SBA-15_DEA_50%,10.1016/j.jece.2022.107239,038.pdf-id_comprehensive_extraction.json,SBA-15,Porous Silica Materials,DEA,Small-Molecule Polyamines,105.14,50.0,4.76,0,,0,,934.91,1.45,6.203805713918987,273.01,0.6,8.790886780704003,0.0,400 ppm,0.04,100 mL/min,100.0,,25.0,TGA,0.54 mmol/g,0.54,0.11 mmol/mmol,0.11,,11.85,42.2,TG Curve/ CO2 adsorption profile,CO2 Adsorbed (mmol/g),"[[0, 0.0], [12, 0.4], [24, 0.6], [36, 0.75], [48, 0.85], [60, 0.9], [72, 0.92], [84, 0.93], [96, 0.94], [120, 0.94]]","min, mmol/g","['11.85 min', '42.20 min']",,,,,,,,,,,,,,,,qwen3-max,DAC_prompt_SCaSE
SBA-15_TEPA_50%_SBA-15_50%TEPA__T25_TGA_400ppmCO2,SBA-15_TEPA_50%,10.1016/j.jece.2022.107239,038.pdf-id_comprehensive_extraction.json,SBA-15,Porous Silica Materials,TEPA,Small-Molecule Polyamines,189.3,50.0,13.21,0,,0,,934.91,1.45,6.203805713918987,174.1,0.35,8.0413555427915,0.0,400 ppm,0.04,100 mL/min,100.0,,25.0,TGA,1.91 mmol/g,1.91,0.14 mmol/mmol,0.14,,28.5,57.6,TG Curve/ CO2 adsorption profile,CO2 Adsorbed (mmol/g),"[[0, 0.0], [12, 0.26], [24, 0.45], [36, 0.6], [48, 0.7], [60, 0.76], [72, 0.8], [84, 0.83], [96, 0.85], [120, 0.86]]","min, mmol/g","['28.50 min', '57.60 min']",,,,,,,,,,,,,,,,qwen3-max,DAC_prompt_SCaSE
SBA-15_TEPA_10%_DEA_40%_SBA-15_10%TEPA_40%DEA_T25_TGA_400ppmCO2,SBA-15_TEPA_10%_DEA_40%,10.1016/j.jece.2022.107239,038.pdf-id_comprehensive_extraction.json,SBA-15,Porous Silica Materials,TEPA,Small-Molecule Polyamines,189.3,50.0,6.45,DEA,Small-Molecule Polyamines,0,,934.91,1.45,6.203805713918987,78.59,0.19,9.670441532001526,0.0,400 ppm,0.04,100 mL/min,100.0,,25.0,TGA,1.10 mmol/g,1.1,0.17 mmol/mmol,0.17,,16.05,42.65,TG Curve/ CO2 adsorption profile,CO2 Adsorbed (mmol/g),"[[0, 0.0], [12, 0.6], [24, 0.9], [36, 1.1], [48, 1.25], [60, 1.32], [72, 1.36], [84, 1.38], [96, 1.4], [120, 1.41]]","min, mmol/g","['16.05 min', '42.65 min']",,,,,,,,,,,,,,,,qwen3-max,DAC_prompt_SCaSE
SBA-15_TEPA_16.37%_DEA_33.33%_SBA-15_16.37%TEPA_33.33%DEA_T25_TGA_400ppmCO2,SBA-15_TEPA_16.37%_DEA_33.33%,10.1016/j.jece.2022.107239,038.pdf-id_comprehensive_extraction.json,SBA-15,Porous Silica Materials,TEPA,Small-Molecule Polyamines,189.3,50.0,7.57,DEA,Small-Molecule Polyamines,0,,934.91,1.45,6.203805713918987,76.38,0.18,9.426551453260016,0.0,400 ppm,0.04,100 mL/min,100.0,,25.0,TGA,1.38 mmol/g,1.38,0.18 mmol/mmol,0.18,,23.55,52.0,TG Curve/ CO2 adsorption profile,CO2 Adsorbed (mmol/g),"[[0, 0.0], [12, 0.7], [24, 1.0], [36, 1.3], [48, 1.5], [60, 1.6], [72, 1.65], [84, 1.68], [96, 1.7], [120, 1.71]]","min, mmol/g","['23.55 min', '52.00 min']",,,,,,,,,,,,,,,,qwen3-max,DAC_prompt_SCaSE
SBA-15_TEPA_25%_DEA_25%_SBA-15_25%TEPA_25%DEA_T25_TGA_400ppmCO2,SBA-15_TEPA_25%_DEA_25%,10.1016/j.jece.2022.107239,038.pdf-id_comprehensive_extraction.json,SBA-15,Porous Silica Materials,TEPA,Small-Molecule Polyamines,189.3,50.0,8.98,DEA,Small-Molecule Polyamines,0,,934.91,1.45,6.203805713918987,69.31,0.17,9.810994084547684,0.0,400 ppm,0.04,100 mL/min,100.0,,25.0,TGA,1.68 mmol/g,1.68,0.19 mmol/mmol,0.19,,24.5,55.4,TG Curve/ CO2 adsorption profile,CO2 Adsorbed (mmol/g),"[[0, 0.0], [12, 0.8], [24, 1.2], [36, 1.5], [48, 1.7], [60, 1.8], [72, 1.85], [84, 1.88], [96, 1.9], [120, 1.91]]","min, mmol/g","['24.50 min', '55.40 min']",,,,,,,,,,,,,,,,qwen3-max,DAC_prompt_SCaSE
SBA-15_TEPA_33.33%_DEA_16.67%_SBA-15_33.33%TEPA_16.67%DEA_T25_TGA_400ppmCO2,SBA-15_TEPA_33.33%_DEA_16.67%,10.1016/j.jece.2022.107239,038.pdf-id_comprehensive_extraction.json,SBA-15,Porous Silica Materials,TEPA,Small-Molecule Polyamines,189.3,50.0,10.39,DEA,Small-Molecule Polyamines,0,,934.91,1.45,6.203805713918987,35.81,0.1,11.17006422786931,0.0,400 ppm,0.04,100 mL/min,100.0,,25.0,TGA,1.90 mmol/g,1.9,0.18 mmol/mmol,0.18,,27.7,58.25,TG Curve/ CO2 adsorption profile,CO2 Adsorbed (mmol/g),"[[0, 0.0], [12, 1.2], [24, 1.7], [36, 1.95], [48, 2.05], [60, 2.12], [72, 2.16], [84, 2.18], [96, 2.19], [120, 2.2]]","min, mmol/g","['27.70 min', '58.25 min']",,,,,,,,,,,,,,,,qwen3-max,DAC_prompt_SCaSE
SBA-15_TEPA_40%_DEA_10%_SBA-15_40%TEPA_10%DEA_T25_TGA_400ppmCO2,SBA-15_TEPA_40%_DEA_10%,10.1016/j.jece.2022.107239,038.pdf-id_comprehensive_extraction.json,SBA-15,Porous Silica Materials,TEPA,Small-Molecule Polyamines,189.3,50.0,11.52,DEA,Small-Molecule Polyamines,0,,934.91,1.45,6.203805713918987,48.18,0.12,9.962640099626402,0.0,400 ppm,0.04,100 mL/min,100.0,,25.0,TGA,1.93 mmol/g,1.93,0.17 mmol/mmol,0.17,,26.15,52.7,TG Curve/ CO2 adsorption profile,CO2 Adsorbed (mmol/g),"[[0, 0.0], [12, 1.1], [24, 1.6], [36, 1.9], [48, 2.0], [60, 2.08], [72, 2.12], [84, 2.14], [96, 2.16], [120, 2.18]]","min, mmol/g","['26.15 min', '52.70 min']",,,,,,Cyclic CO2 profile,Capacity (mmol/g),"[[1, 1.85], [2, 1.84], [3, 1.83], [4, 1.82], [5, 1.81], [6, 1.8], [7, 1.79], [8, 1.78], [9, 1.77], [10, 1.76]]",mmol/g,10.0,,,,,,qwen3-max,DAC_prompt_SCaSE
SBA-15_PEI_25%_SBA-15_25%PEI__T25_BTC_400ppmCO2_N2_100mL_min,SBA-15_PEI_25%,10.1016/j.cej.2021.131875,039.pdf-id_comprehensive_extraction.json,SBA-15,Porous Silica Materials,PEI,Polymeric Amines,800.0,25.0,5.813953488372094,0,,0,,643.03,1.1441,7.116930780834487,205.98,0.4717,9.160112632294398,0.0,400 ppm,0.04,100 mL/min,100.0,,25.0,BTC,0.72 mmol/g,0.72,,,,,,,,,,,,,,,,,,,,,,,,,,qwen3-max,DAC_prompt_SCaSE
SBA-15_PEI_50%_SBA-15_50%PEI__T25_BTC_400ppmCO2_N2_100mL_min,SBA-15_PEI_50%,10.1016/j.cej.2021.131875,039.pdf-id_comprehensive_extraction.json,SBA-15,Porous Silica Materials,PEI,Polymeric Amines,800.0,50.0,11.627906976744187,0,,0,,643.03,1.1441,7.116930780834487,13.089,0.0505,15.432806173122469,0.0,400 ppm,0.04,100 mL/min,100.0,,25.0,BTC,1.34 mmol/g,1.34,,,,,,,,,,,,,,,,,,,,,,,,,,qwen3-max,DAC_prompt_SCaSE
SBA-15_PEI_75%_SBA-15_75%PEI__T25_BTC_400ppmCO2_N2_100mL_min,SBA-15_PEI_75%,10.1016/j.cej.2021.131875,039.pdf-id_comprehensive_extraction.json,SBA-15,Porous Silica Materials,PEI,Polymeric Amines,800.0,75.0,17.441860465116278,0,,0,,643.03,1.1441,7.116930780834487,1.87,0.0027,5.775401069518717,0.0,400 ppm,0.04,100 mL/min,100.0,,25.0,BTC,1.90 mmol/g,1.9,,,,,,,,,,,,,,,,,,,,,,,,,,qwen3-max,DAC_prompt_SCaSE
SBA-15_TEPA_25%_SBA-15_25%TEPA__T25_BTC_400ppmCO2_N2_100mL_min,SBA-15_TEPA_25%,10.1016/j.cej.2021.131875,039.pdf-id_comprehensive_extraction.json,SBA-15,Porous Silica Materials,TEPA,Small-Molecule Polyamines,189.3,25.0,5.813953488372094,0,,0,,643.03,1.1441,7.116930780834487,250.38,0.6024,9.623771866762523,0.0,400 ppm,0.04,100 mL/min,100.0,,25.0,BTC,0.89 mmol/g,0.89,,,,,,,,,,,,,,,,,,,,,,,,,,qwen3-max,DAC_prompt_SCaSE
SBA-15_TEPA_50%_SBA-15_50%TEPA__T25_BTC_400ppmCO2_N2_100mL_min,SBA-15_TEPA_50%,10.1016/j.cej.2021.131875,039.pdf-id_comprehensive_extraction.json,SBA-15,Porous Silica Materials,TEPA,Small-Molecule Polyamines,189.3,50.0,11.627906976744187,0,,0,,643.03,1.1441,7.116930780834487,174.1,0.3533,8.117174037909248,0.0,400 ppm,0.04,100 mL/min,100.0,,25.0,BTC,2.30 mmol/g,2.3,,,,,,,,,,,,,,,,,,,,,,,,,,qwen3-max,DAC_prompt_SCaSE
SBA-15_TEPA_75%_SBA-15_75%TEPA__T25_BTC_400ppmCO2_N2_100mL_min,SBA-15_TEPA_75%,10.1016/j.cej.2021.131875,039.pdf-id_comprehensive_extraction.json,SBA-15,Porous Silica Materials,TEPA,Small-Molecule Polyamines,189.3,75.0,17.441860465116278,0,,0,,643.03,1.1441,7.116930780834487,0.83,0.0018,8.674698795180724,0.0,400 ppm,0.04,100 mL/min,100.0,,25.0,BTC,3.44 mmol/g,3.44,,,,,,,,,,,,,,,,,,,,,,,,,,qwen3-max,DAC_prompt_SCaSE
50S_PEHA_50%_50S_50%PEHA__T25_TGA_95pctCO2,50S_PEHA_50%,10.1002/cssc.201802975,040.pdf-id_comprehensive_extraction.json,50S,Porous Silica Materials,PEHA,Small-Molecule Polyamines,600.93,50.0,11.627906976744187,0,,0,,,,,,,,0.0,95 vol%,95.0,60 mL/min,60.0,,25.0,TGA,160 mg/g,3.64,,,-84.0,,,,,,,,,,,,,,,,,,,,,,,qwen3-max,DAC_prompt_SCaSE
50S_PEHA_50%_50S_50%PEHA__T85_TGA_95pctCO2,50S_PEHA_50%,10.1002/cssc.201802975,040.pdf-id_comprehensive_extraction.json,50S,Porous Silica Materials,PEHA,Small-Molecule Polyamines,600.93,50.0,11.627906976744187,0,,0,,,,,,,,0.0,95 vol%,95.0,60 mL/min,60.0,,85.0,TGA,40 mg/g,0.91,,,-84.0,,,,,,,,,,,,,,,,,,,,,,,qwen3-max,DAC_prompt_SCaSE
50S_TEPA_50%_50S_50%TEPA__T25_TGA_95pctCO2,50S_TEPA_50%,10.1002/cssc.201802975,040.pdf-id_comprehensive_extraction.json,50S,Porous Silica Materials,TEPA,Small-Molecule Polyamines,232.34,50.0,11.627906976744187,0,,0,,,,,,,,0.0,95 vol%,95.0,60 mL/min,60.0,,25.0,TGA,182 mg/g,4.14,,,-89.0,,,,,,,,,,,,,,,,,,,,,,,qwen3-max,DAC_prompt_SCaSE
50S_TEPA_50%_50S_50%TEPA__T85_TGA_95pctCO2,50S_TEPA_50%,10.1002/cssc.201802975,040.pdf-id_comprehensive_extraction.json,50S,Porous Silica Materials,TEPA,Small-Molecule Polyamines,232.34,50.0,11.627906976744187,0,,0,,,,,,,,0.0,95 vol%,95.0,60 mL/min,60.0,,85.0,TGA,40 mg/g,0.91,,,-89.0,,,,,,,,,,,,,,,,,,,,,,,qwen3-max,DAC_prompt_SCaSE
50S_LPEI25k_50%_50S_50%LPEI__T25_TGA_95pctCO2,50S_LPEI25k_50%,10.1002/cssc.201802975,040.pdf-id_comprehensive_extraction.json,50S,Porous Silica Materials,LPEI,Polymeric Amines,25000.0,50.0,11.627906976744187,0,,0,,,,,,,,0.0,95 vol%,95.0,60 mL/min,60.0,,25.0,TGA,114 mg/g,2.59,,,-42.0,,,,,,,,,,,,,,,,,,,,,,,qwen3-max,DAC_prompt_SCaSE
50S_LPEI25k_50%_50S_50%LPEI__T85_TGA_95pctCO2,50S_LPEI25k_50%,10.1002/cssc.201802975,040.pdf-id_comprehensive_extraction.json,50S,Porous Silica Materials,LPEI,Polymeric Amines,25000.0,50.0,11.627906976744187,0,,0,,,,,,,,0.0,95 vol%,95.0,60 mL/min,60.0,,85.0,TGA,25 mg/g,0.57,,,-42.0,,,,,,,,,,,,,,,,,,,,,,,qwen3-max,DAC_prompt_SCaSE
50S_BPEI25k_50%_50S_50%BPEI__T25_TGA_95pctCO2,50S_BPEI25k_50%,10.1002/cssc.201802975,040.pdf-id_comprehensive_extraction.json,50S,Porous Silica Materials,BPEI,Polymeric Amines,25000.0,50.0,11.627906976744187,0,,0,,,,,,,,0.0,95 vol%,95.0,60 mL/min,60.0,,25.0,TGA,140 mg/g,3.18,,,-83.0,,,,,,,,,,,,,,,,,,,,,,,qwen3-max,DAC_prompt_SCaSE
50S_PEHA-PO-1-2_61%_50S_61%PEHA-PO__T25_TGA_95pctCO2,50S_PEHA-PO-1-2_61%,10.1002/cssc.201802975,040.pdf-id_comprehensive_extraction.json,50S,Porous Silica Materials,PEHA,Small-Molecule Polyamines,600.93,61.0,14.186046511627907,PEG200,Additive,0,,,,,,,,0.0,95 vol%,95.0,60 mL/min,60.0,,25.0,TGA,121 mg/g,2.75,,,-72.0,0.73,1.73,Fixed-Bed Breakthrough Testing,Adsorption (%),"[[0.0, 0.0], [0.5, 35.2], [1.0, 58.7], [2.0, 78.3], [3.0, 87.1], [4.0, 92.4], [5.0, 95.6], [7.0, 97.8], [10.0, 99.1], [15.0, 100.0]]","min, %","[0.73, 1.73]",,,,,,,,,,,,,,,,qwen3-max,DAC_prompt_SCaSE
50S_PEHA-PO-1-2_61%_50S_61%PEHA-PO__T85_TGA_95pctCO2,50S_PEHA-PO-1-2_61%,10.1002/cssc.201802975,040.pdf-id_comprehensive_extraction.json,50S,Porous Silica Materials,PEHA,Small-Molecule Polyamines,600.93,61.0,14.186046511627907,PEG200,Additive,0,,,,,,,,0.0,95 vol%,95.0,60 mL/min,60.0,,85.0,TGA,106 mg/g,2.41,,,-72.0,,,,,,,,,,,,,Cyclic CO2 profile,Adsorption capacity (mmol CO₂ g⁻¹),"[[1, 2.52], [5, 2.51], [10, 2.5], [15, 2.5], [20, 2.49], [25, 2.49], [30, 2.48], [35, 2.48], [40, 2.47], [45, 2.47], [50, 2.46]]",mmol/g,50.0,,,,,,qwen3-max,DAC_prompt_SCaSE
50S_PEHA-PO-1-2_61%_50S_61%PEHA-PO__T25_TGA_400ppmCO2,50S_PEHA-PO-1-2_61%,10.1002/cssc.201802975,040.pdf-id_comprehensive_extraction.json,50S,Porous Silica Materials,PEHA,Small-Molecule Polyamines,600.93,61.0,14.186046511627907,PEG200,Additive,0,,,,,,,,0.0,400 ppm,0.04,60 mL/min,60.0,,25.0,TGA,55 mg/g,1.25,,,,,,,,,,,,,,,,,,,,,,,,,,qwen3-max,DAC_prompt_SCaSE
50S_PEHA-PO-1-2_61%_50S_61%PEHA-PO__T25_FixedBed_1000ppmCO2_Dry,50S_PEHA-PO-1-2_61%,10.1002/cssc.201802975,040.pdf-id_comprehensive_extraction.json,50S,Porous Silica Materials,PEHA,Small-Molecule Polyamines,600.93,61.0,14.186046511627907,PEG200,Additive,0,,,,,,,,0.0,1000 ppm,0.1,335 mL/min,335.0,,25.0,BTC,71 mg/g,1.61,,,,,,,,,,,400 ppm CO2 in air,50.0,60.0,,,Cyclic CO2 profile,Adsorption capacity (mmol CO₂ g⁻¹),"[[1, 1.5], [2, 1.5], [3, 1.5], [4, 1.5], [5, 1.5]]",mmol/g,5.0,,,,,,qwen3-max,DAC_prompt_SCaSE
50S_PEHA-PO-1-2_61%_50S_61%PEHA-PO__T25_FixedBed_1000ppmCO2_Humid,50S_PEHA-PO-1-2_61%,10.1002/cssc.201802975,040.pdf-id_comprehensive_extraction.json,50S,Porous Silica Materials,PEHA,Small-Molecule Polyamines,600.93,61.0,14.186046511627907,PEG200,Additive,0,,,,,,,,50.0,1000 ppm,0.1,335 mL/min,335.0,,25.0,BTC,97 mg/g,2.2,,,,,,,,,,,400 ppm CO2 in air,50.0,60.0,,,Cyclic CO2 profile,Adsorption capacity (mmol CO₂ g⁻¹),"[[1, 2.3], [2, 2.3], [3, 2.3], [4, 2.3], [5, 2.3]]",mmol/g,5.0,,,,,,qwen3-max,DAC_prompt_SCaSE
50S_PEHA-BO-1-2_61%_50S_61%PEHA-BO__T25_TGA_95pctCO2,50S_PEHA-BO-1-2_61%,10.1002/cssc.201802975,040.pdf-id_comprehensive_extraction.json,50S,Porous Silica Materials,PEHA,Small-Molecule Polyamines,600.93,61.0,14.186046511627907,PEG200,Additive,0,,,,,,,,0.0,95 vol%,95.0,60 mL/min,60.0,,25.0,TGA,100 mg/g,2.27,,,,0.57,1.13,Fixed-Bed Breakthrough Testing,Adsorption (%),"[[0.0, 0.0], [0.5, 29.8], [1.0, 51.2], [2.0, 69.4], [3.0, 79.6], [4.0, 85.7], [5.0, 89.8], [7.0, 92.9], [10.0, 95.8], [15.0, 98.7]]","min, %","[0.57, 1.13]",,,,,,,,,,,,,,,,qwen3-max,DAC_prompt_SCaSE
50S_PEHA-BO-1-2_61%_50S_61%PEHA-BO__T85_TGA_95pctCO2,50S_PEHA-BO-1-2_61%,10.1002/cssc.201802975,040.pdf-id_comprehensive_extraction.json,50S,Porous Silica Materials,PEHA,Small-Molecule Polyamines,600.93,61.0,14.186046511627907,PEG200,Additive,0,,,,,,,,0.0,95 vol%,95.0,60 mL/min,60.0,,85.0,TGA,85 mg/g,1.93,,,,,,,,,,,,,,,,Cyclic CO2 profile,Adsorption capacity (mmol CO₂ g⁻¹),"[[1, 1.95], [5, 1.94], [10, 1.94], [15, 1.93], [20, 1.93], [25, 1.92], [30, 1.92], [35, 1.91], [40, 1.91], [45, 1.9], [50, 1.9]]",mmol/g,50.0,,,,,,qwen3-max,DAC_prompt_SCaSE
50S_PEHA-BO-1-2_61%_50S_61%PEHA-BO__T25_TGA_400ppmCO2,50S_PEHA-BO-1-2_61%,10.1002/cssc.201802975,040.pdf-id_comprehensive_extraction.json,50S,Porous Silica Materials,PEHA,Small-Molecule Polyamines,600.93,61.0,14.186046511627907,PEG200,Additive,0,,,,,,,,0.0,400 ppm,0.04,60 mL/min,60.0,,25.0,TGA,49 mg/g,1.11,,,,,,,,,,,,,,,,,,,,,,,,,,qwen3-max,DAC_prompt_SCaSE
50S_TEPA-PO-1-2_61%_50S_61%TEPA-PO__T25_TGA_95pctCO2,50S_TEPA-PO-1-2_61%,10.1002/cssc.201802975,040.pdf-id_comprehensive_extraction.json,50S,Porous Silica Materials,TEPA,Small-Molecule Polyamines,232.34,61.0,14.186046511627907,PEG200,Additive,0,,,,,,,,0.0,95 vol%,95.0,60 mL/min,60.0,,25.0,TGA,108 mg/g,2.45,,,-78.0,0.67,1.43,Fixed-Bed Breakthrough Testing,Adsorption (%),"[[0.0, 0.0], [0.5, 32.1], [1.0, 54.8], [2.0, 73.5], [3.0, 83.2], [4.0, 88.9], [5.0, 92.7], [7.0, 95.3], [10.0, 97.5], [15.0, 99.4]]","min, %","[0.67, 1.43]",,,,,,,,,,,,,,,,qwen3-max,DAC_prompt_SCaSE
50S_TEPA-PO-1-2_61%_50S_61%TEPA-PO__T85_TGA_95pctCO2,50S_TEPA-PO-1-2_61%,10.1002/cssc.201802975,040.pdf-id_comprehensive_extraction.json,50S,Porous Silica Materials,TEPA,Small-Molecule Polyamines,232.34,61.0,14.186046511627907,PEG200,Additive,0,,,,,,,,0.0,95 vol%,95.0,60 mL/min,60.0,,85.0,TGA,95 mg/g,2.16,,,-78.0,,,,,,,,,,,,,Cyclic CO2 profile,Adsorption capacity (mmol CO₂ g⁻¹),"[[1, 2.25], [5, 2.24], [10, 2.23], [15, 2.23], [20, 2.22], [25, 2.22], [30, 2.21], [35, 2.21], [40, 2.2], [45, 2.2], [50, 2.19]]",mmol/g,50.0,,,,,,qwen3-max,DAC_prompt_SCaSE
50S_TEPA-PO-1-2_61%_50S_61%TEPA-PO__T25_TGA_400ppmCO2,50S_TEPA-PO-1-2_61%,10.1002/cssc.201802975,040.pdf-id_comprehensive_extraction.json,50S,Porous Silica Materials,TEPA,Small-Molecule Polyamines,232.34,61.0,14.186046511627907,PEG200,Additive,0,,,,,,,,0.0,400 ppm,0.04,60 mL/min,60.0,,25.0,TGA,59 mg/g,1.34,,,,,,,,,,,,,,,,,,,,,,,,,,qwen3-max,DAC_prompt_SCaSE
50S_TEPA-PO-1-2_61%_50S_61%TEPA-PO__T25_FixedBed_1000ppmCO2_Humid,50S_TEPA-PO-1-2_61%,10.1002/cssc.201802975,040.pdf-id_comprehensive_extraction.json,50S,Porous Silica Materials,TEPA,Small-Molecule Polyamines,232.34,61.0,14.186046511627907,PEG200,Additive,0,,,,,,,,50.0,1000 ppm,0.1,335 mL/min,335.0,,25.0,BTC,88 mg/g,2.0,,,,,,,,,,,400 ppm CO2 in air,50.0,60.0,,,Cyclic CO2 profile,Adsorption capacity (mg CO₂ g⁻¹),"[[1, 88], [2, 88], [3, 88], [4, 88], [5, 88], [10, 88], [15, 88], [20, 88], [25, 88], [30, 88], [35, 88], [40, 88], [45, 88]]",mg/g,45.0,,,,,,qwen3-max,DAC_prompt_SCaSE
SBA-15_LPPI_10%_SBA-15_10%LPPI_T35_BTC_400ppmCO2_N2,SBA-15_LPPI_10%,10.1002/cssc.201800755,041.pdf-id_comprehensive_extraction.json,SBA-15,Porous Silica Materials,LPPI,Polymeric Amines,1000.0,10.0,2.3255813953488373,0,,0,,800.0,1.0,70.0,650.0,0.85,65.0,0.0,400 ppm,0.04,400 mL/min,400.0,N2,35.0,BTC,0.85 mmol/g,0.85,0.12 mmol/mmol,0.12,,,,,,,,,N2,110.0,10.0,,,,,,,,,,,,,qwen3-max,DAC_prompt_SCaSE
SBA-15_LPPI_20%_SBA-15_20%LPPI_T35_BTC_400ppmCO2_N2,SBA-15_LPPI_20%,10.1002/cssc.201800755,041.pdf-id_comprehensive_extraction.json,SBA-15,Porous Silica Materials,LPPI,Polymeric Amines,1000.0,20.0,4.651162790697675,0,,0,,800.0,1.0,70.0,550.0,0.7,65.0,0.0,400 ppm,0.04,400 mL/min,400.0,N2,35.0,BTC,1.05 mmol/g,1.05,0.13 mmol/mmol,0.13,,,,,,,,,N2,110.0,10.0,,,,,,,,,,,,,qwen3-max,DAC_prompt_SCaSE
SBA-15_LPPI_30%_SBA-15_30%LPPI_T35_BTC_400ppmCO2_N2,SBA-15_LPPI_30%,10.1002/cssc.201800755,041.pdf-id_comprehensive_extraction.json,SBA-15,Porous Silica Materials,LPPI,Polymeric Amines,1000.0,30.0,6.976744186046512,0,,0,,800.0,1.0,70.0,450.0,0.55,65.0,0.0,400 ppm,0.04,400 mL/min,400.0,N2,35.0,BTC,1.15 mmol/g,1.15,0.14 mmol/mmol,0.14,,,,,,,,,N2,110.0,10.0,,,,,,,,,,,,,qwen3-max,DAC_prompt_SCaSE
SBA-15_LPPI_40%_SBA-15_40%LPPI_T35_BTC_400ppmCO2_N2,SBA-15_LPPI_40%,10.1002/cssc.201800755,041.pdf-id_comprehensive_extraction.json,SBA-15,Porous Silica Materials,LPPI,Polymeric Amines,1000.0,40.0,9.30232558139535,0,,0,,800.0,1.0,70.0,350.0,0.4,65.0,0.0,400 ppm,0.04,400 mL/min,400.0,N2,35.0,BTC,1.20 mmol/g,1.2,0.15 mmol/mmol,0.15,,,,,,,,,N2,110.0,10.0,,,,,,,,,,,,,qwen3-max,DAC_prompt_SCaSE
SBA-15_LPPI_50%_SBA-15_50%LPPI_T35_BTC_400ppmCO2_N2,SBA-15_LPPI_50%,10.1002/cssc.201800755,041.pdf-id_comprehensive_extraction.json,SBA-15,Porous Silica Materials,LPPI,Polymeric Amines,1000.0,50.0,11.627906976744187,0,,0,,800.0,1.0,70.0,250.0,0.25,65.0,0.0,400 ppm,0.04,400 mL/min,400.0,N2,35.0,BTC,1.25 mmol/g,1.25,0.16 mmol/mmol,0.16,,85.0,180.0,Fixed-Bed Breakthrough Testing,M/Mₐ,"[[0, 0.0], [50, 0.75], [100, 0.88], [200, 0.93], [300, 0.96], [400, 0.975], [500, 0.98], [600, 0.985], [800, 0.99], [1000, 0.995]]","min, dimensionless","['~85 min', '~180 min']",N2,110.0,10.0,,,Cyclic CO2 profile,Amine Efficiency (mmol CO₂/mmol N),"[[0, 0.1], [5, 0.1], [10, 0.1], [15, 0.1], [20, 0.1], [25, 0.1], [30, 0.1], [35, 0.1], [40, 0.1], [45, 0.1], [50, 0.1]]",mmol/mmol,50.0,,,,,,qwen3-max,DAC_prompt_SCaSE
SBA-15_LPPI_50%_SBA-15_50%LPPI_T25_Isotherm_0.3Torr,SBA-15_LPPI_50%,10.1002/cssc.201800755,041.pdf-id_comprehensive_extraction.json,SBA-15,Porous Silica Materials,LPPI,Polymeric Amines,1000.0,50.0,11.627906976744187,0,,0,,800.0,1.0,70.0,250.0,0.25,65.0,0.0,0.3 Torr,0.04,,,,25.0,TGA,0.25 mmol/g,0.25,0.025 mmol/mmol,0.025,105.0,,,,,,,,,,,,,,,,,,,,,,,qwen3-max,DAC_prompt_SCaSE
SBA-15_LPPI_50%_SBA-15_50%LPPI_T35_Isotherm_0.3Torr,SBA-15_LPPI_50%,10.1002/cssc.201800755,041.pdf-id_comprehensive_extraction.json,SBA-15,Porous Silica Materials,LPPI,Polymeric Amines,1000.0,50.0,11.627906976744187,0,,0,,800.0,1.0,70.0,250.0,0.25,65.0,0.0,0.3 Torr,0.04,,,,35.0,TGA,0.18 mmol/g,0.18,0.018 mmol/mmol,0.018,100.0,,,,,,,,,,,,,,,,,,,,,,,qwen3-max,DAC_prompt_SCaSE
SBA-15_LPPI_50%_SBA-15_50%LPPI_T55_Isotherm_76Torr,SBA-15_LPPI_50%,10.1002/cssc.201800755,041.pdf-id_comprehensive_extraction.json,SBA-15,Porous Silica Materials,LPPI,Polymeric Amines,1000.0,50.0,11.627906976744187,0,,0,,800.0,1.0,70.0,250.0,0.25,65.0,0.0,76 Torr,10.0,,,,55.0,TGA,2.4 mmol/g,2.4,0.30 mmol/mmol,0.3,100.0,,,,,,,,,,,,,,,,,,,,,,,qwen3-max,DAC_prompt_SCaSE
SBA-15_LPPI_50%_SBA-15_50%LPPI_T75_Isotherm_760Torr,SBA-15_LPPI_50%,10.1002/cssc.201800755,041.pdf-id_comprehensive_extraction.json,SBA-15,Porous Silica Materials,LPPI,Polymeric Amines,1000.0,50.0,11.627906976744187,0,,0,,800.0,1.0,70.0,250.0,0.25,65.0,0.0,760 Torr,100.0,,,,75.0,TGA,2.5 mmol/g,2.5,0.32 mmol/mmol,0.32,100.0,,,,,,,,,,,,,,,,,,,,,,,qwen3-max,DAC_prompt_SCaSE
SBA-15_LPPI_50%_Mn700_SBA-15_50%LPPI_Mn700_T35_BTC_400ppmCO2_N2,SBA-15_LPPI_50%_Mn700,10.1002/cssc.201800755,041.pdf-id_comprehensive_extraction.json,SBA-15,Porous Silica Materials,LPPI,Polymeric Amines,700.0,50.0,11.627906976744187,0,,0,,800.0,1.0,70.0,250.0,0.25,65.0,0.0,400 ppm,0.04,400 mL/min,400.0,N2,35.0,BTC,1.20 mmol/g,1.2,0.15 mmol/mmol,0.15,,80.0,170.0,Fixed-Bed Breakthrough Testing,M/Mₐ,"[[0, 0.0], [50, 0.78], [100, 0.9], [200, 0.95], [300, 0.97], [400, 0.98], [500, 0.985], [600, 0.99], [800, 0.995], [1000, 1.0]]","min, dimensionless","['~80 min', '~170 min']",N2,110.0,10.0,,,,,,,,,,,,,qwen3-max,DAC_prompt_SCaSE
SBA-15_LPPI_50%_Mn6700_SBA-15_50%LPPI_Mn6700_T35_BTC_400ppmCO2_N2,SBA-15_LPPI_50%_Mn6700,10.1002/cssc.201800755,041.pdf-id_comprehensive_extraction.json,SBA-15,Porous Silica Materials,LPPI,Polymeric Amines,6700.0,50.0,11.627906976744187,0,,0,,800.0,1.0,70.0,250.0,0.25,65.0,0.0,400 ppm,0.04,400 mL/min,400.0,N2,35.0,BTC,1.12 mmol/g,1.12,0.13 mmol/mmol,0.13,,95.0,210.0,Fixed-Bed Breakthrough Testing,M/Mₐ,"[[0, 0.0], [50, 0.7], [100, 0.85], [200, 0.91], [300, 0.94], [400, 0.96], [500, 0.97], [600, 0.975], [800, 0.98], [1000, 0.985]]","min, dimensionless","['~95 min', '~210 min']",N2,110.0,10.0,,,,,,,,,,,,,qwen3-max,DAC_prompt_SCaSE
SBA-15_LPPI_50%_Mn36000_SBA-15_50%LPPI_Mn36000_T35_BTC_400ppmCO2_N2,SBA-15_LPPI_50%_Mn36000,10.1002/cssc.201800755,041.pdf-id_comprehensive_extraction.json,SBA-15,Porous Silica Materials,LPPI,Polymeric Amines,36000.0,50.0,11.627906976744187,0,,0,,800.0,1.0,70.0,250.0,0.25,65.0,0.0,400 ppm,0.04,400 mL/min,400.0,N2,35.0,BTC,1.04 mmol/g,1.04,0.12 mmol/mmol,0.12,,105.0,240.0,Fixed-Bed Breakthrough Testing,M/Mₐ,"[[0, 0.0], [50, 0.65], [100, 0.8], [200, 0.87], [300, 0.92], [400, 0.94], [500, 0.95], [600, 0.96], [800, 0.97], [1000, 0.975]]","min, dimensionless","['~105 min', '~240 min']",N2,110.0,10.0,,,,,,,,,,,,,qwen3-max,DAC_prompt_SCaSE
SBA-15_bare_SBA-15_bare_T35_BTC_400ppmCO2_N2,SBA-15_bare,10.1002/cssc.201800755,041.pdf-id_comprehensive_extraction.json,SBA-15,Porous Silica Materials,0,,,,,0,,0,,800.0,1.0,70.0,800.0,1.0,70.0,0.0,400 ppm,0.04,400 mL/min,400.0,N2,35.0,BTC,<0.01 mmol/g,0.01,,,,,,,,,,,,,,,,,,,,,,,,,,qwen3-max,DAC_prompt_SCaSE
SBA-15_LPPI_10%_SBA-15_10%LPPI__T35_TGA_400ppmCO2,SBA-15_LPPI_10%,10.1002/cssc.201800438,042.pdf-id_comprehensive_extraction.json,SBA-15,Porous Silica Materials,LPPI,Polymeric Amines,1000.0,10.0,2.3255813953488373,0,,0,,800.0,1.0,70.0,650.0,0.85,65.0,0.0,400 ppm,0.04,100 mL/min,100.0,N2,35.0,TGA,1.05 mmol/g,1.05,0.15 mmol/mmol,0.15,,,,,,,,,N2,110.0,18.0,,,,,,,,,,,,,qwen3-max,DAC_prompt_SCaSE
SBA-15_LPPI_20%_SBA-15_20%LPPI__T35_TGA_400ppmCO2,SBA-15_LPPI_20%,10.1002/cssc.201800438,042.pdf-id_comprehensive_extraction.json,SBA-15,Porous Silica Materials,LPPI,Polymeric Amines,1000.0,20.0,4.651162790697675,0,,0,,800.0,1.0,70.0,580.0,0.75,64.0,0.0,400 ppm,0.04,100 mL/min,100.0,N2,35.0,TGA,1.12 mmol/g,1.12,0.155 mmol/mmol,0.155,,,,,,,,,N2,110.0,18.0,,,,,,,,,,,,,qwen3-max,DAC_prompt_SCaSE
SBA-15_LPPI_30%_SBA-15_30%LPPI__T35_TGA_400ppmCO2,SBA-15_LPPI_30%,10.1002/cssc.201800438,042.pdf-id_comprehensive_extraction.json,SBA-15,Porous Silica Materials,LPPI,Polymeric Amines,1000.0,30.0,6.976744186046512,0,,0,,800.0,1.0,70.0,500.0,0.65,63.0,0.0,400 ppm,0.04,100 mL/min,100.0,N2,35.0,TGA,1.18 mmol/g,1.18,0.16 mmol/mmol,0.16,,,,,,,,,N2,110.0,18.0,,,,,,,,,,,,,qwen3-max,DAC_prompt_SCaSE
SBA-15_LPPI_40%_SBA-15_40%LPPI__T35_TGA_400ppmCO2,SBA-15_LPPI_40%,10.1002/cssc.201800438,042.pdf-id_comprehensive_extraction.json,SBA-15,Porous Silica Materials,LPPI,Polymeric Amines,1000.0,40.0,9.30232558139535,0,,0,,800.0,1.0,70.0,420.0,0.55,62.0,0.0,400 ppm,0.04,100 mL/min,100.0,N2,35.0,TGA,1.22 mmol/g,1.22,0.16 mmol/mmol,0.16,,,,,,,,,N2,110.0,18.0,,,,,,,,,,,,,qwen3-max,DAC_prompt_SCaSE
SBA-15_LPPI_50%_SBA-15_50%LPPI__T35_TGA_400ppmCO2,SBA-15_LPPI_50%,10.1002/cssc.201800438,042.pdf-id_comprehensive_extraction.json,SBA-15,Porous Silica Materials,LPPI,Polymeric Amines,1000.0,50.0,11.627906976744187,0,,0,,800.0,1.0,70.0,300.0,0.4,60.0,0.0,400 ppm,0.04,100 mL/min,100.0,N2,35.0,TGA,1.25 mmol/g,1.25,0.16 mmol/mmol,0.16,,,,,,,,,N2,110.0,18.0,,,,,,,,,,,,,qwen3-max,DAC_prompt_SCaSE
SBA-15_LPPI_50%_SBA-15_50%LPPI__T25_Volumetric_0.3Torr,SBA-15_LPPI_50%,10.1002/cssc.201800438,042.pdf-id_comprehensive_extraction.json,SBA-15,Porous Silica Materials,LPPI,Polymeric Amines,1000.0,50.0,11.627906976744187,0,,0,,800.0,1.0,70.0,300.0,0.4,60.0,0.0,0.3 Torr,0.04,,,N2,25.0,BTC,0.95 mmol/g,0.95,0.12 mmol/mmol,0.12,,,,,,,,,,,,,,,,,,,,,,,,qwen3-max,DAC_prompt_SCaSE
SBA-15_LPPI_50%_SBA-15_50%LPPI__T35_Volumetric_0.3Torr,SBA-15_LPPI_50%,10.1002/cssc.201800438,042.pdf-id_comprehensive_extraction.json,SBA-15,Porous Silica Materials,LPPI,Polymeric Amines,1000.0,50.0,11.627906976744187,0,,0,,800.0,1.0,70.0,300.0,0.4,60.0,0.0,0.3 Torr,0.04,,,N2,35.0,BTC,0.85 mmol/g,0.85,0.11 mmol/mmol,0.11,,,,,,,,,,,,,,,,,,,,,,,,qwen3-max,DAC_prompt_SCaSE
SBA-15_LPPI_50%_SBA-15_50%LPPI__T55_Volumetric_76Torr,SBA-15_LPPI_50%,10.1002/cssc.201800438,042.pdf-id_comprehensive_extraction.json,SBA-15,Porous Silica Materials,LPPI,Polymeric Amines,1000.0,50.0,11.627906976744187,0,,0,,800.0,1.0,70.0,300.0,0.4,60.0,0.0,76 Torr,10.0,,,N2,55.0,BTC,1.95 mmol/g,1.95,0.25 mmol/mmol,0.25,,,,,,,,,,,,,,,,,,,,,,,,qwen3-max,DAC_prompt_SCaSE
SBA-15_LPPI_50%_SBA-15_50%LPPI__T75_Volumetric_760Torr,SBA-15_LPPI_50%,10.1002/cssc.201800438,042.pdf-id_comprehensive_extraction.json,SBA-15,Porous Silica Materials,LPPI,Polymeric Amines,1000.0,50.0,11.627906976744187,0,,0,,800.0,1.0,70.0,300.0,0.4,60.0,0.0,760 Torr,100.0,,,N2,75.0,BTC,2.5 mmol/g,2.5,0.32 mmol/mmol,0.32,105.0,,,,,,,,,,,,,,,,,,,,,,,qwen3-max,DAC_prompt_SCaSE
SBA-15_LPPI_50%_SBA-15_50%LPPI__T35_BTC_400ppmCO2_1hCycle,SBA-15_LPPI_50%,10.1002/cssc.201800438,042.pdf-id_comprehensive_extraction.json,SBA-15,Porous Silica Materials,LPPI,Polymeric Amines,1000.0,50.0,11.627906976744187,0,,0,,800.0,1.0,70.0,300.0,0.4,60.0,0.0,400 ppm,0.04,100 mL/min,100.0,N2,35.0,BTC,0.76 mmol/g,0.76,0.10 mmol/mmol,0.1,,220.0,450.0,Fixed-Bed Breakthrough Testing,M/M₀,"[[0, 0.0], [100, 0.68], [200, 0.86], [300, 0.93], [400, 0.96], [500, 0.97], [600, 0.97]]","min, dimensionless","['~220 min', '~450 min']",N2,110.0,10.0,,0.0,Cyclic CO2 profile,CO₂ Adsorbed (mmol/g),"[[1, 0.76], [10, 0.76], [20, 0.76], [30, 0.76], [40, 0.76], [50, 0.76]]",mmol/g,50.0,,,,,,qwen3-max,DAC_prompt_SCaSE
SBA-15_LPPI_700g/mol_50%_SBA-15_50%LPPI700__T35_TGA_400ppmCO2,SBA-15_LPPI_700g/mol_50%,10.1002/cssc.201800438,042.pdf-id_comprehensive_extraction.json,SBA-15,Porous Silica Materials,LPPI,Polymeric Amines,700.0,50.0,11.627906976744187,0,,0,,,,,,,,0.0,400 ppm,0.04,100 mL/min,100.0,N2,35.0,TGA,1.20 mmol/g,1.2,0.16 mmol/mmol,0.16,,,,,,,,,N2,110.0,18.0,,,,,,,,,,,,,qwen3-max,DAC_prompt_SCaSE
SBA-15_LPPI_700g/mol_50%_SBA-15_50%LPPI700_Oxidized_T35_TGA_400ppmCO2,SBA-15_LPPI_700g/mol_50%,10.1002/cssc.201800438,042.pdf-id_comprehensive_extraction.json,SBA-15,Porous Silica Materials,LPPI,Polymeric Amines,700.0,50.0,11.627906976744187,0,,0,,,,,,,,0.0,400 ppm,0.04,100 mL/min,100.0,N2,35.0,TGA,0.78 mmol/g,0.78,0.104 mmol/mmol,0.104,,,,,,,,,Air,110.0,24.0,,35.0,,,,,,,,,,,qwen3-max,DAC_prompt_SCaSE
SBA-15_LPPI_6700g/mol_50%_SBA-15_50%LPPI6700__T35_TGA_400ppmCO2,SBA-15_LPPI_6700g/mol_50%,10.1002/cssc.201800438,042.pdf-id_comprehensive_extraction.json,SBA-15,Porous Silica Materials,LPPI,Polymeric Amines,6700.0,50.0,11.627906976744187,0,,0,,,,,,,,0.0,400 ppm,0.04,100 mL/min,100.0,N2,35.0,TGA,1.15 mmol/g,1.15,0.145 mmol/mmol,0.145,,,,,,,,,N2,110.0,18.0,,,,,,,,,,,,,qwen3-max,DAC_prompt_SCaSE
SBA-15_LPPI_6700g/mol_50%_SBA-15_50%LPPI6700_Oxidized_T35_TGA_400ppmCO2,SBA-15_LPPI_6700g/mol_50%,10.1002/cssc.201800438,042.pdf-id_comprehensive_extraction.json,SBA-15,Porous Silica Materials,LPPI,Polymeric Amines,6700.0,50.0,11.627906976744187,0,,0,,,,,,,,0.0,400 ppm,0.04,100 mL/min,100.0,N2,35.0,TGA,0.96 mmol/g,0.96,0.12 mmol/mmol,0.12,,,,,,,,,Air,110.0,24.0,,17.0,,,,,,,,,,,qwen3-max,DAC_prompt_SCaSE
SBA-15_LPPI_36000g/mol_50%_SBA-15_50%LPPI36000__T35_TGA_400ppmCO2,SBA-15_LPPI_36000g/mol_50%,10.1002/cssc.201800438,042.pdf-id_comprehensive_extraction.json,SBA-15,Porous Silica Materials,LPPI,Polymeric Amines,36000.0,50.0,11.627906976744187,0,,0,,,,,,,,0.0,400 ppm,0.04,100 mL/min,100.0,N2,35.0,TGA,1.10 mmol/g,1.1,0.13 mmol/mmol,0.13,,,,,,,,,N2,110.0,18.0,,,,,,,,,,,,,qwen3-max,DAC_prompt_SCaSE
SBA-15_LPPI_36000g/mol_50%_SBA-15_50%LPPI36000_Oxidized_T35_TGA_400ppmCO2,SBA-15_LPPI_36000g/mol_50%,10.1002/cssc.201800438,042.pdf-id_comprehensive_extraction.json,SBA-15,Porous Silica Materials,LPPI,Polymeric Amines,36000.0,50.0,11.627906976744187,0,,0,,,,,,,,0.0,400 ppm,0.04,100 mL/min,100.0,N2,35.0,TGA,0.92 mmol/g,0.92,0.108 mmol/mmol,0.108,,,,,,,,,Air,110.0,24.0,,17.0,,,,,,,,,,,qwen3-max,DAC_prompt_SCaSE
SBA-15_LPEI_2500g/mol_50%_SBA-15_50%LPEI2500__T35_TGA_400ppmCO2,SBA-15_LPEI_2500g/mol_50%,10.1002/cssc.201800438,042.pdf-id_comprehensive_extraction.json,SBA-15,Porous Silica Materials,LPEI,Polymeric Amines,2500.0,50.0,11.627906976744187,0,,0,,,,,,,,0.0,400 ppm,0.04,100 mL/min,100.0,N2,35.0,TGA,0.85 mmol/g,0.85,0.11 mmol/mmol,0.11,,,,,,,,,N2,110.0,18.0,,,,,,,,,,,,,qwen3-max,DAC_prompt_SCaSE
SBA-15_LPEI_2500g/mol_50%_SBA-15_50%LPEI2500_Oxidized_T35_TGA_400ppmCO2,SBA-15_LPEI_2500g/mol_50%,10.1002/cssc.201800438,042.pdf-id_comprehensive_extraction.json,SBA-15,Porous Silica Materials,LPEI,Polymeric Amines,2500.0,50.0,11.627906976744187,0,,0,,,,,,,,0.0,400 ppm,0.04,100 mL/min,100.0,N2,35.0,TGA,0.17 mmol/g,0.17,0.022 mmol/mmol,0.022,,,,,,,,,Air,110.0,24.0,,80.0,,,,,,,,,,,qwen3-max,DAC_prompt_SCaSE
SBA-15_LPEI_25000g/mol_50%_SBA-15_50%LPEI25000__T35_TGA_400ppmCO2,SBA-15_LPEI_25000g/mol_50%,10.1002/cssc.201800438,042.pdf-id_comprehensive_extraction.json,SBA-15,Porous Silica Materials,LPEI,Polymeric Amines,25000.0,50.0,11.627906976744187,0,,0,,,,,,,,0.0,400 ppm,0.04,100 mL/min,100.0,N2,35.0,TGA,0.80 mmol/g,0.8,0.10 mmol/mmol,0.1,,,,,,,,,N2,110.0,18.0,,,,,,,,,,,,,qwen3-max,DAC_prompt_SCaSE
SBA-15_LPEI_25000g/mol_50%_SBA-15_50%LPEI25000_Oxidized_T35_TGA_400ppmCO2,SBA-15_LPEI_25000g/mol_50%,10.1002/cssc.201800438,042.pdf-id_comprehensive_extraction.json,SBA-15,Porous Silica Materials,LPEI,Polymeric Amines,25000.0,50.0,11.627906976744187,0,,0,,,,,,,,0.0,400 ppm,0.04,100 mL/min,100.0,N2,35.0,TGA,0.24 mmol/g,0.24,0.03 mmol/mmol,0.03,,,,,,,,,Air,110.0,24.0,,70.0,,,,,,,,,,,qwen3-max,DAC_prompt_SCaSE
SBA-15_TPTA_50%_SBA-15_50%TPTA__T35_TGA_400ppmCO2,SBA-15_TPTA_50%,10.1002/cssc.201800438,042.pdf-id_comprehensive_extraction.json,SBA-15,Porous Silica Materials,TPTA,Small-Molecule Polyamines,188.0,50.0,11.627906976744187,0,,0,,,,,,,,0.0,400 ppm,0.04,100 mL/min,100.0,N2,35.0,TGA,1.30 mmol/g,1.3,0.18 mmol/mmol,0.18,,,,,,,,,N2,110.0,18.0,,,,,,,,,,,,,qwen3-max,DAC_prompt_SCaSE
MCF_LPPI_14mmolN/g_MCF_LPPI1000_14mmolN_g__T35_TGA_400ppmCO2,MCF_LPPI_14mmolN/g,10.1002/cssc.201800438,042.pdf-id_comprehensive_extraction.json,MCF,Porous Silica Materials,LPPI,Polymeric Amines,1000.0,,,0,,0,,,,,,,,0.0,400 ppm,0.04,100 mL/min,100.0,N2,35.0,TGA,1.33 mmol/g,1.33,0.17 mmol/mmol,0.17,,,,,,,,,N2,110.0,18.0,,,,,,,,,,,,,qwen3-max,DAC_prompt_SCaSE
SBA-15_bare_SBA-15_bare_N2_77K,SBA-15_bare,10.1002/cssc.201800438,042.pdf-id_comprehensive_extraction.json,SBA-15,Porous Silica Materials,0,,,,,0,,0,,800.0,1.0,70.0,,,,0.0,,,,,,77.0,BTC,,,,,,,,,,,,,,,,,,,,,,,,,,,,qwen3-max,DAC_prompt_SCaSE
Silica_aerogel_PZ_82%_Silica_aerogel_82%PZ__T25_TGA_200ppmCO2,Silica_aerogel_PZ_82%,10.1016/j.cherd.2023.09.015,043.pdf-id_comprehensive_extraction.json,Silica aerogel,Porous Silica Materials,PZ,Small-Molecule Polyamines,86.14,82.0,19.069767441860467,0,,0,,1608.0,3.963,9.9,1124.0,2.701,9.6,0.0,200 ppm,200.0,40 mL/min,40.0,,25.0,TGA,1.16 mmol/g,1.16,,,,2.8571428571428577,8.500000000000009,TG Curve/ CO2 adsorption profile,CO₂ adsorbed amount (mmol/g),"[[0.0, 0.0], [5.0, 0.98], [10.0, 1.02], [15.0, 1.05], [20.0, 1.07], [25.0, 1.08], [30.0, 1.09], [40.0, 1.1], [50.0, 1.11], [60.0, 1.12]]","Time (min), CO₂ adsorbed amount (mmol/g)","['-', '-']",,,,,,,,,,,,,,,,qwen3-max,DAC_prompt_SCaSE
Silica_aerogel_PZ_82%_Silica_aerogel_82%PZ__T25_TGA_200ppmCO2_cyclic_TSA,Silica_aerogel_PZ_82%,10.1016/j.cherd.2023.09.015,043.pdf-id_comprehensive_extraction.json,Silica aerogel,Porous Silica Materials,PZ,Small-Molecule Polyamines,86.14,82.0,19.069767441860467,0,,0,,1608.0,3.963,9.9,1124.0,2.701,9.6,0.0,200 ppm,200.0,40 mL/min,40.0,,25.0,TGA,1.3 mmol/g,1.3,,,,550.0,592.962962962963,TG Curve/ CO2 adsorption profile,Weight (%),"[[400, 105.8], [500, 100.2], [600, 105.6], [700, 100.1], [800, 105.5], [900, 100.0], [1000, 105.4], [1100, 100.0], [1200, 105.3], [1300, 100.0]]","Time (min), Weight (%)","['-', '-']",CO2,120.0,30.0,,,Cyclic CO2 profile,Adsorbed CO₂ amount (mmol/g),"[[2, 1.28], [4, 1.3], [6, 1.32], [8, 1.31], [10, 1.29], [12, 1.3], [14, 1.28], [16, 1.29], [18, 1.18], [20, 1.15], [22, 1.33], [24, 1.32]]",mmol/g,24.0,,,,,,qwen3-max,DAC_prompt_SCaSE
Silica_aerogel_PZ_82%_Silica_aerogel_82%PZ__T25_TGA_200ppmCO2_after_oxidation,Silica_aerogel_PZ_82%,10.1016/j.cherd.2023.09.015,043.pdf-id_comprehensive_extraction.json,Silica aerogel,Porous Silica Materials,PZ,Small-Molecule Polyamines,86.14,82.0,19.069767441860467,0,,0,,1608.0,3.963,9.9,1124.0,2.701,9.6,0.0,200 ppm,200.0,40 mL/min,40.0,,25.0,TGA,1.6 mmol/g,1.6,,,,1.9058823529411768,7.266666666666672,TG Curve/ CO2 adsorption profile,CO₂ adsorbed amount (mmol/g),"[[0.0, 0.0], [2.0, 0.85], [4.0, 1.25], [6.0, 1.42], [8.0, 1.48], [10.0, 1.51], [15.0, 1.54], [20.0, 1.56], [30.0, 1.58], [60.0, 1.62]]","Time (min), CO₂ adsorbed amount (mmol/g)","['-', '-']",,,,,,,,,,,,,,,,qwen3-max,DAC_prompt_SCaSE
Silica_aerogel_PZ_82%_Silica_aerogel_82%PZ__T25_TGA_200ppmCO2_pre_H2O,Silica_aerogel_PZ_82%,10.1016/j.cherd.2023.09.015,043.pdf-id_comprehensive_extraction.json,Silica aerogel,Porous Silica Materials,PZ,Small-Molecule Polyamines,86.14,82.0,19.069767441860467,0,,0,,1608.0,3.963,9.9,1124.0,2.701,9.6,0.0,200 ppm,200.0,40 mL/min,40.0,,25.0,TGA,0.79 mmol/g,0.79,,,,1.2000000000000002,4.5714285714285765,TG Curve/ CO2 adsorption profile,CO₂ adsorbed amount (mmol/g),"[[0.0, 0.0], [2.0, 0.75], [5.0, 0.82], [10.0, 0.85], [20.0, 0.87], [30.0, 0.88], [40.0, 0.89], [50.0, 0.9], [55.0, 0.9], [60.0, 0.9]]","Time (min), CO₂ adsorbed amount (mmol/g)","['-', '-']",,,,,,,,,,,,,,,,qwen3-max,DAC_prompt_SCaSE
HP20_bare_HP20_bare_T25_TGA_1bar_pure_CO2,HP20_bare,10.1021/ie400538x,044.pdf-id_comprehensive_extraction.json,HP20,Porous Organic Polymers (POPs),0,,,,,0,,0,,597.0,1.42,58.0,,,,0.0,100 vol%,100.0,60 mL/min,60.0,,25.0,TGA,,,,,,,,,,,,,,,,,,,,,,,,,,,,qwen3-max,DAC_prompt_SCaSE
HP20_PEI_30%_HP20_30%PEI__T25_TGA_1bar_pure_CO2,HP20_PEI_30%,10.1021/ie400538x,044.pdf-id_comprehensive_extraction.json,HP20,Porous Organic Polymers (POPs),PEI,Polymeric Amines,600.0,30.0,6.976744186046512,0,,0,,76.0,0.62,32.63157894736842,,,,0.0,100 vol%,100.0,60 mL/min,60.0,,25.0,TGA,102 mg/g,2.32,0.325 mmol/mmol,0.325,,,,,,,,,,,,,,,,,,,,,,,,qwen3-max,DAC_prompt_SCaSE
HP20_PEI_30%_HP20_30%PEI__T75_TGA_1bar_pure_CO2,HP20_PEI_30%,10.1021/ie400538x,044.pdf-id_comprehensive_extraction.json,HP20,Porous Organic Polymers (POPs),PEI,Polymeric Amines,600.0,30.0,6.976744186046512,0,,0,,76.0,0.62,32.63157894736842,,,,0.0,100 vol%,100.0,60 mL/min,60.0,,75.0,TGA,100 mg/g,2.27,0.285 mmol/mmol,0.285,,,,,,,,,,,,,,,,,,,,,,,,qwen3-max,DAC_prompt_SCaSE
HP20_PEI_35%_HP20_35%PEI__T25_TGA_1bar_pure_CO2,HP20_PEI_35%,10.1021/ie400538x,044.pdf-id_comprehensive_extraction.json,HP20,Porous Organic Polymers (POPs),PEI,Polymeric Amines,600.0,35.0,8.13953488372093,0,,0,,,,,,,,0.0,100 vol%,100.0,60 mL/min,60.0,,25.0,TGA,115 mg/g,2.61,0.340 mmol/mmol,0.34,,,,,,,,,,,,,,,,,,,,,,,,qwen3-max,DAC_prompt_SCaSE
HP20_PEI_35%_HP20_35%PEI__T75_TGA_1bar_pure_CO2,HP20_PEI_35%,10.1021/ie400538x,044.pdf-id_comprehensive_extraction.json,HP20,Porous Organic Polymers (POPs),PEI,Polymeric Amines,600.0,35.0,8.13953488372093,0,,0,,,,,,,,0.0,100 vol%,100.0,60 mL/min,60.0,,75.0,TGA,108 mg/g,2.45,0.290 mmol/mmol,0.29,,,,,,,,,,,,,,,,,,,,,,,,qwen3-max,DAC_prompt_SCaSE
HP20_PEI_40%_HP20_40%PEI__T25_TGA_1bar_pure_CO2,HP20_PEI_40%,10.1021/ie400538x,044.pdf-id_comprehensive_extraction.json,HP20,Porous Organic Polymers (POPs),PEI,Polymeric Amines,600.0,40.0,9.30232558139535,0,,0,,39.8,0.54,54.2713567839196,,,,0.0,100 vol%,100.0,60 mL/min,60.0,,25.0,TGA,130 mg/g,2.95,0.345 mmol/mmol,0.345,,,,,,,,,,,,,,,,,,,,,,,,qwen3-max,DAC_prompt_SCaSE
HP20_PEI_40%_HP20_40%PEI__T75_TGA_1bar_pure_CO2,HP20_PEI_40%,10.1021/ie400538x,044.pdf-id_comprehensive_extraction.json,HP20,Porous Organic Polymers (POPs),PEI,Polymeric Amines,600.0,40.0,9.30232558139535,0,,0,,39.8,0.54,54.2713567839196,,,,0.0,100 vol%,100.0,60 mL/min,60.0,,75.0,TGA,122 mg/g,2.77,0.295 mmol/mmol,0.295,,,,,,,,,,,,,,,,,,,,,,,,qwen3-max,DAC_prompt_SCaSE
HP20_PEI_45%_HP20_45%PEI__T25_TGA_1bar_pure_CO2,HP20_PEI_45%,10.1021/ie400538x,044.pdf-id_comprehensive_extraction.json,HP20,Porous Organic Polymers (POPs),PEI,Polymeric Amines,600.0,45.0,10.465116279069768,0,,0,,31.2,0.42,53.84615384615385,,,,0.0,100 vol%,100.0,60 mL/min,60.0,,25.0,TGA,148 mg/g,3.36,0.345 mmol/mmol,0.345,,,,,,,,,,,,,,,,,,,,,,,,qwen3-max,DAC_prompt_SCaSE
HP20_PEI_45%_HP20_45%PEI__T75_TGA_1bar_pure_CO2,HP20_PEI_45%,10.1021/ie400538x,044.pdf-id_comprehensive_extraction.json,HP20,Porous Organic Polymers (POPs),PEI,Polymeric Amines,600.0,45.0,10.465116279069768,0,,0,,31.2,0.42,53.84615384615385,,,,0.0,100 vol%,100.0,60 mL/min,60.0,,75.0,TGA,140 mg/g,3.18,0.295 mmol/mmol,0.295,,,,,,,,,,,,,,,,,,,,,,,,qwen3-max,DAC_prompt_SCaSE
HP20_PEI_50%_HP20_50%PEI__T25_TGA_1bar_pure_CO2,HP20_PEI_50%,10.1021/ie400538x,044.pdf-id_comprehensive_extraction.json,HP20,Porous Organic Polymers (POPs),PEI,Polymeric Amines,600.0,50.0,11.627906976744187,0,,0,,21.7,0.3,55.29953917050691,,,,0.0,100 vol%,100.0,60 mL/min,60.0,,25.0,TGA,181 mg/g,4.11,0.345 mmol/mmol,0.345,,2.954545454545455,18.6875,TG Curve/ CO2 adsorption profile,CO₂ adsorbed (mg/g sorbent),"[[0.0, 0.0], [0.5, 28.0], [2.0, 65.0], [5.0, 98.0], [10.0, 122.0], [20.0, 138.0], [30.0, 145.0], [40.0, 148.0], [50.0, 150.0], [60.0, 151.0]]","min, mg/g","['-', '-']",,,,,,,,,,,,,,,,qwen3-max,DAC_prompt_SCaSE
HP20_PEI_50%_HP20_50%PEI__T40_TGA_1bar_pure_CO2,HP20_PEI_50%,10.1021/ie400538x,044.pdf-id_comprehensive_extraction.json,HP20,Porous Organic Polymers (POPs),PEI,Polymeric Amines,600.0,50.0,11.627906976744187,0,,0,,21.7,0.3,55.29953917050691,,,,0.0,100 vol%,100.0,60 mL/min,60.0,,40.0,TGA,180.8 mg/g,4.11,,,,2.454545454545455,17.571428571428577,TG Curve/ CO2 adsorption profile,CO₂ adsorbed (mg/g sorbent),"[[0.0, 0.0], [0.5, 32.0], [2.0, 72.0], [5.0, 105.0], [10.0, 128.0], [20.0, 142.0], [30.0, 148.0], [40.0, 151.0], [50.0, 153.0], [60.0, 154.0]]","min, mg/g","['-', '-']",,,,,,,,,,,,,,,,qwen3-max,DAC_prompt_SCaSE
HP20_PEI_50%_HP20_50%PEI__T60_TGA_1bar_pure_CO2,HP20_PEI_50%,10.1021/ie400538x,044.pdf-id_comprehensive_extraction.json,HP20,Porous Organic Polymers (POPs),PEI,Polymeric Amines,600.0,50.0,11.627906976744187,0,,0,,21.7,0.3,55.29953917050691,,,,0.0,100 vol%,100.0,60 mL/min,60.0,,60.0,TGA,170.6 mg/g,3.88,,,,1.9107142857142856,14.58333333333334,TG Curve/ CO2 adsorption profile,CO₂ adsorbed (mg/g sorbent),"[[0.0, 0.0], [0.5, 38.0], [2.0, 80.0], [5.0, 112.0], [10.0, 134.0], [20.0, 146.0], [30.0, 150.0], [40.0, 152.0], [50.0, 154.0], [60.0, 155.0]]","min, mg/g","['-', '-']",,,,,,,,,,,,,,,,qwen3-max,DAC_prompt_SCaSE
HP20_PEI_50%_HP20_50%PEI__T75_TGA_1bar_pure_CO2,HP20_PEI_50%,10.1021/ie400538x,044.pdf-id_comprehensive_extraction.json,HP20,Porous Organic Polymers (POPs),PEI,Polymeric Amines,600.0,50.0,11.627906976744187,0,,0,,21.7,0.3,55.29953917050691,,,,0.0,100 vol%,100.0,60 mL/min,60.0,,75.0,TGA,159.6 mg/g,3.63,0.295 mmol/mmol,0.295,,1.738372093023256,13.181818181818183,TG Curve/ CO2 adsorption profile,CO₂ adsorbed (mg/g sorbent),"[[0.0, 0.0], [0.5, 42.0], [2.0, 85.0], [5.0, 116.0], [10.0, 136.0], [20.0, 147.0], [30.0, 150.0], [40.0, 152.0], [50.0, 154.0], [60.0, 155.0]]","min, mg/g","['-', '-']",,,,,,,,,,,,,,,,qwen3-max,DAC_prompt_SCaSE
HP20_PEI_50%_HP20_50%PEI__T90_TGA_1bar_pure_CO2,HP20_PEI_50%,10.1021/ie400538x,044.pdf-id_comprehensive_extraction.json,HP20,Porous Organic Polymers (POPs),PEI,Polymeric Amines,600.0,50.0,11.627906976744187,0,,0,,21.7,0.3,55.29953917050691,,,,0.0,100 vol%,100.0,60 mL/min,60.0,,90.0,TGA,140.2 mg/g,3.19,,,,1.5813953488372092,9.947368421052634,TG Curve/ CO2 adsorption profile,CO₂ adsorbed (mg/g sorbent),"[[0.0, 0.0], [0.5, 45.0], [2.0, 88.0], [5.0, 118.0], [10.0, 137.0], [20.0, 147.0], [30.0, 149.0], [40.0, 150.0], [50.0, 151.0], [60.0, 152.0]]","min, mg/g","['-', '-']",,,,,,,,,,,,,,,,qwen3-max,DAC_prompt_SCaSE
HP20_PEI_50%_HP20_50%PEI__T75_TGA_0.15bar_15pct_CO2,HP20_PEI_50%,10.1021/ie400538x,044.pdf-id_comprehensive_extraction.json,HP20,Porous Organic Polymers (POPs),PEI,Polymeric Amines,600.0,50.0,11.627906976744187,0,,0,,21.7,0.3,55.29953917050691,,,,0.0,15 vol%,15.0,60 mL/min,60.0,,75.0,TGA,129.7 mg/g,2.95,,,,,,,,,,,N2,100.0,30.0,,,Cyclic CO2 profile,CO₂ adsorbed (mg/g),"[[1, 132.0], [2, 130.5], [3, 129.0], [4, 128.5], [5, 128.0]]",mg/g,5.0,,,,,,qwen3-max,DAC_prompt_SCaSE
HP20_PEI_50%_HP20_50%PEI__T25_BTC_400ppm_CO2,HP20_PEI_50%,10.1021/ie400538x,044.pdf-id_comprehensive_extraction.json,HP20,Porous Organic Polymers (POPs),PEI,Polymeric Amines,600.0,50.0,11.627906976744187,0,,0,,21.7,0.3,55.29953917050691,,,,0.0,400 ppm,0.04,100 mL/min,100.0,,25.0,BTC,99.3 mg/g,2.26,,,,,,,,,,,,,,,,Cyclic CO2 profile,CO₂ adsorbed (mg/g),"[[1, 99.0], [2, 100.5], [3, 95.0], [4, 99.5], [5, 98.5]]",mg/g,5.0,,,,,,qwen3-max,DAC_prompt_SCaSE
HP20_PEI_55%_HP20_55%PEI__T25_TGA_1bar_pure_CO2,HP20_PEI_55%,10.1021/ie400538x,044.pdf-id_comprehensive_extraction.json,HP20,Porous Organic Polymers (POPs),PEI,Polymeric Amines,600.0,55.0,12.790697674418606,0,,0,,10.3,0.2,77.66990291262135,,,,0.0,100 vol%,100.0,60 mL/min,60.0,,25.0,TGA,110 mg/g,2.5,0.215 mmol/mmol,0.215,,,,,,,,,,,,,,,,,,,,,,,,qwen3-max,DAC_prompt_SCaSE
HP20_PEI_55%_HP20_55%PEI__T75_TGA_1bar_pure_CO2,HP20_PEI_55%,10.1021/ie400538x,044.pdf-id_comprehensive_extraction.json,HP20,Porous Organic Polymers (POPs),PEI,Polymeric Amines,600.0,55.0,12.790697674418606,0,,0,,10.3,0.2,77.66990291262135,,,,0.0,100 vol%,100.0,60 mL/min,60.0,,75.0,TGA,112 mg/g,2.55,0.205 mmol/mmol,0.205,,,,,,,,,,,,,,,,,,,,,,,,qwen3-max,DAC_prompt_SCaSE
MCF_PEI_50%_MCF_50%PEI__T75_BTC_10%CO2,MCF_PEI_50%,10.1016/j.cej.2015.10.015,045.pdf-id_comprehensive_extraction.json,MCF,Porous Silica Materials,PEI,Polymeric Amines,800.0,50.02,11.63,0,,0,,98.87,0.86,34.19,,,,0.0,10 vol%,10.0,100 mL/min,100.0,,75.0,BTC,2.73 mmol/g,2.73,0.23 mmol/mmol,0.23,,0.5,1.4750000000000003,Fixed-Bed Breakthrough Testing,CO₂ adsorption capacity in mmol/g of dry adsorbent,"[[0.0, 0.0], [0.5, 2.1], [1.0, 3.4], [1.5, 3.8], [2.0, 4.0], [2.5, 4.1], [3.0, 4.15], [3.5, 4.18], [4.0, 4.2], [5.0, 4.2]]","min, mmol/g","['-', '-']",,,,,,,,,,,,,,,,qwen3-max,DAC_prompt_SCaSE
MCF_PEI_50%_MCF_50%PEI__T75_BTC_95%CO2,MCF_PEI_50%,10.1016/j.cej.2015.10.015,045.pdf-id_comprehensive_extraction.json,MCF,Porous Silica Materials,PEI,Polymeric Amines,800.0,50.02,11.63,0,,0,,98.87,0.86,34.19,,,,0.0,95 vol%,95.0,100 mL/min,100.0,,75.0,BTC,3.6 mmol/g,3.6,,,,,,,,,,,,,,,,,,,,,,,,,,qwen3-max,DAC_prompt_SCaSE
MCF_PEI_60%_MCF_60%PEI__T75_BTC_10%CO2,MCF_PEI_60%,10.1016/j.cej.2015.10.015,045.pdf-id_comprehensive_extraction.json,MCF,Porous Silica Materials,PEI,Polymeric Amines,800.0,59.59,13.95,0,,0,,52.12,0.55,33.4,,,,0.0,10 vol%,10.0,100 mL/min,100.0,,75.0,BTC,3.41 mmol/g,3.41,0.24 mmol/mmol,0.24,,0.5909090909090909,1.65,Fixed-Bed Breakthrough Testing,CO₂ adsorption capacity in mmol/g of dry adsorbent,"[[0.0, 0.0], [0.5, 1.5], [1.0, 2.6], [1.5, 3.0], [2.0, 3.2], [2.5, 3.3], [3.0, 3.35], [3.5, 3.38], [4.0, 3.4], [5.0, 3.4]]","min, mmol/g","['-', '-']",,,,,,,,,,,,,,,,qwen3-max,DAC_prompt_SCaSE
MCF_PEI_60%_MCF_60%PEI__T75_BTC_95%CO2,MCF_PEI_60%,10.1016/j.cej.2015.10.015,045.pdf-id_comprehensive_extraction.json,MCF,Porous Silica Materials,PEI,Polymeric Amines,800.0,59.59,13.95,0,,0,,52.12,0.55,33.4,,,,0.0,95 vol%,95.0,100 mL/min,100.0,,75.0,BTC,4.5 mmol/g,4.5,,,,,,,,,,,,,,,,,,,,,,,,,,qwen3-max,DAC_prompt_SCaSE
MCF_PEI_70%_MCF_70%PEI__T25_BTC_10%CO2_dry_t10min,MCF_PEI_70%,10.1016/j.cej.2015.10.015,045.pdf-id_comprehensive_extraction.json,MCF,Porous Silica Materials,PEI,Polymeric Amines,800.0,70.67,16.28,0,,0,,31.02,0.3,6.14,,,,0.0,10 vol%,10.0,100 mL/min,100.0,,25.0,BTC,2.22 mmol/g,2.22,0.14 mmol/mmol,0.14,,,,,,,,,,,,,,,,,,,,,,,,qwen3-max,DAC_prompt_SCaSE
MCF_PEI_70%_MCF_70%PEI__T25_BTC_10%CO2_humid_t10min,MCF_PEI_70%,10.1016/j.cej.2015.10.015,045.pdf-id_comprehensive_extraction.json,MCF,Porous Silica Materials,PEI,Polymeric Amines,800.0,70.67,16.28,0,,0,,31.02,0.3,6.14,,,,15.9,10 vol%,10.0,100 mL/min,100.0,,25.0,BTC,3.27 mmol/g,3.27,0.20 mmol/mmol,0.2,,,,,,,,,,,,,,,,,,,,,,,,qwen3-max,DAC_prompt_SCaSE
MCF_PEI_70%_MCF_70%PEI__T40_BTC_10%CO2_dry_t10min,MCF_PEI_70%,10.1016/j.cej.2015.10.015,045.pdf-id_comprehensive_extraction.json,MCF,Porous Silica Materials,PEI,Polymeric Amines,800.0,70.67,16.28,0,,0,,31.02,0.3,6.14,,,,0.0,10 vol%,10.0,100 mL/min,100.0,,40.0,BTC,2.69 mmol/g,2.69,0.17 mmol/mmol,0.17,,,,,,,,,,,,,,,,,,,,,,,,qwen3-max,DAC_prompt_SCaSE
MCF_PEI_70%_MCF_70%PEI__T40_BTC_10%CO2_humid_t10min,MCF_PEI_70%,10.1016/j.cej.2015.10.015,045.pdf-id_comprehensive_extraction.json,MCF,Porous Silica Materials,PEI,Polymeric Amines,800.0,70.67,16.28,0,,0,,31.02,0.3,6.14,,,,8.2,10 vol%,10.0,100 mL/min,100.0,,40.0,BTC,3.88 mmol/g,3.88,0.24 mmol/mmol,0.24,,,,,,,,,,,,,,,,,,,,,,,,qwen3-max,DAC_prompt_SCaSE
MCF_PEI_70%_MCF_70%PEI__T60_BTC_10%CO2_dry_t10min,MCF_PEI_70%,10.1016/j.cej.2015.10.015,045.pdf-id_comprehensive_extraction.json,MCF,Porous Silica Materials,PEI,Polymeric Amines,800.0,70.67,16.28,0,,0,,31.02,0.3,6.14,,,,0.0,10 vol%,10.0,100 mL/min,100.0,,60.0,BTC,3.38 mmol/g,3.38,0.21 mmol/mmol,0.21,,,,,,,,,,,,,,,,,,,,,,,,qwen3-max,DAC_prompt_SCaSE
MCF_PEI_70%_MCF_70%PEI__T60_BTC_10%CO2_humid_t10min,MCF_PEI_70%,10.1016/j.cej.2015.10.015,045.pdf-id_comprehensive_extraction.json,MCF,Porous Silica Materials,PEI,Polymeric Amines,800.0,70.67,16.28,0,,0,,31.02,0.3,6.14,,,,4.6,10 vol%,10.0,100 mL/min,100.0,,60.0,BTC,4.19 mmol/g,4.19,0.26 mmol/mmol,0.26,,,,,,,,,,,,,,,,,,,,,,,,qwen3-max,DAC_prompt_SCaSE
MCF_PEI_70%_MCF_70%PEI__T75_BTC_10%CO2_dry_t10min,MCF_PEI_70%,10.1016/j.cej.2015.10.015,045.pdf-id_comprehensive_extraction.json,MCF,Porous Silica Materials,PEI,Polymeric Amines,800.0,70.67,16.28,0,,0,,31.02,0.3,6.14,,,,0.0,10 vol%,10.0,100 mL/min,100.0,,75.0,BTC,3.95 mmol/g,3.95,0.24 mmol/mmol,0.24,,0.8325,1.895,Fixed-Bed Breakthrough Testing; TG Curve/ CO2 adsorption profile,CO₂ adsorption capacity in mmol/g of dry adsorbent; CO₂ adsorption capacity in mmol/g of dry adsorbent,"[[0.0, 0.0], [0.5, 0.8], [1.0, 1.8], [1.5, 2.4], [2.0, 2.7], [2.5, 2.85], [3.0, 2.9], [3.5, 2.92], [4.0, 2.93], [5.0, 2.93]]; [[0.0, 0.0], [1.0, 2.1], [2.0, 3.4], [3.0, 3.8], [4.0, 4.0], [4.5, 4.05], [5.0, 4.05], [5.5, 3.6], [6.0, 3.0], [7.0, 1.8], [8.0, 0.9], [9.0, 0.4], [10.0, 0.1]]","min, mmol/g; min, mmol/g","['-', '-']; ['-', '-']",,,,,,,,,,,,,,,,qwen3-max,DAC_prompt_SCaSE
MCF_PEI_70%_MCF_70%PEI__T75_BTC_10%CO2_humid_t10min,MCF_PEI_70%,10.1016/j.cej.2015.10.015,045.pdf-id_comprehensive_extraction.json,MCF,Porous Silica Materials,PEI,Polymeric Amines,800.0,70.67,16.28,0,,0,,31.02,0.3,6.14,,,,4.6,10 vol%,10.0,100 mL/min,100.0,,75.0,BTC,3.67 mmol/g,3.67,0.23 mmol/mmol,0.23,,,,,,,,,,,,,,,,,,,,,,,,qwen3-max,DAC_prompt_SCaSE
MCF_PEI_70%_MCF_70%PEI__T75_BTC_95%CO2,MCF_PEI_70%,10.1016/j.cej.2015.10.015,045.pdf-id_comprehensive_extraction.json,MCF,Porous Silica Materials,PEI,Polymeric Amines,800.0,70.67,16.28,0,,0,,31.02,0.3,6.14,,,,0.0,95 vol%,95.0,100 mL/min,100.0,,75.0,BTC,5.16 mmol/g,5.16,,,,,,,,,,,,,,,,,,,,,,,,,,qwen3-max,DAC_prompt_SCaSE
MCF_PEI_70%_MCF_70%PEI__T90_BTC_10%CO2,MCF_PEI_70%,10.1016/j.cej.2015.10.015,045.pdf-id_comprehensive_extraction.json,MCF,Porous Silica Materials,PEI,Polymeric Amines,800.0,70.67,16.28,0,,0,,31.02,0.3,6.14,,,,0.0,10 vol%,10.0,100 mL/min,100.0,,90.0,BTC,2.55 mmol/g,2.55,,,,,,,,,,,,,,,,,,,,,,,,,,qwen3-max,DAC_prompt_SCaSE
MCF_PEI_70%_MCF_70%PEI__T90_BTC_95%CO2,MCF_PEI_70%,10.1016/j.cej.2015.10.015,045.pdf-id_comprehensive_extraction.json,MCF,Porous Silica Materials,PEI,Polymeric Amines,800.0,70.67,16.28,0,,0,,31.02,0.3,6.14,,,,0.0,95 vol%,95.0,100 mL/min,100.0,,90.0,BTC,5.12 mmol/g,5.12,,,,,,,,,,,,,,,,,,,,,,,,,,qwen3-max,DAC_prompt_SCaSE
MCF_PEI_70%_MCF_70%PEI__T75_BTC_pp10kPa,MCF_PEI_70%,10.1016/j.cej.2015.10.015,045.pdf-id_comprehensive_extraction.json,MCF,Porous Silica Materials,PEI,Polymeric Amines,800.0,70.67,16.28,0,,0,,31.02,0.3,6.14,,,,0.0,10 kPa,10.0,100 mL/min,100.0,,75.0,BTC,3.9 mmol/g,3.9,,,,,,,,,,,,,,,,,,,,,,,,,,qwen3-max,DAC_prompt_SCaSE
MCF_PEI_70%_MCF_70%PEI__T75_BTC_pp30kPa,MCF_PEI_70%,10.1016/j.cej.2015.10.015,045.pdf-id_comprehensive_extraction.json,MCF,Porous Silica Materials,PEI,Polymeric Amines,800.0,70.67,16.28,0,,0,,31.02,0.3,6.14,,,,0.0,30 kPa,30.0,100 mL/min,100.0,,75.0,BTC,4.8 mmol/g,4.8,,,,,,,,,,,,,,,,,,,,,,,,,,qwen3-max,DAC_prompt_SCaSE
MCF_PEI_70%_MCF_70%PEI__T75_BTC_pp95kPa,MCF_PEI_70%,10.1016/j.cej.2015.10.015,045.pdf-id_comprehensive_extraction.json,MCF,Porous Silica Materials,PEI,Polymeric Amines,800.0,70.67,16.28,0,,0,,31.02,0.3,6.14,,,,0.0,95 kPa,95.0,100 mL/min,100.0,,75.0,BTC,5.25 mmol/g,5.25,,,,,,,,,,,,,,,,,,,,,,,,,,qwen3-max,DAC_prompt_SCaSE
MCF_PEI_70%_MCF_70%PEI_humid_T60_Cycle50,MCF_PEI_70%,10.1016/j.cej.2015.10.015,045.pdf-id_comprehensive_extraction.json,MCF,Porous Silica Materials,PEI,Polymeric Amines,800.0,70.67,16.28,0,,0,,31.02,0.3,6.14,,,,4.6,10 vol%,10.0,100 mL/min,100.0,,60.0,BTC,3.64 mmol/g,3.64,,,,,,,,,,,N2,105.0,10.0,2.3,6.9,Cyclic CO2 profile,"CO₂ adsorption capacity, mmol/g","[[1, 3.85], [5, 3.82], [10, 3.79], [15, 3.77], [20, 3.75], [25, 3.73], [30, 3.71], [35, 3.69], [40, 3.67], [45, 3.65], [50, 3.64]]",mmol/g,50.0,,,,,,qwen3-max,DAC_prompt_SCaSE
MCF_PEI_80%_MCF_80%PEI__T75_BTC_10%CO2,MCF_PEI_80%,10.1016/j.cej.2015.10.015,045.pdf-id_comprehensive_extraction.json,MCF,Porous Silica Materials,PEI,Polymeric Amines,800.0,81.37,18.6,0,,0,,3.04,0.006,4.19,,,,0.0,10 vol%,10.0,100 mL/min,100.0,,75.0,BTC,3.53 mmol/g,3.53,0.19 mmol/mmol,0.19,,1.1,2.45,Fixed-Bed Breakthrough Testing,CO₂ adsorption capacity in mmol/g of dry adsorbent,"[[0.0, 0.0], [0.5, 0.4], [1.0, 1.0], [1.5, 1.5], [2.0, 1.8], [2.5, 2.0], [3.0, 2.1], [3.5, 2.15], [4.0, 2.18], [5.0, 2.2]]","min, mmol/g","['-', '-']",,,,,,,,,,,,,,,,qwen3-max,DAC_prompt_SCaSE
MCF_PEI_80%_MCF_80%PEI__T75_BTC_95%CO2,MCF_PEI_80%,10.1016/j.cej.2015.10.015,045.pdf-id_comprehensive_extraction.json,MCF,Porous Silica Materials,PEI,Polymeric Amines,800.0,81.37,18.6,0,,0,,3.04,0.006,4.19,,,,0.0,95 vol%,95.0,100 mL/min,100.0,,75.0,BTC,3.6 mmol/g,3.6,,,,,,,,,,,,,,,,,,,,,,,,,,qwen3-max,DAC_prompt_SCaSE
PS-80-00_BPEI(800)_50%_PS-80-00_50%BPEI(800)_T75_TGA_1bar_150min,PS-80-00_BPEI(800)_50%,10.1016/j.energy.2020.119093,046.pdf-id_comprehensive_extraction.json,PS-80-00,Porous Silica Materials,BPEI,Polymeric Amines,800.0,50.0,11.627906976744187,0,,0,,237.0,1.38,23.3,,,,0.0,100%,100.0,30 mL/min,30.0,,75.0,TGA,175 mg/g,3.98,350 mg/g PEI,4.0,,25.25,71.85000000000001,Fixed-Bed Breakthrough Testing,CO₂ adsorbed amount (mg/g),"[[0, 0], [15, 45], [30, 75], [45, 95], [60, 110], [75, 120], [90, 125], [105, 128], [120, 130], [135, 131]]","min, mg/g","['-', '-']",,,,,,,,,,,,,,,,qwen3-max,DAC_prompt_SCaSE
PS-80-187_BPEI(800)_50%_PS-80-187_50%BPEI(800)_T75_TGA_1bar_150min,PS-80-187_BPEI(800)_50%,10.1016/j.energy.2020.119093,046.pdf-id_comprehensive_extraction.json,PS-80-187,Porous Silica Materials,BPEI,Polymeric Amines,800.0,50.0,11.627906976744187,0,,0,,756.0,1.95,10.3,,,,0.0,100%,100.0,30 mL/min,30.0,,75.0,TGA,154 mg/g,3.5,301 mg/g PEI,3.41,,24.5625,65.85000000000002,Fixed-Bed Breakthrough Testing,CO₂ adsorbed amount (mg/g),"[[0, 0], [15, 60], [30, 100], [45, 130], [60, 150], [75, 160], [90, 165], [105, 168], [120, 170], [135, 171]]","min, mg/g","['-', '-']",,,,,,,,,,,,,,,,qwen3-max,DAC_prompt_SCaSE
PS-80-187_BPEI(800)_70%_PS-80-187_70%BPEI(800)_T75_TGA_1bar_150min,PS-80-187_BPEI(800)_70%,10.1016/j.energy.2020.119093,046.pdf-id_comprehensive_extraction.json,PS-80-187,Porous Silica Materials,BPEI,Polymeric Amines,800.0,70.0,16.27906976744186,0,,0,,756.0,1.95,10.3,,,,0.0,100%,100.0,30 mL/min,30.0,,75.0,TGA,215 mg/g,4.88,306 mg/g PEI,3.48,,13.874999999999998,50.53846153846154,Fixed-Bed Breakthrough Testing,CO₂ adsorbed amount (mg·g⁻¹),"[[0, 0], [15, 120], [30, 170], [45, 195], [60, 208], [75, 215], [90, 218], [105, 220], [120, 221], [135, 222]]","min, mg·g⁻¹","['-', '-']",,,,,,Cyclic CO2 profile,CO₂ adsorbed amount (mg·g⁻¹),"[[1, 212], [2, 211], [3, 210], [4, 209], [5, 208], [6, 207], [7, 206], [8, 205], [9, 204], [10, 203]]",mg·g⁻¹,10.0,,,,,,qwen3-max,DAC_prompt_SCaSE
PS-80-187_LPEI(10000)_70%_PS-80-187_70%LPEI(10000)_T75_TGA_1bar_150min,PS-80-187_LPEI(10000)_70%,10.1016/j.energy.2020.119093,046.pdf-id_comprehensive_extraction.json,PS-80-187,Porous Silica Materials,LPEI,Polymeric Amines,10000.0,70.0,16.27906976744186,0,,0,,756.0,1.95,10.3,,,,0.0,100%,100.0,30 mL/min,30.0,,75.0,TGA,189 mg/g,4.29,,,,,,,,,,,,,,,,Cyclic CO2 profile,CO₂ adsorbed amount (mg·g⁻¹),"[[1, 184], [2, 183], [3, 183], [4, 183], [5, 183], [6, 183], [7, 183], [8, 183], [9, 183], [10, 182]]",mg·g⁻¹,10.0,,,,,,qwen3-max,DAC_prompt_SCaSE
PS-80-187_BPEI(25000)_70%_PS-80-187_70%BPEI(25000)_T75_TGA_1bar_150min,PS-80-187_BPEI(25000)_70%,10.1016/j.energy.2020.119093,046.pdf-id_comprehensive_extraction.json,PS-80-187,Porous Silica Materials,BPEI,Polymeric Amines,25000.0,70.0,16.27906976744186,0,,0,,756.0,1.95,10.3,,,,0.0,100%,100.0,30 mL/min,30.0,,75.0,TGA,179 mg/g,4.06,,,,11.1875,47.06250000000002,Fixed-Bed Breakthrough Testing,CO₂ adsorbed amount (mg g⁻¹),"[[0, 0], [15, 120], [30, 145], [45, 160], [60, 168], [75, 172], [90, 175], [105, 177], [120, 178], [150, 179]]","min, mg g⁻¹","['-', '-']",,,,,,Cyclic CO2 profile,CO₂ adsorbed amount (mg·g⁻¹),"[[1, 160], [2, 159], [3, 159], [4, 158], [5, 158], [6, 157], [7, 157], [8, 156], [9, 156], [10, 155]]",mg·g⁻¹,10.0,,,,,,qwen3-max,DAC_prompt_SCaSE
MCM-41_BPEI(800)_50%_MCM-41_50%BPEI(800)_T75_TGA_1bar_150min,MCM-41_BPEI(800)_50%,10.1016/j.energy.2020.119093,046.pdf-id_comprehensive_extraction.json,MCM-41,Porous Silica Materials,BPEI,Polymeric Amines,800.0,50.0,11.627906976744187,0,,0,,968.0,0.87,3.6,,,,0.0,100%,100.0,30 mL/min,30.0,,75.0,TGA,116 mg/g,2.63,230 mg/g PEI,2.61,,24.375,64.50000000000001,Fixed-Bed Breakthrough Testing,CO₂ adsorbed amount (mg/g),"[[0, 0], [15, 48], [30, 80], [45, 105], [60, 120], [75, 128], [90, 132], [105, 134], [120, 135], [135, 136]]","min, mg/g","['-', '-']",,,,,,Cyclic CO2 profile,CO₂ adsorbed amount (mg·g⁻¹),"[[1, 115], [2, 114], [3, 113], [4, 112], [5, 111], [6, 110], [7, 109], [8, 108], [9, 107], [10, 106]]",mg·g⁻¹,10.0,,,,,,qwen3-max,DAC_prompt_SCaSE
PS-80-187_BPEI(800)_50%_T100_PS-80-187_50%BPEI(800)_T100_TGA_1bar_150min,PS-80-187_BPEI(800)_50%_T100,10.1016/j.energy.2020.119093,046.pdf-id_comprehensive_extraction.json,PS-80-187,Porous Silica Materials,BPEI,Polymeric Amines,800.0,50.0,11.627906976744187,0,,0,,756.0,1.95,10.3,,,,0.0,100%,100.0,30 mL/min,30.0,,100.0,TGA,119 mg/g,2.7,,,,8.428571428571429,28.61538461538462,TG Curve/ CO2 adsorption profile,CO₂ adsorbed amount (mg g⁻¹),"[[0, 0], [10, 70], [20, 95], [30, 108], [40, 114], [50, 116], [60, 117], [90, 118], [120, 118], [150, 118]]","min, mg g⁻¹","['-', '-']",,,,,,,,,,,,,,,,qwen3-max,DAC_prompt_SCaSE
PS-80-187_BPEI(800)_70%_T100_PS-80-187_70%BPEI(800)_T100_TGA_1bar_150min,PS-80-187_BPEI(800)_70%_T100,10.1016/j.energy.2020.119093,046.pdf-id_comprehensive_extraction.json,PS-80-187,Porous Silica Materials,BPEI,Polymeric Amines,800.0,70.0,16.27906976744186,0,,0,,756.0,1.95,10.3,,,,0.0,100%,100.0,30 mL/min,30.0,,100.0,TGA,222 mg/g,5.04,,,,2.921052631578947,8.266666666666667,TG Curve/ CO2 adsorption profile,CO₂ adsorbed amount (mg/g),"[[0, 0], [5, 190], [10, 205], [20, 212], [30, 216], [40, 218], [60, 220], [80, 221], [100, 222], [140, 222]]","min, mg/g","['-', '-']",,,,,,,,,,,,,,,,qwen3-max,DAC_prompt_SCaSE
MMON-D_TEPA_50%_MMON-D_50%TEPA_CTAC_BTES_T25_TGA_100%CO2,MMON-D_TEPA_50%,10.1021/acs.iecr.2c01484,047.pdf-id_comprehensive_extraction.json,MMON-D,Porous Silica Materials,TEPA,Small-Molecule Polyamines,189.3,67.17,15.620930232558141,CTAC,Amine-Functional Silane Coupling Agents,BTES,Additive,114.0,0.24,5.47,,,,0.0,100 vol%,100.0,50 mL/min,50.0,,25.0,TGA,4.04 mmol/g,4.04,0.33 mmol CO₂/mmol N,0.33,46.9,245.99999999999997,1739.9999999999986,TG Curve/ CO2 adsorption profile,CO₂ adsorption capacity (mmol/g),"[[0, 0.0], [300, 2.5], [600, 3.2], [1200, 3.6], [2400, 3.8], [4800, 3.95], [7200, 4.0], [10800, 4.05], [14400, 4.1], [18000, 4.1]]","s, mmol/g","['-', '-']",,,,,,Cyclic CO2 profile,CO₂ adsorption capacity (mmol/g),"[[1, 3.5], [2, 3.5], [3, 3.5], [4, 3.5], [5, 3.5], [6, 3.5], [7, 3.5], [8, 3.5], [9, 3.5], [10, 3.5]]",mmol/g,10.0,,,,,,qwen3-max,DAC_prompt_SCaSE
MMON-D_TEPA_50%_MMON-D_50%TEPA_CTAC_BTES_T50_TGA_100%CO2,MMON-D_TEPA_50%,10.1021/acs.iecr.2c01484,047.pdf-id_comprehensive_extraction.json,MMON-D,Porous Silica Materials,TEPA,Small-Molecule Polyamines,189.3,67.17,15.620930232558141,CTAC,Amine-Functional Silane Coupling Agents,BTES,Additive,114.0,0.24,5.47,,,,0.0,100 vol%,100.0,50 mL/min,50.0,,50.0,TGA,4.34 mmol/g,4.34,0.354 mmol CO₂/mmol N,0.354,,,,,,,,,,,,,,,,,,,,,,,,qwen3-max,DAC_prompt_SCaSE
MMON-D_TEPA_50%_MMON-D_50%TEPA_CTAC_BTES_T75_TGA_100%CO2,MMON-D_TEPA_50%,10.1021/acs.iecr.2c01484,047.pdf-id_comprehensive_extraction.json,MMON-D,Porous Silica Materials,TEPA,Small-Molecule Polyamines,189.3,67.17,15.620930232558141,CTAC,Amine-Functional Silane Coupling Agents,BTES,Additive,114.0,0.24,5.47,,,,0.0,100 vol%,100.0,50 mL/min,50.0,,75.0,TGA,4.56 mmol/g,4.56,0.372 mmol CO₂/mmol N,0.372,,,,,,,,,,,,,,,,,,,,,,,,qwen3-max,DAC_prompt_SCaSE
MMON-D_TEPA_50%_MMON-D_50%TEPA_CTAC_BTES_T75_TGA_15%CO2,MMON-D_TEPA_50%,10.1021/acs.iecr.2c01484,047.pdf-id_comprehensive_extraction.json,MMON-D,Porous Silica Materials,TEPA,Small-Molecule Polyamines,189.3,67.17,15.620930232558141,CTAC,Amine-Functional Silane Coupling Agents,BTES,Additive,114.0,0.24,5.47,,,,0.0,15 vol%,15.0,50 mL/min,50.0,,75.0,TGA,3.5 mmol/g,3.5,,,,43.8,177.00000000000006,Fixed-Bed Breakthrough Testing,CO₂ adsorption capacity (mmol/g),"[[0, 0.0], [60, 2.5], [120, 3.0], [180, 3.3], [300, 3.5], [600, 3.6], [900, 3.65], [1200, 3.65], [1500, 3.65], [1800, 3.65]]","s, mmol/g","['-', '-']",,,,,,Cyclic CO2 profile,CO₂ adsorption capacity (mmol/g),"[[1, 3.5], [2, 3.5], [3, 3.5], [4, 3.5], [5, 3.5], [6, 3.5], [7, 3.5], [8, 3.5], [9, 3.5], [10, 3.5]]",mmol/g,10.0,,,,,,qwen3-max,DAC_prompt_SCaSE
MMON-S_TEPA_50%_MMON-S_50%TEPA_BTES_T25_TGA_100%CO2,MMON-S_TEPA_50%,10.1021/acs.iecr.2c01484,047.pdf-id_comprehensive_extraction.json,MMON-S,Porous Silica Materials,TEPA,Small-Molecule Polyamines,189.3,54.36,12.64186046511628,BTES,Additive,0,,435.0,0.59,3.71,,,,0.0,100 vol%,100.0,50 mL/min,50.0,,25.0,TGA,2.78 mmol/g,2.78,0.224 mmol CO₂/mmol N,0.224,45.49,225.0,1560.0000000000027,TG Curve/ CO2 adsorption profile,CO₂ adsorption capacity (mmol/g),"[[0, 0.0], [300, 1.8], [600, 2.2], [1200, 2.4], [2400, 2.5], [4800, 2.6], [7200, 2.65], [10800, 2.68], [14400, 2.7], [18000, 2.7]]","s, mmol/g","['-', '-']",,,,,,,,,,,,,,,,qwen3-max,DAC_prompt_SCaSE
MMON-S_TEPA_50%_MMON-S_50%TEPA_BTES_T50_TGA_100%CO2,MMON-S_TEPA_50%,10.1021/acs.iecr.2c01484,047.pdf-id_comprehensive_extraction.json,MMON-S,Porous Silica Materials,TEPA,Small-Molecule Polyamines,189.3,54.36,12.64186046511628,BTES,Additive,0,,435.0,0.59,3.71,,,,0.0,100 vol%,100.0,50 mL/min,50.0,,50.0,TGA,3.24 mmol/g,3.24,0.261 mmol CO₂/mmol N,0.261,,,,,,,,,,,,,,,,,,,,,,,,qwen3-max,DAC_prompt_SCaSE
MMON-S_TEPA_50%_MMON-S_50%TEPA_BTES_T75_TGA_100%CO2,MMON-S_TEPA_50%,10.1021/acs.iecr.2c01484,047.pdf-id_comprehensive_extraction.json,MMON-S,Porous Silica Materials,TEPA,Small-Molecule Polyamines,189.3,54.36,12.64186046511628,BTES,Additive,0,,435.0,0.59,3.71,,,,0.0,100 vol%,100.0,50 mL/min,50.0,,75.0,TGA,3.37 mmol/g,3.37,0.272 mmol CO₂/mmol N,0.272,,,,,,,,,,,,,,,,,,,,,,,,qwen3-max,DAC_prompt_SCaSE
MMON-S_TEPA_50%_MMON-S_50%TEPA_BTES_T75_TGA_15%CO2,MMON-S_TEPA_50%,10.1021/acs.iecr.2c01484,047.pdf-id_comprehensive_extraction.json,MMON-S,Porous Silica Materials,TEPA,Small-Molecule Polyamines,189.3,54.36,12.64186046511628,BTES,Additive,0,,435.0,0.59,3.71,,,,0.0,15 vol%,15.0,50 mL/min,50.0,,75.0,TGA,2.5 mmol/g,2.5,,,,,,,,,,,,,,,,Cyclic CO2 profile,CO₂ adsorption capacity (mmol/g),"[[1, 2.5], [2, 2.5], [3, 2.5], [4, 2.5], [5, 2.5], [6, 2.5], [7, 2.5], [8, 2.5], [9, 2.5], [10, 2.5]]",mmol/g,10.0,,,,,,qwen3-max,DAC_prompt_SCaSE
MMON-N_TEPA_50%_MMON-N_50%TEPA_bare_T25_TGA_100%CO2,MMON-N_TEPA_50%,10.1021/acs.iecr.2c01484,047.pdf-id_comprehensive_extraction.json,MMON-N,Porous Silica Materials,TEPA,Small-Molecule Polyamines,189.3,44.28,10.297674418604652,0,,0,,576.0,0.73,3.16,,,,0.0,100 vol%,100.0,50 mL/min,50.0,,25.0,TGA,2.46 mmol/g,2.46,0.198 mmol CO₂/mmol N,0.198,41.95,234.375,1800.0,TG Curve/ CO2 adsorption profile,CO₂ adsorption capacity (mmol/g),"[[0, 0.0], [300, 1.6], [600, 2.0], [1200, 2.2], [2400, 2.3], [4800, 2.4], [7200, 2.45], [10800, 2.48], [14400, 2.5], [18000, 2.5]]","s, mmol/g","['-', '-']",,,,,,,,,,,,,,,,qwen3-max,DAC_prompt_SCaSE
MMON-N_TEPA_50%_MMON-N_50%TEPA_bare_T50_TGA_100%CO2,MMON-N_TEPA_50%,10.1021/acs.iecr.2c01484,047.pdf-id_comprehensive_extraction.json,MMON-N,Porous Silica Materials,TEPA,Small-Molecule Polyamines,189.3,44.28,10.297674418604652,0,,0,,576.0,0.73,3.16,,,,0.0,100 vol%,100.0,50 mL/min,50.0,,50.0,TGA,2.78 mmol/g,2.78,0.224 mmol CO₂/mmol N,0.224,,,,,,,,,,,,,,,,,,,,,,,,qwen3-max,DAC_prompt_SCaSE
MMON-N_TEPA_50%_MMON-N_50%TEPA_bare_T75_TGA_100%CO2,MMON-N_TEPA_50%,10.1021/acs.iecr.2c01484,047.pdf-id_comprehensive_extraction.json,MMON-N,Porous Silica Materials,TEPA,Small-Molecule Polyamines,189.3,44.28,10.297674418604652,0,,0,,576.0,0.73,3.16,,,,0.0,100 vol%,100.0,50 mL/min,50.0,,75.0,TGA,2.90 mmol/g,2.9,0.234 mmol CO₂/mmol N,0.234,,,,,,,,,,,,,,,,,,,,,,,,qwen3-max,DAC_prompt_SCaSE
MMON-N_TEPA_50%_MMON-N_50%TEPA_bare_T75_TGA_15%CO2,MMON-N_TEPA_50%,10.1021/acs.iecr.2c01484,047.pdf-id_comprehensive_extraction.json,MMON-N,Porous Silica Materials,TEPA,Small-Molecule Polyamines,189.3,44.28,10.297674418604652,0,,0,,576.0,0.73,3.16,,,,0.0,15 vol%,15.0,50 mL/min,50.0,,75.0,TGA,2.3 mmol/g,2.3,,,,,,,,,,,,,,,-10.0,Cyclic CO2 profile,CO₂ adsorption capacity (mmol/g),"[[1, 2.3], [2, 2.3], [3, 2.3], [4, 2.3], [5, 2.3], [6, 2.3], [7, 2.3], [8, 2.3], [9, 2.3], [10, 2.3]]",mmol/g,10.0,,,,,,qwen3-max,DAC_prompt_SCaSE
MSU-F_TEPA35-DEA20_55%_MSU-F_55%TEPA_DEA_T40_BTC_100kPa,MSU-F_TEPA35-DEA20_55%,10.1021/acs.iecr.4b04389,048.pdf-id_comprehensive_extraction.json,MSU-F,Porous Silica Materials,TEPA,Small-Molecule Polyamines,189.3,55.0,12.790697674418606,DEA,Small-Molecule Polyamines,0,,272.0,1.54,28.0,21.32,0.125,23.452157598499063,0.0,100 kPa,100.0,,,,40.0,BTC,4.16 mmol/g,4.16,0.41 mol CO2/mol N,0.41,,,,,,,,,,,,,,,,,,,,,,,,qwen3-max,DAC_prompt_SCaSE
MSU-F_TEPA45-DEA20_65%_MSU-F_65%TEPA_DEA_T40_BTC_100kPa,MSU-F_TEPA45-DEA20_65%,10.1021/acs.iecr.4b04389,048.pdf-id_comprehensive_extraction.json,MSU-F,Porous Silica Materials,TEPA,Small-Molecule Polyamines,189.3,65.0,15.116279069767442,DEA,Small-Molecule Polyamines,0,,272.0,1.54,28.0,4.99,0.011,8.817635270541082,0.0,100 kPa,100.0,,,,40.0,BTC,5.03 mmol/g,5.03,0.40 mol CO2/mol N,0.4,,,,,,,,,,,,,,,,,,,,,,,,qwen3-max,DAC_prompt_SCaSE
MSU-F_TEPA35-DEA40_75%_MSU-F_75%TEPA_DEA_T40_BTC_100kPa,MSU-F_TEPA35-DEA40_75%,10.1021/acs.iecr.4b04389,048.pdf-id_comprehensive_extraction.json,MSU-F,Porous Silica Materials,TEPA,Small-Molecule Polyamines,189.3,75.0,17.441860465116278,DEA,Small-Molecule Polyamines,0,,272.0,1.54,28.0,1.59,0.001,2.5157232704402515,0.0,100 kPa,100.0,,,,40.0,BTC,4.65 mmol/g,4.65,0.39 mol CO2/mol N,0.39,,,,,,,,,,,,,,,,,,,,,,,,qwen3-max,DAC_prompt_SCaSE
MSU-F_TEPA45-DEA40_85%_MSU-F_85%TEPA_DEA_T40_BTC_100kPa,MSU-F_TEPA45-DEA40_85%,10.1021/acs.iecr.4b04389,048.pdf-id_comprehensive_extraction.json,MSU-F,Porous Silica Materials,TEPA,Small-Molecule Polyamines,189.3,85.0,19.767441860465116,DEA,Small-Molecule Polyamines,0,,272.0,1.54,28.0,1.69,0.003,7.100591715976331,0.0,100 kPa,100.0,,,,40.0,BTC,4.98 mmol/g,4.98,0.35 mol CO2/mol N,0.35,,,,,,,,,,,,,,,,,,,,,,,,qwen3-max,DAC_prompt_SCaSE
MSU-F_TEPA35-DEA20_55%_MeOH100_MSU-F_55%TEPA_DEA_MeOH100_T40_BTC_100kPa,MSU-F_TEPA35-DEA20_55%_MeOH100,10.1021/acs.iecr.4b04389,048.pdf-id_comprehensive_extraction.json,MSU-F,Porous Silica Materials,TEPA,Small-Molecule Polyamines,189.3,55.0,12.790697674418606,DEA,Small-Molecule Polyamines,0,,272.0,1.54,28.0,25.39,0.164,25.836943678613626,0.0,100 kPa,100.0,,,,40.0,BTC,4.44 mmol/g,4.44,0.47 mol CO2/mol N,0.47,,,,,,,,,,,,,,,,,,,,,,,,qwen3-max,DAC_prompt_SCaSE
MSU-F_TEPA45-DEA20_65%_MeOH100_MSU-F_65%TEPA_DEA_MeOH100_T40_BTC_100kPa,MSU-F_TEPA45-DEA20_65%_MeOH100,10.1021/acs.iecr.4b04389,048.pdf-id_comprehensive_extraction.json,MSU-F,Porous Silica Materials,TEPA,Small-Molecule Polyamines,189.3,65.0,15.116279069767442,DEA,Small-Molecule Polyamines,0,,272.0,1.54,28.0,4.06,0.011,10.837438423645322,0.0,100 kPa,100.0,,,,40.0,BTC,5.09 mmol/g,5.09,0.41 mol CO2/mol N,0.41,,,,,,,,,,,,,,,,,,,,,,,,qwen3-max,DAC_prompt_SCaSE
MSU-F_TEPA35-DEA40_75%_MeOH100_MSU-F_75%TEPA_DEA_MeOH100_T40_BTC_100kPa,MSU-F_TEPA35-DEA40_75%_MeOH100,10.1021/acs.iecr.4b04389,048.pdf-id_comprehensive_extraction.json,MSU-F,Porous Silica Materials,TEPA,Small-Molecule Polyamines,189.3,75.0,17.441860465116278,DEA,Small-Molecule Polyamines,0,,272.0,1.54,28.0,2.38,0.005,8.403361344537815,0.0,100 kPa,100.0,,,,40.0,BTC,5.02 mmol/g,5.02,0.43 mol CO2/mol N,0.43,,,,,,,,,,,,,,,,,,,,,,,,qwen3-max,DAC_prompt_SCaSE
MSU-F_TEPA45-DEA40_85%_MeOH100_MSU-F_85%TEPA_DEA_MeOH100_T40_BTC_100kPa,MSU-F_TEPA45-DEA40_85%_MeOH100,10.1021/acs.iecr.4b04389,048.pdf-id_comprehensive_extraction.json,MSU-F,Porous Silica Materials,TEPA,Small-Molecule Polyamines,189.3,85.0,19.767441860465116,DEA,Small-Molecule Polyamines,0,,272.0,1.54,28.0,0.85,0.002,9.411764705882353,0.0,100 kPa,100.0,,,,40.0,BTC,3.85 mmol/g,3.85,0.27 mol CO2/mol N,0.27,,,,,,,,,,,,,,,,,,,,,,,,qwen3-max,DAC_prompt_SCaSE
MSU-F_TEPA31.59-DEA30_61.59%_MSU-F_61.59%TEPA_DEA_T40_BTC_100kPa,MSU-F_TEPA31.59-DEA30_61.59%,10.1021/acs.iecr.4b04389,048.pdf-id_comprehensive_extraction.json,MSU-F,Porous Silica Materials,TEPA,Small-Molecule Polyamines,189.3,61.59,14.32325581395349,DEA,Small-Molecule Polyamines,0,,272.0,1.54,28.0,15.64,0.088,22.506393861892583,0.0,100 kPa,100.0,,,,40.0,BTC,5.12 mmol/g,5.12,0.50 mol CO2/mol N,0.5,,,,,,,,,,,,,,,,,,,,,,,,qwen3-max,DAC_prompt_SCaSE
MSU-F_TEPA48.41-DEA30_78.41%_MSU-F_78.41%TEPA_DEA_T40_BTC_100kPa,MSU-F_TEPA48.41-DEA30_78.41%,10.1021/acs.iecr.4b04389,048.pdf-id_comprehensive_extraction.json,MSU-F,Porous Silica Materials,TEPA,Small-Molecule Polyamines,189.3,78.41,18.23488372093023,DEA,Small-Molecule Polyamines,0,,272.0,1.54,28.0,2.99,0.004,5.351170568561873,0.0,100 kPa,100.0,,,,40.0,BTC,5.39 mmol/g,5.39,0.38 mol CO2/mol N,0.38,,,,,,,,,,,,,,,,,,,,,,,,qwen3-max,DAC_prompt_SCaSE
MSU-F_TEPA40-DEA13.18_53.18%_MSU-F_53.18%TEPA_DEA_T40_BTC_100kPa,MSU-F_TEPA40-DEA13.18_53.18%,10.1021/acs.iecr.4b04389,048.pdf-id_comprehensive_extraction.json,MSU-F,Porous Silica Materials,TEPA,Small-Molecule Polyamines,189.3,53.18,12.367441860465117,DEA,Small-Molecule Polyamines,0,,272.0,1.54,28.0,26.99,0.192,28.454983327158207,0.0,100 kPa,100.0,,,,40.0,BTC,4.02 mmol/g,4.02,0.39 mol CO2/mol N,0.39,,,,,,,,,,,,,,,,,,,,,,,,qwen3-max,DAC_prompt_SCaSE
MSU-F_TEPA40-DEA46.82_86.82%_MSU-F_86.82%TEPA_DEA_T40_BTC_100kPa,MSU-F_TEPA40-DEA46.82_86.82%,10.1021/acs.iecr.4b04389,048.pdf-id_comprehensive_extraction.json,MSU-F,Porous Silica Materials,TEPA,Small-Molecule Polyamines,189.3,86.82,20.190697674418605,DEA,Small-Molecule Polyamines,0,,272.0,1.54,28.0,0.85,0.001,4.705882352941177,0.0,100 kPa,100.0,,,,40.0,BTC,3.87 mmol/g,3.87,0.27 mol CO2/mol N,0.27,,,,,,,,,,,,,,,,,,,,,,,,qwen3-max,DAC_prompt_SCaSE
MSU-F_TEPA40-DEA30_70%_MeOH32.95_MSU-F_70%TEPA_DEA_MeOH32.95_T40_BTC_100kPa,MSU-F_TEPA40-DEA30_70%_MeOH32.95,10.1021/acs.iecr.4b04389,048.pdf-id_comprehensive_extraction.json,MSU-F,Porous Silica Materials,TEPA,Small-Molecule Polyamines,189.3,70.0,16.27906976744186,DEA,Small-Molecule Polyamines,0,,272.0,1.54,28.0,4.57,0.008,7.00218818380744,0.0,100 kPa,100.0,,,,40.0,BTC,5.26 mmol/g,5.26,0.43 mol CO2/mol N,0.43,,,,,,,,,,,,,,,,,,,,,,,,qwen3-max,DAC_prompt_SCaSE
MSU-F_TEPA40-DEA30_70%_MeOH117.05_MSU-F_70%TEPA_DEA_MeOH117.05_T40_BTC_100kPa,MSU-F_TEPA40-DEA30_70%_MeOH117.05,10.1021/acs.iecr.4b04389,048.pdf-id_comprehensive_extraction.json,MSU-F,Porous Silica Materials,TEPA,Small-Molecule Polyamines,189.3,70.0,16.27906976744186,DEA,Small-Molecule Polyamines,0,,272.0,1.54,28.0,5.5,0.01,7.2727272727272725,0.0,100 kPa,100.0,,,,40.0,BTC,5.34 mmol/g,5.34,0.44 mol CO2/mol N,0.44,,,,,,,,,,,,,,,,,,,,,,,,qwen3-max,DAC_prompt_SCaSE
MSU-F_TEPA40-DEA30_70%_MSU-F_70%TEPA_DEA_T40_BTC_100kPa_Rep1,MSU-F_TEPA40-DEA30_70%,10.1021/acs.iecr.4b04389,048.pdf-id_comprehensive_extraction.json,MSU-F,Porous Silica Materials,TEPA,Small-Molecule Polyamines,189.3,70.0,16.27906976744186,DEA,Small-Molecule Polyamines,0,,272.0,1.54,28.0,3.73,0.005,5.361930294906166,0.0,100 kPa,100.0,,,,40.0,BTC,5.61 mmol/g,5.61,0.47 mol CO2/mol N,0.47,,,,,,,,,,,,,,,,,,,,,,,,qwen3-max,DAC_prompt_SCaSE
MSU-F_TEPA40-DEA30_70%_MSU-F_70%TEPA_DEA_T40_BTC_100kPa_Rep2,MSU-F_TEPA40-DEA30_70%,10.1021/acs.iecr.4b04389,048.pdf-id_comprehensive_extraction.json,MSU-F,Porous Silica Materials,TEPA,Small-Molecule Polyamines,189.3,70.0,16.27906976744186,DEA,Small-Molecule Polyamines,0,,272.0,1.54,28.0,3.73,0.005,5.361930294906166,0.0,100 kPa,100.0,,,,40.0,BTC,5.63 mmol/g,5.63,0.50 mol CO2/mol N,0.5,,,,,,,,,,,,,,,,,,,,,,,,qwen3-max,DAC_prompt_SCaSE
MSU-F_TEPA40-DEA30_70%_MSU-F_70%TEPA_DEA_T40_BTC_100kPa_Rep3,MSU-F_TEPA40-DEA30_70%,10.1021/acs.iecr.4b04389,048.pdf-id_comprehensive_extraction.json,MSU-F,Porous Silica Materials,TEPA,Small-Molecule Polyamines,189.3,70.0,16.27906976744186,DEA,Small-Molecule Polyamines,0,,272.0,1.54,28.0,3.73,0.005,5.361930294906166,0.0,100 kPa,100.0,,,,40.0,BTC,5.59 mmol/g,5.59,0.49 mol CO2/mol N,0.49,,,,,,,,,,,,,,,,,,,,,,,,qwen3-max,DAC_prompt_SCaSE
MSU-F_TEPA44.4-DEA28.4_72.8%_MSU-F_72.8%TEPA_DEA_T40_BTC_100kPa,MSU-F_TEPA44.4-DEA28.4_72.8%,10.1021/acs.iecr.4b04389,048.pdf-id_comprehensive_extraction.json,MSU-F,Porous Silica Materials,TEPA,Small-Molecule Polyamines,189.3,72.8,16.930232558139537,DEA,Small-Molecule Polyamines,0,,272.0,1.54,28.0,2.43,0.003,4.938271604938271,0.0,100 kPa,100.0,,,,40.0,BTC,5.64 mmol/g,5.64,,,78.9,5.958333333333333,16.96,TG Curve/ CO2 adsorption profile,CO2 adsorption amount (mmol/g),"[[0, 0.0], [10, 4.8], [20, 5.3], [30, 5.5], [40, 5.6], [50, 5.65], [60, 5.68], [80, 5.7], [100, 5.71], [120, 5.72]]","Time (min), CO2 adsorption amount (mmol/g)","['-', '-']",,,,,,,,,,,,,,,,qwen3-max,DAC_prompt_SCaSE
MSU-F_TEPA44.4-DEA28.4_72.8%_MSU-F_72.8%TEPA_DEA_T20_BTC_100kPa,MSU-F_TEPA44.4-DEA28.4_72.8%,10.1021/acs.iecr.4b04389,048.pdf-id_comprehensive_extraction.json,MSU-F,Porous Silica Materials,TEPA,Small-Molecule Polyamines,189.3,72.8,16.930232558139537,DEA,Small-Molecule Polyamines,0,,272.0,1.54,28.0,2.43,0.003,4.938271604938271,0.0,100 kPa,100.0,,,,20.0,BTC,6.5 mmol/g,6.5,,,,,,,,,,,,,,,,,,,,,,,,,,qwen3-max,DAC_prompt_SCaSE
MSU-F_TEPA44.4-DEA28.4_72.8%_MSU-F_72.8%TEPA_DEA_T30_BTC_100kPa,MSU-F_TEPA44.4-DEA28.4_72.8%,10.1021/acs.iecr.4b04389,048.pdf-id_comprehensive_extraction.json,MSU-F,Porous Silica Materials,TEPA,Small-Molecule Polyamines,189.3,72.8,16.930232558139537,DEA,Small-Molecule Polyamines,0,,272.0,1.54,28.0,2.43,0.003,4.938271604938271,0.0,100 kPa,100.0,,,,30.0,BTC,5.5 mmol/g,5.5,,,,,,,,,,,,,,,,,,,,,,,,,,qwen3-max,DAC_prompt_SCaSE
MSU-F_TEPA44.4-DEA28.4_72.8%_MSU-F_72.8%TEPA_DEA_T50_BTC_100kPa,MSU-F_TEPA44.4-DEA28.4_72.8%,10.1021/acs.iecr.4b04389,048.pdf-id_comprehensive_extraction.json,MSU-F,Porous Silica Materials,TEPA,Small-Molecule Polyamines,189.3,72.8,16.930232558139537,DEA,Small-Molecule Polyamines,0,,272.0,1.54,28.0,2.43,0.003,4.938271604938271,0.0,100 kPa,100.0,,,,50.0,BTC,6.86 mmol/g,6.86,,,,,,,,,,,,,,,,,,,,,,,,,,qwen3-max,DAC_prompt_SCaSE
MSU-F_TEPA44.4-DEA28.4_72.8%_MSU-F_72.8%TEPA_DEA_T60_BTC_100kPa,MSU-F_TEPA44.4-DEA28.4_72.8%,10.1021/acs.iecr.4b04389,048.pdf-id_comprehensive_extraction.json,MSU-F,Porous Silica Materials,TEPA,Small-Molecule Polyamines,189.3,72.8,16.930232558139537,DEA,Small-Molecule Polyamines,0,,272.0,1.54,28.0,2.43,0.003,4.938271604938271,0.0,100 kPa,100.0,,,,60.0,BTC,3.9 mmol/g,3.9,,,,,,,,,,,,,,,,,,,,,,,,,,qwen3-max,DAC_prompt_SCaSE
MSU-F_TEPA44.4-DEA28.4_72.8%_MSU-F_72.8%TEPA_DEA_T70_BTC_100kPa,MSU-F_TEPA44.4-DEA28.4_72.8%,10.1021/acs.iecr.4b04389,048.pdf-id_comprehensive_extraction.json,MSU-F,Porous Silica Materials,TEPA,Small-Molecule Polyamines,189.3,72.8,16.930232558139537,DEA,Small-Molecule Polyamines,0,,272.0,1.54,28.0,2.43,0.003,4.938271604938271,0.0,100 kPa,100.0,,,,70.0,BTC,3.6 mmol/g,3.6,,,,,,,,,,,,,,,,,,,,,,,,,,qwen3-max,DAC_prompt_SCaSE
MSU-F_TEPA44.4-DEA28.4_72.8%_MSU-F_72.8%TEPA_DEA_T80_BTC_100kPa,MSU-F_TEPA44.4-DEA28.4_72.8%,10.1021/acs.iecr.4b04389,048.pdf-id_comprehensive_extraction.json,MSU-F,Porous Silica Materials,TEPA,Small-Molecule Polyamines,189.3,72.8,16.930232558139537,DEA,Small-Molecule Polyamines,0,,272.0,1.54,28.0,2.43,0.003,4.938271604938271,0.0,100 kPa,100.0,,,,80.0,BTC,3.3 mmol/g,3.3,,,,,,,,,,,,,,,,,,,,,,,,,,qwen3-max,DAC_prompt_SCaSE
MSU-F_TEPA44.4-DEA28.4_72.8%_MSU-F_72.8%TEPA_DEA_T50_BTC_15kPa,MSU-F_TEPA44.4-DEA28.4_72.8%,10.1021/acs.iecr.4b04389,048.pdf-id_comprehensive_extraction.json,MSU-F,Porous Silica Materials,TEPA,Small-Molecule Polyamines,189.3,72.8,16.930232558139537,DEA,Small-Molecule Polyamines,0,,272.0,1.54,28.0,2.43,0.003,4.938271604938271,0.0,15 kPa,15.0,,,,50.0,BTC,4.7 mmol/g,4.7,,,,,,,,,,,,,,,,,,,,,,,,,,qwen3-max,DAC_prompt_SCaSE
SBA-15_PEI_51%_SBA-15_51%PEI_bare_T30_TGA_400ppm,SBA-15_PEI_51%,10.1021/acsami.5b07545,049.pdf-id_comprehensive_extraction.json,SBA-15,Porous Silica Materials,PEI,Polymeric Amines,800.0,51.0,11.86046511627907,0,,0,,880.0,1.13,8.6,317.0,0.67,8.6,0.0,400 ppm,0.04,90 mL/min,90.0,,30.0,TGA,0.63 mmol/g,0.63,0.10 mol/mol,0.1,,,,,,,,,,,,,,,,,,,,,,,,qwen3-max,DAC_prompt_SCaSE
SBA-15_PEG200_33%_SBA-15_33%PEG200_bare_T30_TGA_400ppm,SBA-15_PEG200_33%,10.1021/acsami.5b07545,049.pdf-id_comprehensive_extraction.json,SBA-15,Porous Silica Materials,PEG200,Additive,200.0,33.0,7.674418604651163,0,,0,,880.0,1.13,8.6,35.0,0.11,8.6,0.0,400 ppm,0.04,90 mL/min,90.0,,30.0,TGA,0.00 mmol/g,0.0,0.00 mol/mol,0.0,,,,,,,,,,,,,,,,,,,,,,,,qwen3-max,DAC_prompt_SCaSE
SBA-15_PEG200_54%_SBA-15_31%PEG200_T30_TGA_400ppm,SBA-15_PEG200_54%,10.1021/acsami.5b07545,049.pdf-id_comprehensive_extraction.json,SBA-15,Porous Silica Materials,PEG200,Additive,200.0,54.0,12.558139534883722,0,,0,,880.0,1.13,8.6,236.0,0.5,8.6,0.0,400 ppm,0.04,90 mL/min,90.0,,30.0,TGA,0.79 mmol/g,0.79,0.14 mol/mol,0.14,,,,,,,,,,,,,,,,,,,,,,,,qwen3-max,DAC_prompt_SCaSE
SBA-15_PEG200_66%_SBA-15_61%PEG200_T30_TGA_400ppm,SBA-15_PEG200_66%,10.1021/acsami.5b07545,049.pdf-id_comprehensive_extraction.json,SBA-15,Porous Silica Materials,PEG200,Additive,200.0,66.0,15.348837209302326,0,,0,,880.0,1.13,8.6,263.0,0.54,8.6,0.0,400 ppm,0.04,90 mL/min,90.0,,30.0,TGA,0.73 mmol/g,0.73,0.15 mol/mol,0.15,,,,,,,,,,,,,,,,,,,,,,,,qwen3-max,DAC_prompt_SCaSE
SBA-15_PEG200_132%_SBA-15_182%PEG200_T30_TGA_400ppm,SBA-15_PEG200_132%,10.1021/acsami.5b07545,049.pdf-id_comprehensive_extraction.json,SBA-15,Porous Silica Materials,PEG200,Additive,200.0,132.0,30.697674418604652,0,,0,,880.0,1.13,8.6,147.0,0.33,8.6,0.0,400 ppm,0.04,90 mL/min,90.0,,30.0,TGA,0.64 mmol/g,0.64,0.16 mol/mol,0.16,,,,,,,,,,,,,,,,,,,,,,,,qwen3-max,DAC_prompt_SCaSE
SBA-15_PEG200_213%_SBA-15_342%PEG200_T30_TGA_400ppm,SBA-15_PEG200_213%,10.1021/acsami.5b07545,049.pdf-id_comprehensive_extraction.json,SBA-15,Porous Silica Materials,PEG200,Additive,200.0,213.0,49.53488372093023,0,,0,,880.0,1.13,8.6,1.0,0.0,8.6,0.0,400 ppm,0.04,90 mL/min,90.0,,30.0,TGA,0.49 mmol/g,0.49,0.14 mol/mol,0.14,,,,,,,,,,,,,,,,,,,,,,,,qwen3-max,DAC_prompt_SCaSE
SBA-15_PEG1000_65%_SBA-15_47%PEG1000_T30_TGA_400ppm,SBA-15_PEG1000_65%,10.1021/acsami.5b07545,049.pdf-id_comprehensive_extraction.json,SBA-15,Porous Silica Materials,PEG1000,Additive,1000.0,65.0,15.116279069767442,0,,0,,880.0,1.13,8.6,262.0,0.53,8.6,0.0,400 ppm,0.04,90 mL/min,90.0,,30.0,TGA,0.71 mmol/g,0.71,0.13 mol/mol,0.13,,,,,,,,,,,,,,,,,,,,,,,,qwen3-max,DAC_prompt_SCaSE
SBA-15_PEG1000_139%_SBA-15_192%PEG1000_T30_TGA_400ppm,SBA-15_PEG1000_139%,10.1021/acsami.5b07545,049.pdf-id_comprehensive_extraction.json,SBA-15,Porous Silica Materials,PEG1000,Additive,1000.0,139.0,32.32558139534884,0,,0,,880.0,1.13,8.6,4.0,0.01,8.6,0.0,400 ppm,0.04,90 mL/min,90.0,,30.0,TGA,0.49 mmol/g,0.49,0.12 mol/mol,0.12,,,,,,,,,,,,,,,,,,,,,,,,qwen3-max,DAC_prompt_SCaSE
SBA-15_PEG1000_229%_SBA-15_408%PEG1000_T30_TGA_400ppm,SBA-15_PEG1000_229%,10.1021/acsami.5b07545,049.pdf-id_comprehensive_extraction.json,SBA-15,Porous Silica Materials,PEG1000,Additive,1000.0,229.0,53.25581395348837,0,,0,,880.0,1.13,8.6,1.0,0.0,8.6,0.0,400 ppm,0.04,90 mL/min,90.0,,30.0,TGA,0.30 mmol/g,0.3,0.11 mol/mol,0.11,,,,,,,,,,,,,,,,,,,,,,,,qwen3-max,DAC_prompt_SCaSE
SBA-15_CTAB_60%_SBA-15_32%CTAB_T30_TGA_400ppm,SBA-15_CTAB_60%,10.1021/acsami.5b07545,049.pdf-id_comprehensive_extraction.json,SBA-15,Porous Silica Materials,CTAB,Additive,364.45,60.0,13.953488372093023,0,,0,,880.0,1.13,8.6,277.0,0.56,8.6,0.0,400 ppm,0.04,90 mL/min,90.0,,30.0,TGA,0.55 mmol/g,0.55,0.10 mol/mol,0.1,,,,,,,,,,,,,,,,,,,,,,,,qwen3-max,DAC_prompt_SCaSE
SBA-15_CTAB_130%_SBA-15_177%CTAB_T30_TGA_400ppm,SBA-15_CTAB_130%,10.1021/acsami.5b07545,049.pdf-id_comprehensive_extraction.json,SBA-15,Porous Silica Materials,CTAB,Additive,364.45,130.0,30.232558139534884,0,,0,,880.0,1.13,8.6,74.0,0.17,8.6,0.0,400 ppm,0.04,90 mL/min,90.0,,30.0,TGA,0.31 mmol/g,0.31,0.07 mol/mol,0.07,,,,,,,,,,,,,,,,,,,,,,,,qwen3-max,DAC_prompt_SCaSE
SBA-15_CTAB_199%_SBA-15_360%CTAB_T30_TGA_400ppm,SBA-15_CTAB_199%,10.1021/acsami.5b07545,049.pdf-id_comprehensive_extraction.json,SBA-15,Porous Silica Materials,CTAB,Additive,364.45,199.0,46.27906976744186,0,,0,,880.0,1.13,8.6,47.0,0.12,8.6,0.0,400 ppm,0.04,90 mL/min,90.0,,30.0,TGA,0.21 mmol/g,0.21,0.05 mol/mol,0.05,,,,,,,,,,,,,,,,,,,,,,,,qwen3-max,DAC_prompt_SCaSE
Templated_γ-Al2O3_PEI_43%_Templated_γ-Al2O3_0%PEG200_T30_TGA_400ppm,Templated_γ-Al2O3_PEI_43%,10.1021/acsami.5b07545,049.pdf-id_comprehensive_extraction.json,Mesoporous γ-Al2O3,Porous Alumina (PA),PEI,Polymeric Amines,800.0,43.0,10.0,0,,0,,231.0,1.06,16.9,162.0,0.74,16.9,0.0,400 ppm,0.04,90 mL/min,90.0,,30.0,TGA,1.16 mmol/g,1.16,0.17 mol/mol,0.17,,,,,,,,,,,,,,,,,,,,,,,,qwen3-max,DAC_prompt_SCaSE
Templated_γ-Al2O3_PEG200_53%_Templated_γ-Al2O3_7%PEG200_T30_TGA_400ppm,Templated_γ-Al2O3_PEG200_53%,10.1021/acsami.5b07545,049.pdf-id_comprehensive_extraction.json,Mesoporous γ-Al2O3,Porous Alumina (PA),PEG200,Additive,200.0,53.0,12.325581395348838,0,,0,,231.0,1.06,16.9,113.0,0.56,16.9,0.0,400 ppm,0.04,90 mL/min,90.0,,30.0,TGA,1.07 mmol/g,1.07,0.17 mol/mol,0.17,,,,,,,,,,,,,,,,,,,,,,,,qwen3-max,DAC_prompt_SCaSE
Templated_γ-Al2O3_PEG200_73%_Templated_γ-Al2O3_40%PEG200_T30_TGA_400ppm,Templated_γ-Al2O3_PEG200_73%,10.1021/acsami.5b07545,049.pdf-id_comprehensive_extraction.json,Mesoporous γ-Al2O3,Porous Alumina (PA),PEG200,Additive,200.0,73.0,16.976744186046513,0,,0,,231.0,1.06,16.9,81.0,0.41,16.9,0.0,400 ppm,0.04,90 mL/min,90.0,,30.0,TGA,1.29 mmol/g,1.29,0.22 mol/mol,0.22,,,,,,,,,,,,,,,,,,,,,,,,qwen3-max,DAC_prompt_SCaSE
Templated_γ-Al2O3_PEG200_80%_Templated_γ-Al2O3_67%PEG200_T30_TGA_400ppm,Templated_γ-Al2O3_PEG200_80%,10.1021/acsami.5b07545,049.pdf-id_comprehensive_extraction.json,Mesoporous γ-Al2O3,Porous Alumina (PA),PEG200,Additive,200.0,80.0,18.6046511627907,0,,0,,231.0,1.06,16.9,82.0,0.48,16.9,0.0,400 ppm,0.04,90 mL/min,90.0,,30.0,TGA,1.17 mmol/g,1.17,0.22 mol/mol,0.22,,,,,,,,,,,,,,,,,,,,,,,,qwen3-max,DAC_prompt_SCaSE
Templated_γ-Al2O3_PEG200_96%_Templated_γ-Al2O3_80%PEG200_T30_TGA_400ppm,Templated_γ-Al2O3_PEG200_96%,10.1021/acsami.5b07545,049.pdf-id_comprehensive_extraction.json,Mesoporous γ-Al2O3,Porous Alumina (PA),PEG200,Additive,200.0,96.0,22.325581395348838,0,,0,,231.0,1.06,16.9,71.0,0.41,16.9,0.0,400 ppm,0.04,90 mL/min,90.0,,30.0,TGA,1.12 mmol/g,1.12,0.21 mol/mol,0.21,,,,,,,,,,,,,,,,,,,,,,,,qwen3-max,DAC_prompt_SCaSE
Templated_γ-Al2O3_PEG200_154%_Templated_γ-Al2O3_182%PEG200_T30_TGA_400ppm,Templated_γ-Al2O3_PEG200_154%,10.1021/acsami.5b07545,049.pdf-id_comprehensive_extraction.json,Mesoporous γ-Al2O3,Porous Alumina (PA),PEG200,Additive,200.0,154.0,35.81395348837209,0,,0,,231.0,1.06,16.9,0.0,0.0,16.9,0.0,400 ppm,0.04,90 mL/min,90.0,,30.0,TGA,0.88 mmol/g,0.88,0.21 mol/mol,0.21,,,,,,,,,,,,,,,,,,,,,,,,qwen3-max,DAC_prompt_SCaSE
Commercial_γ-Al2O3_PEI_43%_Commercial_γ-Al2O3_0%PEG200_T30_TGA_400ppm,Commercial_γ-Al2O3_PEI_43%,10.1021/acsami.5b07545,049.pdf-id_comprehensive_extraction.json,Mesoporous γ-Al2O3,Porous Alumina (PA),PEI,Polymeric Amines,800.0,43.0,10.0,0,,0,,201.0,0.45,9.2,15.0,0.05,9.2,0.0,400 ppm,0.04,90 mL/min,90.0,,30.0,TGA,0.71 mmol/g,0.71,0.12 mol/mol,0.12,,,,,,,,,,,,,,,,,,,,,,,,qwen3-max,DAC_prompt_SCaSE
Commercial_γ-Al2O3_PEG200_53%_Commercial_γ-Al2O3_7%PEG200_T30_TGA_400ppm,Commercial_γ-Al2O3_PEG200_53%,10.1021/acsami.5b07545,049.pdf-id_comprehensive_extraction.json,Mesoporous γ-Al2O3,Porous Alumina (PA),PEG200,Additive,200.0,53.0,12.325581395348838,0,,0,,201.0,0.45,9.2,0.0,0.02,9.2,0.0,400 ppm,0.04,90 mL/min,90.0,,30.0,TGA,0.76 mmol/g,0.76,0.14 mol/mol,0.14,,,,,,,,,,,,,,,,,,,,,,,,qwen3-max,DAC_prompt_SCaSE
Commercial_γ-Al2O3_PEG200_73%_Commercial_γ-Al2O3_40%PEG200_T30_TGA_400ppm,Commercial_γ-Al2O3_PEG200_73%,10.1021/acsami.5b07545,049.pdf-id_comprehensive_extraction.json,Mesoporous γ-Al2O3,Porous Alumina (PA),PEG200,Additive,200.0,73.0,16.976744186046513,0,,0,,201.0,0.45,9.2,1.0,0.04,9.2,0.0,400 ppm,0.04,90 mL/min,90.0,,30.0,TGA,0.89 mmol/g,0.89,0.15 mol/mol,0.15,,,,,,,,,,,,,,,,,,,,,,,,qwen3-max,DAC_prompt_SCaSE
Commercial_γ-Al2O3_PEG200_80%_Commercial_γ-Al2O3_67%PEG200_T30_TGA_400ppm,Commercial_γ-Al2O3_PEG200_80%,10.1021/acsami.5b07545,049.pdf-id_comprehensive_extraction.json,Mesoporous γ-Al2O3,Porous Alumina (PA),PEG200,Additive,200.0,80.0,18.6046511627907,0,,0,,201.0,0.45,9.2,2.0,0.07,9.2,0.0,400 ppm,0.04,90 mL/min,90.0,,30.0,TGA,0.90 mmol/g,0.9,0.16 mol/mol,0.16,,,,,,,,,,,,,,,,,,,,,,,,qwen3-max,DAC_prompt_SCaSE
Commercial_γ-Al2O3_PEG200_96%_Commercial_γ-Al2O3_80%PEG200_T30_TGA_400ppm,Commercial_γ-Al2O3_PEG200_96%,10.1021/acsami.5b07545,049.pdf-id_comprehensive_extraction.json,Mesoporous γ-Al2O3,Porous Alumina (PA),PEG200,Additive,200.0,96.0,22.325581395348838,0,,0,,201.0,0.45,9.2,1.0,0.05,9.2,0.0,400 ppm,0.04,90 mL/min,90.0,,30.0,TGA,0.98 mmol/g,0.98,0.18 mol/mol,0.18,,,,,,,,,,,,,,,,,,,,,,,,qwen3-max,DAC_prompt_SCaSE
Commercial_γ-Al2O3_PEG200_70%_Commercial_γ-Al2O3_88%PEG200_T30_TGA_400ppm,Commercial_γ-Al2O3_PEG200_70%,10.1021/acsami.5b07545,049.pdf-id_comprehensive_extraction.json,Mesoporous γ-Al2O3,Porous Alumina (PA),PEG200,Additive,200.0,70.0,16.27906976744186,0,,0,,201.0,0.45,9.2,0.0,0.0,9.2,0.0,400 ppm,0.04,90 mL/min,90.0,,30.0,TGA,1.06 mmol/g,1.06,0.21 mol/mol,0.21,,,,,,,,,,,,,,,,,,,,,,,,qwen3-max,DAC_prompt_SCaSE
MMSN_TEPA-50_MMSN_50%TEPA__T25_TGA_100vol%CO2_1atm,MMSN_TEPA-50,10.1016/j.jece.2021.106709,050.pdf-id_comprehensive_extraction.json,MMSN,Porous Silica Materials,TEPA,Small-Molecule Polyamines,189.3,47.6,11.069767441860465,0,,0,,981.0,1.9,1.2,19.0,0.12,26.1,0.0,100 vol%,100.0,50 mL/min,50.0,,25.0,TGA,3.08 mmol/g,3.08,0.18 mmol/mmol,0.18,,67.3076923076923,374.99999999999983,TG Curve/ CO2 adsorption profile,CO₂ adsorption capacity (mmol/g),"[[0, 0.0], [100, 2.6], [300, 3.1], [600, 3.3], [900, 3.4], [1200, 3.45], [1500, 3.48], [1800, 3.5]]","Time (s), CO₂ adsorption capacity (mmol/g)","['-', '-']",,,,,,,,,,,,,,,,qwen3-max,DAC_prompt_SCaSE
MMSN_TEPA-50_MMSN_50%TEPA__T75_TGA_15vol%CO2_1atm,MMSN_TEPA-50,10.1016/j.jece.2021.106709,050.pdf-id_comprehensive_extraction.json,MMSN,Porous Silica Materials,TEPA,Small-Molecule Polyamines,189.3,47.6,11.069767441860465,0,,0,,981.0,1.9,1.2,19.0,0.12,26.1,0.0,15 vol%,15.0,50 mL/min,50.0,,75.0,TGA,3.20 mmol/g,3.2,,,,,,,,,,,,,,,,,,,,,,,,,,qwen3-max,DAC_prompt_SCaSE
MMSN_TEPA-50_MMSN_50%TEPA__T25_TGA_0.0400vol%CO2_1atm,MMSN_TEPA-50,10.1016/j.jece.2021.106709,050.pdf-id_comprehensive_extraction.json,MMSN,Porous Silica Materials,TEPA,Small-Molecule Polyamines,189.3,47.6,11.069767441860465,0,,0,,981.0,1.9,1.2,19.0,0.12,26.1,0.0,0.0400 vol%,0.04,50 mL/min,50.0,,25.0,TGA,2.48 mmol/g,2.48,,,,,,,,,,,,,,,,,,,,,,,,,,qwen3-max,DAC_prompt_SCaSE
MMSN-10_TEPA-50_MMSN-10_50%TEPA__T25_TGA_100vol%CO2_1atm,MMSN-10_TEPA-50,10.1016/j.jece.2021.106709,050.pdf-id_comprehensive_extraction.json,MMSN-10,Porous Silica Materials,TEPA,Small-Molecule Polyamines,189.3,48.0,11.162790697674419,0,,0,,933.0,1.65,1.2,19.0,0.12,26.1,0.0,100 vol%,100.0,50 mL/min,50.0,,25.0,TGA,3.26 mmol/g,3.26,0.19 mmol/mmol,0.19,,67.85714285714286,330.00000000000006,TG Curve/ CO2 adsorption profile,CO₂ adsorption capacity (mmol/g),"[[0, 0.0], [100, 2.8], [300, 3.4], [600, 3.6], [900, 3.7], [1200, 3.75], [1500, 3.78], [1800, 3.8]]","Time (s), CO₂ adsorption capacity (mmol/g)","['-', '-']",,,,,,,,,,,,,,,,qwen3-max,DAC_prompt_SCaSE
MMSN-10_TEPA-50_MMSN-10_50%TEPA__T75_TGA_15vol%CO2_1atm,MMSN-10_TEPA-50,10.1016/j.jece.2021.106709,050.pdf-id_comprehensive_extraction.json,MMSN-10,Porous Silica Materials,TEPA,Small-Molecule Polyamines,189.3,48.0,11.162790697674419,0,,0,,933.0,1.65,1.2,19.0,0.12,26.1,0.0,15 vol%,15.0,50 mL/min,50.0,,75.0,TGA,3.41 mmol/g,3.41,,,,,,,,,,,,,,,,,,,,,,,,,,qwen3-max,DAC_prompt_SCaSE
MMSN-10_TEPA-50_MMSN-10_50%TEPA__T25_TGA_0.0400vol%CO2_1atm,MMSN-10_TEPA-50,10.1016/j.jece.2021.106709,050.pdf-id_comprehensive_extraction.json,MMSN-10,Porous Silica Materials,TEPA,Small-Molecule Polyamines,189.3,48.0,11.162790697674419,0,,0,,933.0,1.65,1.2,19.0,0.12,26.1,0.0,0.0400 vol%,0.04,50 mL/min,50.0,,25.0,TGA,2.75 mmol/g,2.75,,,,,,,,,,,,,,,,,,,,,,,,,,qwen3-max,DAC_prompt_SCaSE
MMSN-20_TEPA-50_MMSN-20_50%TEPA__T25_TGA_100vol%CO2_1atm,MMSN-20_TEPA-50,10.1016/j.jece.2021.106709,050.pdf-id_comprehensive_extraction.json,MMSN-20,Porous Silica Materials,TEPA,Small-Molecule Polyamines,189.3,47.7,11.093023255813955,0,,0,,608.0,1.15,1.2,19.0,0.12,26.1,0.0,100 vol%,100.0,50 mL/min,50.0,,25.0,TGA,4.03 mmol/g,4.03,0.22 mmol/mmol,0.22,,70.0,295.0000000000001,TG Curve/ CO2 adsorption profile,CO₂ adsorption capacity (mmol/g),"[[0, 0.0], [100, 3.0], [300, 3.8], [600, 4.0], [900, 4.1], [1200, 4.15], [1500, 4.18], [1800, 4.2]]","Time (s), CO₂ adsorption capacity (mmol/g)","['-', '-']",,,,,,,,,,,,,,,,qwen3-max,DAC_prompt_SCaSE
MMSN-20_TEPA-50_MMSN-20_50%TEPA__T75_TGA_15vol%CO2_1atm,MMSN-20_TEPA-50,10.1016/j.jece.2021.106709,050.pdf-id_comprehensive_extraction.json,MMSN-20,Porous Silica Materials,TEPA,Small-Molecule Polyamines,189.3,47.7,11.093023255813955,0,,0,,608.0,1.15,1.2,19.0,0.12,26.1,0.0,15 vol%,15.0,50 mL/min,50.0,,75.0,TGA,4.03 mmol/g,4.03,,,,,,,,,,,,,,,,,,,,,,,,,,qwen3-max,DAC_prompt_SCaSE
MMSN-20_TEPA-50_MMSN-20_50%TEPA__T25_TGA_0.0400vol%CO2_1atm,MMSN-20_TEPA-50,10.1016/j.jece.2021.106709,050.pdf-id_comprehensive_extraction.json,MMSN-20,Porous Silica Materials,TEPA,Small-Molecule Polyamines,189.3,47.7,11.093023255813955,0,,0,,608.0,1.15,1.2,19.0,0.12,26.1,0.0,0.0400 vol%,0.04,50 mL/min,50.0,,25.0,TGA,3.32 mmol/g,3.32,,,,,,,,,,,,,,,,,,,,,,,,,,qwen3-max,DAC_prompt_SCaSE
MMSN-30_TEPA-50_MMSN-30_50%TEPA__T25_TGA_100vol%CO2_1atm,MMSN-30_TEPA-50,10.1016/j.jece.2021.106709,050.pdf-id_comprehensive_extraction.json,MMSN-30,Porous Silica Materials,TEPA,Small-Molecule Polyamines,189.3,48.3,11.232558139534884,0,,0,,431.0,0.72,1.1,19.0,0.12,26.1,0.0,100 vol%,100.0,50 mL/min,50.0,,25.0,TGA,4.55 mmol/g,4.55,0.25 mmol/mmol,0.25,,71.87499999999999,340.00000000000017,TG Curve/ CO2 adsorption profile,CO₂ adsorption capacity (mmol/g),"[[0, 0.0], [100, 3.2], [300, 4.1], [600, 4.4], [900, 4.5], [1200, 4.55], [1500, 4.58], [1800, 4.6]]","Time (s), CO₂ adsorption capacity (mmol/g)","['-', '-']",,,,,,,,,,,,,,,,qwen3-max,DAC_prompt_SCaSE
MMSN-30_TEPA-50_MMSN-30_50%TEPA__T75_TGA_15vol%CO2_1atm,MMSN-30_TEPA-50,10.1016/j.jece.2021.106709,050.pdf-id_comprehensive_extraction.json,MMSN-30,Porous Silica Materials,TEPA,Small-Molecule Polyamines,189.3,48.3,11.232558139534884,0,,0,,431.0,0.72,1.1,19.0,0.12,26.1,0.0,15 vol%,15.0,50 mL/min,50.0,,75.0,TGA,4.55 mmol/g,4.55,,,,,,,,,,,,,,,,,,,,,,,,,,qwen3-max,DAC_prompt_SCaSE
MMSN-30_TEPA-50_MMSN-30_50%TEPA__T25_TGA_0.0400vol%CO2_1atm,MMSN-30_TEPA-50,10.1016/j.jece.2021.106709,050.pdf-id_comprehensive_extraction.json,MMSN-30,Porous Silica Materials,TEPA,Small-Molecule Polyamines,189.3,48.3,11.232558139534884,0,,0,,431.0,0.72,1.1,19.0,0.12,26.1,0.0,0.0400 vol%,0.04,50 mL/min,50.0,,25.0,TGA,3.54 mmol/g,3.54,,,,,,,,,,,,,,,,,,,,,,,,,,qwen3-max,DAC_prompt_SCaSE
MMSN-30_TEPA-20_MMSN-30_20%TEPA__T25_TGA_100vol%CO2_1atm,MMSN-30_TEPA-20,10.1016/j.jece.2021.106709,050.pdf-id_comprehensive_extraction.json,MMSN-30,Porous Silica Materials,TEPA,Small-Molecule Polyamines,189.3,16.3,3.790697674418605,0,,0,,431.0,0.72,1.1,76.0,0.22,11.1,0.0,100 vol%,100.0,50 mL/min,50.0,,25.0,TGA,1.93 mmol/g,1.93,,,,,,,,,,,,,,,,,,,,,,,,,,qwen3-max,DAC_prompt_SCaSE
MMSN-30_TEPA-20_MMSN-30_20%TEPA__T50_TGA_100vol%CO2_1atm,MMSN-30_TEPA-20,10.1016/j.jece.2021.106709,050.pdf-id_comprehensive_extraction.json,MMSN-30,Porous Silica Materials,TEPA,Small-Molecule Polyamines,189.3,16.3,3.790697674418605,0,,0,,431.0,0.72,1.1,76.0,0.22,11.1,0.0,100 vol%,100.0,50 mL/min,50.0,,50.0,TGA,1.73 mmol/g,1.73,,,,,,,,,,,,,,,,,,,,,,,,,,qwen3-max,DAC_prompt_SCaSE
MMSN-30_TEPA-20_MMSN-30_20%TEPA__T75_TGA_100vol%CO2_1atm,MMSN-30_TEPA-20,10.1016/j.jece.2021.106709,050.pdf-id_comprehensive_extraction.json,MMSN-30,Porous Silica Materials,TEPA,Small-Molecule Polyamines,189.3,16.3,3.790697674418605,0,,0,,431.0,0.72,1.1,76.0,0.22,11.1,0.0,100 vol%,100.0,50 mL/min,50.0,,75.0,TGA,1.51 mmol/g,1.51,,,,,,,,,,,,,,,,,,,,,,,,,,qwen3-max,DAC_prompt_SCaSE
MMSN-30_TEPA-30_MMSN-30_30%TEPA__T25_TGA_100vol%CO2_1atm,MMSN-30_TEPA-30,10.1016/j.jece.2021.106709,050.pdf-id_comprehensive_extraction.json,MMSN-30,Porous Silica Materials,TEPA,Small-Molecule Polyamines,189.3,22.3,5.186046511627907,0,,0,,431.0,0.72,1.1,61.0,0.2,12.0,0.0,100 vol%,100.0,50 mL/min,50.0,,25.0,TGA,2.46 mmol/g,2.46,,,,,,,,,,,,,,,,,,,,,,,,,,qwen3-max,DAC_prompt_SCaSE
MMSN-30_TEPA-30_MMSN-30_30%TEPA__T50_TGA_100vol%CO2_1atm,MMSN-30_TEPA-30,10.1016/j.jece.2021.106709,050.pdf-id_comprehensive_extraction.json,MMSN-30,Porous Silica Materials,TEPA,Small-Molecule Polyamines,189.3,22.3,5.186046511627907,0,,0,,431.0,0.72,1.1,61.0,0.2,12.0,0.0,100 vol%,100.0,50 mL/min,50.0,,50.0,TGA,2.35 mmol/g,2.35,,,,,,,,,,,,,,,,,,,,,,,,,,qwen3-max,DAC_prompt_SCaSE
MMSN-30_TEPA-30_MMSN-30_30%TEPA__T75_TGA_100vol%CO2_1atm,MMSN-30_TEPA-30,10.1016/j.jece.2021.106709,050.pdf-id_comprehensive_extraction.json,MMSN-30,Porous Silica Materials,TEPA,Small-Molecule Polyamines,189.3,22.3,5.186046511627907,0,,0,,431.0,0.72,1.1,61.0,0.2,12.0,0.0,100 vol%,100.0,50 mL/min,50.0,,75.0,TGA,2.17 mmol/g,2.17,,,,,,,,,,,,,,,,,,,,,,,,,,qwen3-max,DAC_prompt_SCaSE
MMSN-30_TEPA-40_MMSN-30_40%TEPA__T25_TGA_100vol%CO2_1atm,MMSN-30_TEPA-40,10.1016/j.jece.2021.106709,050.pdf-id_comprehensive_extraction.json,MMSN-30,Porous Silica Materials,TEPA,Small-Molecule Polyamines,189.3,36.8,8.55813953488372,0,,0,,431.0,0.72,1.1,37.0,0.2,21.2,0.0,100 vol%,100.0,50 mL/min,50.0,,25.0,TGA,3.91 mmol/g,3.91,,,,,,,,,,,,,,,,,,,,,,,,,,qwen3-max,DAC_prompt_SCaSE
MMSN-30_TEPA-40_MMSN-30_40%TEPA__T50_TGA_100vol%CO2_1atm,MMSN-30_TEPA-40,10.1016/j.jece.2021.106709,050.pdf-id_comprehensive_extraction.json,MMSN-30,Porous Silica Materials,TEPA,Small-Molecule Polyamines,189.3,36.8,8.55813953488372,0,,0,,431.0,0.72,1.1,37.0,0.2,21.2,0.0,100 vol%,100.0,50 mL/min,50.0,,50.0,TGA,3.85 mmol/g,3.85,,,,,,,,,,,,,,,,,,,,,,,,,,qwen3-max,DAC_prompt_SCaSE
MMSN-30_TEPA-40_MMSN-30_40%TEPA__T75_TGA_100vol%CO2_1atm,MMSN-30_TEPA-40,10.1016/j.jece.2021.106709,050.pdf-id_comprehensive_extraction.json,MMSN-30,Porous Silica Materials,TEPA,Small-Molecule Polyamines,189.3,36.8,8.55813953488372,0,,0,,431.0,0.72,1.1,37.0,0.2,21.2,0.0,100 vol%,100.0,50 mL/min,50.0,,75.0,TGA,4.02 mmol/g,4.02,,,,,,,,,,,,,,,,,,,,,,,,,,qwen3-max,DAC_prompt_SCaSE
MMSN-30_TEPA-60_MMSN-30_60%TEPA__T25_TGA_100vol%CO2_1atm,MMSN-30_TEPA-60,10.1016/j.jece.2021.106709,050.pdf-id_comprehensive_extraction.json,MMSN-30,Porous Silica Materials,TEPA,Small-Molecule Polyamines,189.3,55.6,12.930232558139537,0,,0,,431.0,0.72,1.1,4.0,0.02,5.9,0.0,100 vol%,100.0,50 mL/min,50.0,,25.0,TGA,4.40 mmol/g,4.4,,,,,,,,,,,,,,,,Cyclic CO2 profile,CO₂ adsorption capacity (mmol/g),"[[1, 4.51], [2, 4.5], [3, 4.46], [4, 4.48], [5, 4.44], [6, 4.46]]",CO₂ adsorption capacity (mmol/g),6.0,,,,,,qwen3-max,DAC_prompt_SCaSE
MMSN-30_TEPA-60_MMSN-30_60%TEPA__T50_TGA_100vol%CO2_1atm,MMSN-30_TEPA-60,10.1016/j.jece.2021.106709,050.pdf-id_comprehensive_extraction.json,MMSN-30,Porous Silica Materials,TEPA,Small-Molecule Polyamines,189.3,55.6,12.930232558139537,0,,0,,431.0,0.72,1.1,4.0,0.02,5.9,0.0,100 vol%,100.0,50 mL/min,50.0,,50.0,TGA,4.59 mmol/g,4.59,,,,,,,,,,,,,,,,,,,,,,,,,,qwen3-max,DAC_prompt_SCaSE
MMSN-30_TEPA-60_MMSN-30_60%TEPA__T75_TGA_100vol%CO2_1atm,MMSN-30_TEPA-60,10.1016/j.jece.2021.106709,050.pdf-id_comprehensive_extraction.json,MMSN-30,Porous Silica Materials,TEPA,Small-Molecule Polyamines,189.3,55.6,12.930232558139537,0,,0,,431.0,0.72,1.1,4.0,0.02,5.9,0.0,100 vol%,100.0,50 mL/min,50.0,,75.0,TGA,5.51 mmol/g,5.51,,,,,,,,,,,,,,,,,,,,,,,,,,qwen3-max,DAC_prompt_SCaSE
MMSN-30_TEPA-70_MMSN-30_70%TEPA__T25_TGA_100vol%CO2_1atm,MMSN-30_TEPA-70,10.1016/j.jece.2021.106709,050.pdf-id_comprehensive_extraction.json,MMSN-30,Porous Silica Materials,TEPA,Small-Molecule Polyamines,189.3,66.2,15.395348837209303,0,,0,,431.0,0.72,1.1,0.0,,,0.0,100 vol%,100.0,50 mL/min,50.0,,25.0,TGA,4.33 mmol/g,4.33,,,,,,,,,,,,,,,,,,,,,,,,,,qwen3-max,DAC_prompt_SCaSE
MMSN-30_TEPA-70_MMSN-30_70%TEPA__T50_TGA_100vol%CO2_1atm,MMSN-30_TEPA-70,10.1016/j.jece.2021.106709,050.pdf-id_comprehensive_extraction.json,MMSN-30,Porous Silica Materials,TEPA,Small-Molecule Polyamines,189.3,66.2,15.395348837209303,0,,0,,431.0,0.72,1.1,0.0,,,0.0,100 vol%,100.0,50 mL/min,50.0,,50.0,TGA,4.49 mmol/g,4.49,,,,,,,,,,,,,,,,,,,,,,,,,,qwen3-max,DAC_prompt_SCaSE
MMSN-30_TEPA-70_MMSN-30_70%TEPA__T75_TGA_100vol%CO2_1atm,MMSN-30_TEPA-70,10.1016/j.jece.2021.106709,050.pdf-id_comprehensive_extraction.json,MMSN-30,Porous Silica Materials,TEPA,Small-Molecule Polyamines,189.3,66.2,15.395348837209303,0,,0,,431.0,0.72,1.1,0.0,,,0.0,100 vol%,100.0,50 mL/min,50.0,,75.0,TGA,5.13 mmol/g,5.13,,,,,,,,,,,,,,,,,,,,,,,,,,qwen3-max,DAC_prompt_SCaSE
SBA-15_PEI_24%_SBA-15_24%PEI__T30_TGA_10pctCO2,SBA-15_PEI_24%,10.1007/s10450-019-00171-w,051.pdf-id_comprehensive_extraction.json,SBA-15,Porous Silica Materials,PEI,Polymeric Amines,1800.0,24.0,5.5813953488372094,0,,0,,816.0,0.76,3.7254901960784315,256.0,0.38,5.9375,0.0,10 vol%,10.0,,,,30.0,TGA,1.23 mmol/g,1.23,0.10 mmol/mmol,0.1,,50.0,90.0,TG Curve/ CO2 adsorption profile,Normalized uptake (%),"[[0, 0.0], [20, 0.65], [40, 0.82], [60, 0.89], [80, 0.92], [100, 0.94], [150, 0.96], [200, 0.97], [300, 0.98], [380, 0.99]]","min, %","['50 min', '90 min']",,,,,,,,,,,,,,,,qwen3-max,DAC_prompt_SCaSE
SBA-15_PEI_24%_SBA-15_24%PEI__T30_TGA_400ppmCO2,SBA-15_PEI_24%,10.1007/s10450-019-00171-w,051.pdf-id_comprehensive_extraction.json,SBA-15,Porous Silica Materials,PEI,Polymeric Amines,1800.0,24.0,5.5813953488372094,0,,0,,816.0,0.76,3.7254901960784315,256.0,0.38,5.9375,0.0,400 ppm,0.04,,,,30.0,TGA,0.15 mmol/g,0.15,,,,40.0,120.0,TG Curve/ CO2 adsorption profile,Normalized uptake (%),"[[0, 0.0], [20, 0.5], [40, 0.7], [60, 0.8], [80, 0.85], [100, 0.88], [200, 0.92], [300, 0.94], [400, 0.95], [500, 0.96]]","min, %","['40 min', '120 min']",,,,,,,,,,,,,,,,qwen3-max,DAC_prompt_SCaSE
SBA-15_PEI_29%_SBA-15_29%PEI__T30_TGA_10pctCO2,SBA-15_PEI_29%,10.1007/s10450-019-00171-w,051.pdf-id_comprehensive_extraction.json,SBA-15,Porous Silica Materials,PEI,Polymeric Amines,1800.0,29.0,6.744186046511628,0,,0,,816.0,0.76,3.7254901960784315,197.0,0.31,6.2944162436548226,0.0,10 vol%,10.0,,,,30.0,TGA,0.85 mmol/g,0.85,0.075 mmol/mmol,0.075,,,,,,,,,,,,,,,,,,,,,,,,qwen3-max,DAC_prompt_SCaSE
SBA-15_PEI_29%_SBA-15_29%PEI__T30_TGA_400ppmCO2,SBA-15_PEI_29%,10.1007/s10450-019-00171-w,051.pdf-id_comprehensive_extraction.json,SBA-15,Porous Silica Materials,PEI,Polymeric Amines,1800.0,29.0,6.744186046511628,0,,0,,816.0,0.76,3.7254901960784315,197.0,0.31,6.2944162436548226,0.0,400 ppm,0.04,,,,30.0,TGA,0.35 mmol/g,0.35,,,,,,,,,,,,,,,,,,,,,,,,,,qwen3-max,DAC_prompt_SCaSE
SBA-15_PEI_37%_SBA-15_37%PEI__T30_TGA_10pctCO2,SBA-15_PEI_37%,10.1007/s10450-019-00171-w,051.pdf-id_comprehensive_extraction.json,SBA-15,Porous Silica Materials,PEI,Polymeric Amines,1800.0,37.0,8.604651162790699,0,,0,,816.0,0.76,3.7254901960784315,68.0,0.15,8.823529411764707,0.0,10 vol%,10.0,,,,30.0,TGA,1.23 mmol/g,1.23,0.123 mmol/mmol,0.123,99.0,325.0,500.0,TG Curve/ CO2 adsorption profile,Normalized uptake (%),"[[0, 0.0], [20, 0.52], [40, 0.72], [60, 0.82], [80, 0.87], [100, 0.9], [150, 0.92], [200, 0.93], [300, 0.94], [380, 0.95]]","min, %","['325 min', '500 min']",,,,,,Cyclic CO2 profile,CO₂ adsorption capacity (mmol CO₂/g),"[[1, 1.23], [2, 1.06], [3, 1.05], [4, 1.05], [5, 1.04]]",mmol/g,5.0,,,,,,qwen3-max,DAC_prompt_SCaSE
SBA-15_PEI_37%_SBA-15_37%PEI__T30_TGA_400ppmCO2,SBA-15_PEI_37%,10.1007/s10450-019-00171-w,051.pdf-id_comprehensive_extraction.json,SBA-15,Porous Silica Materials,PEI,Polymeric Amines,1800.0,37.0,8.604651162790699,0,,0,,816.0,0.76,3.7254901960784315,68.0,0.15,8.823529411764707,0.0,400 ppm,0.04,,,,30.0,TGA,0.85 mmol/g,0.85,0.102 mmol/mmol,0.102,,200.0,545.0,TG Curve/ CO2 adsorption profile,Normalized uptake (%),"[[0, 0.0], [100, 0.5], [200, 0.7], [300, 0.8], [400, 0.85], [500, 0.88], [545, 0.9]]","min, %","['200 min', '545 min']",,,,,,,,,,,,,,,,qwen3-max,DAC_prompt_SCaSE
SBA-15_PEI_41%_SBA-15_41%PEI__T30_TGA_10pctCO2,SBA-15_PEI_41%,10.1007/s10450-019-00171-w,051.pdf-id_comprehensive_extraction.json,SBA-15,Porous Silica Materials,PEI,Polymeric Amines,1800.0,41.0,9.534883720930234,0,,0,,816.0,0.76,3.7254901960784315,10.0,0.06,24.0,0.0,10 vol%,10.0,,,,30.0,TGA,1.23 mmol/g,1.23,0.123 mmol/mmol,0.123,,,,,,,,,,,,,,,,,,,,,,,,qwen3-max,DAC_prompt_SCaSE
SBA-15_PEI_41%_SBA-15_41%PEI__T30_TGA_400ppmCO2,SBA-15_PEI_41%,10.1007/s10450-019-00171-w,051.pdf-id_comprehensive_extraction.json,SBA-15,Porous Silica Materials,PEI,Polymeric Amines,1800.0,41.0,9.534883720930234,0,,0,,816.0,0.76,3.7254901960784315,10.0,0.06,24.0,0.0,400 ppm,0.04,,,,30.0,TGA,0.90 mmol/g,0.9,0.102 mmol/mmol,0.102,,,,,,,,,,,,,,,,,,,,,,,,qwen3-max,DAC_prompt_SCaSE
SBA-15_PEI_48%_SBA-15_48%PEI__T30_TGA_10pctCO2,SBA-15_PEI_48%,10.1007/s10450-019-00171-w,051.pdf-id_comprehensive_extraction.json,SBA-15,Porous Silica Materials,PEI,Polymeric Amines,1800.0,48.0,11.162790697674419,0,,0,,816.0,0.76,3.7254901960784315,4.4,0.02,18.18181818181818,0.0,10 vol%,10.0,,,,30.0,TGA,1.11 mmol/g,1.11,0.111 mmol/mmol,0.111,,317.0,500.0,TG Curve/ CO2 adsorption profile,Normalized uptake (%),"[[0, 0.0], [20, 0.58], [40, 0.78], [60, 0.86], [80, 0.9], [100, 0.92], [150, 0.94], [200, 0.95], [300, 0.96], [380, 0.97]]","min, %","['317 min', '500 min']",,,,,,,,,,,,,,,,qwen3-max,DAC_prompt_SCaSE
SBA-15_PEI_48%_SBA-15_48%PEI__T30_TGA_400ppmCO2,SBA-15_PEI_48%,10.1007/s10450-019-00171-w,051.pdf-id_comprehensive_extraction.json,SBA-15,Porous Silica Materials,PEI,Polymeric Amines,1800.0,48.0,11.162790697674419,0,,0,,816.0,0.76,3.7254901960784315,4.4,0.02,18.18181818181818,0.0,400 ppm,0.04,,,,30.0,TGA,1.10 mmol/g,1.1,0.098 mmol/mmol,0.098,,400.0,720.0,TG Curve/ CO2 adsorption profile,Normalized uptake (%),"[[0, 0.0], [200, 0.6], [400, 0.8], [600, 0.9], [720, 0.95]]","min, %","['400 min', '720 min']",,,,,,,,,,,,,,,,qwen3-max,DAC_prompt_SCaSE
SBA-15_PPG_20%_SBA-15_20%PPG__T30_TGA_10pctCO2,SBA-15_PPG_20%,10.1007/s10450-019-00171-w,051.pdf-id_comprehensive_extraction.json,SBA-15,Porous Silica Materials,PPG,Polymeric Amines,400.0,20.0,4.651162790697675,0,,0,,816.0,0.76,3.7254901960784315,253.0,0.48,7.58893280632411,0.0,10 vol%,10.0,,,,30.0,TGA,0.25 mmol/g,0.25,0.048 mmol/mmol,0.048,,,,,,,,,,,,,,,,,,,,,,,,qwen3-max,DAC_prompt_SCaSE
SBA-15_PPG_20%_SBA-15_20%PPG__T30_TGA_400ppmCO2,SBA-15_PPG_20%,10.1007/s10450-019-00171-w,051.pdf-id_comprehensive_extraction.json,SBA-15,Porous Silica Materials,PPG,Polymeric Amines,400.0,20.0,4.651162790697675,0,,0,,816.0,0.76,3.7254901960784315,253.0,0.48,7.58893280632411,0.0,400 ppm,0.04,,,,30.0,TGA,0.10 mmol/g,0.1,0.018 mmol/mmol,0.018,,,,,,,,,,,,,,,,,,,,,,,,qwen3-max,DAC_prompt_SCaSE
SBA-15_PPG_28%_SBA-15_28%PPG__T30_TGA_10pctCO2,SBA-15_PPG_28%,10.1007/s10450-019-00171-w,051.pdf-id_comprehensive_extraction.json,SBA-15,Porous Silica Materials,PPG,Polymeric Amines,400.0,28.0,6.511627906976744,0,,0,,816.0,0.76,3.7254901960784315,205.0,0.37,7.219512195121951,0.0,10 vol%,10.0,,,,30.0,TGA,0.45 mmol/g,0.45,0.065 mmol/mmol,0.065,,50.0,100.0,TG Curve/ CO2 adsorption profile,Normalized uptake (%),"[[0, 0.0], [25, 0.62], [50, 0.78], [75, 0.87], [100, 0.91], [125, 0.93], [150, 0.94], [175, 0.95], [200, 0.955], [250, 0.955]]","min, %","['50 min', '100 min']",,,,,,,,,,,,,,,,qwen3-max,DAC_prompt_SCaSE
SBA-15_PPG_28%_SBA-15_28%PPG__T30_TGA_400ppmCO2,SBA-15_PPG_28%,10.1007/s10450-019-00171-w,051.pdf-id_comprehensive_extraction.json,SBA-15,Porous Silica Materials,PPG,Polymeric Amines,400.0,28.0,6.511627906976744,0,,0,,816.0,0.76,3.7254901960784315,205.0,0.37,7.219512195121951,0.0,400 ppm,0.04,,,,30.0,TGA,0.15 mmol/g,0.15,0.038 mmol/mmol,0.038,,54.0,150.0,TG Curve/ CO2 adsorption profile,Normalized uptake (%),"[[0, 0.0], [20, 0.4], [40, 0.6], [60, 0.7], [80, 0.75], [100, 0.78], [200, 0.85], [300, 0.88], [400, 0.9], [500, 0.91]]","min, %","['54 min', '150 min']",,,,,,,,,,,,,,,,qwen3-max,DAC_prompt_SCaSE
SBA-15_PPG_38%_SBA-15_38%PPG__T30_TGA_10pctCO2,SBA-15_PPG_38%,10.1007/s10450-019-00171-w,051.pdf-id_comprehensive_extraction.json,SBA-15,Porous Silica Materials,PPG,Polymeric Amines,400.0,38.0,8.837209302325581,0,,0,,816.0,0.76,3.7254901960784315,81.0,0.2,9.876543209876543,0.0,10 vol%,10.0,,,,30.0,TGA,0.90 mmol/g,0.9,0.090 mmol/mmol,0.09,,75.0,125.0,TG Curve/ CO2 adsorption profile,Normalized uptake (%),"[[0, 0.0], [25, 0.65], [50, 0.82], [75, 0.9], [100, 0.93], [125, 0.94], [150, 0.95], [175, 0.96], [200, 0.965], [250, 0.965]]","min, %","['75 min', '125 min']",,,,,,,,,,,,,,,,qwen3-max,DAC_prompt_SCaSE
SBA-15_PPG_38%_SBA-15_38%PPG__T30_TGA_400ppmCO2,SBA-15_PPG_38%,10.1007/s10450-019-00171-w,051.pdf-id_comprehensive_extraction.json,SBA-15,Porous Silica Materials,PPG,Polymeric Amines,400.0,38.0,8.837209302325581,0,,0,,816.0,0.76,3.7254901960784315,81.0,0.2,9.876543209876543,0.0,400 ppm,0.04,,,,30.0,TGA,0.45 mmol/g,0.45,0.044 mmol/mmol,0.044,,100.0,182.0,TG Curve/ CO2 adsorption profile,Normalized uptake (%),"[[0, 0.0], [50, 0.5], [100, 0.7], [150, 0.8], [182, 0.85], [200, 0.86], [300, 0.88], [400, 0.89], [500, 0.9]]","min, %","['100 min', '182 min']",,,,,,,,,,,,,,,,qwen3-max,DAC_prompt_SCaSE
SBA-15_PPG_41%_SBA-15_41%PPG__T30_TGA_10pctCO2,SBA-15_PPG_41%,10.1007/s10450-019-00171-w,051.pdf-id_comprehensive_extraction.json,SBA-15,Porous Silica Materials,PPG,Polymeric Amines,400.0,41.0,9.534883720930234,0,,0,,816.0,0.76,3.7254901960784315,40.0,0.12,12.0,0.0,10 vol%,10.0,,,,30.0,TGA,1.05 mmol/g,1.05,0.095 mmol/mmol,0.095,,,,,,,,,,,,,,,,,,,,,,,,qwen3-max,DAC_prompt_SCaSE
SBA-15_PPG_41%_SBA-15_41%PPG__T30_TGA_400ppmCO2,SBA-15_PPG_41%,10.1007/s10450-019-00171-w,051.pdf-id_comprehensive_extraction.json,SBA-15,Porous Silica Materials,PPG,Polymeric Amines,400.0,41.0,9.534883720930234,0,,0,,816.0,0.76,3.7254901960784315,40.0,0.12,12.0,0.0,400 ppm,0.04,,,,30.0,TGA,0.50 mmol/g,0.5,0.046 mmol/mmol,0.046,,,,,,,,,,,,,,,,,,,,,,,,qwen3-max,DAC_prompt_SCaSE
SBA-15_PPG_50%_SBA-15_50%PPG__T30_TGA_10pctCO2,SBA-15_PPG_50%,10.1007/s10450-019-00171-w,051.pdf-id_comprehensive_extraction.json,SBA-15,Porous Silica Materials,PPG,Polymeric Amines,400.0,50.0,11.627906976744187,0,,0,,816.0,0.76,3.7254901960784315,16.0,0.07,17.5,0.0,10 vol%,10.0,,,,30.0,TGA,1.12 mmol/g,1.12,0.080 mmol/mmol,0.08,70.0,100.0,180.0,TG Curve/ CO2 adsorption profile,Normalized uptake (%),"[[0, 0.0], [25, 0.68], [50, 0.85], [75, 0.92], [100, 0.95], [125, 0.96], [150, 0.97], [175, 0.975], [200, 0.98], [250, 0.98]]","min, %","['100 min', '180 min']",,,,,,Cyclic CO2 profile,CO₂ adsorption capacity (mmol CO₂/g),"[[1, 1.12], [2, 0.85], [3, 0.72], [4, 0.62], [5, 0.49]]",mmol/g,5.0,Weight/mass profile,Normalized weight change (%),"[[0, 1.0], [10, 0.91], [30, 0.87], [60, 0.84], [100, 0.82], [150, 0.81], [200, 0.8], [250, 0.79], [300, 0.78], [350, 0.77]]","min, %",350.0,qwen3-max,DAC_prompt_SCaSE
SBA-15_PPG_50%_SBA-15_50%PPG__T30_TGA_400ppmCO2,SBA-15_PPG_50%,10.1007/s10450-019-00171-w,051.pdf-id_comprehensive_extraction.json,SBA-15,Porous Silica Materials,PPG,Polymeric Amines,400.0,50.0,11.627906976744187,0,,0,,816.0,0.76,3.7254901960784315,16.0,0.07,17.5,0.0,400 ppm,0.04,,,,30.0,TGA,0.63 mmol/g,0.63,0.042 mmol/mmol,0.042,,200.0,532.0,TG Curve/ CO2 adsorption profile,Normalized uptake (%),"[[0, 0.0], [100, 0.5], [200, 0.7], [300, 0.8], [400, 0.85], [500, 0.88], [532, 0.9]]","min, %","['200 min', '532 min']",,,,,,,,,,,,,,,,qwen3-max,DAC_prompt_SCaSE
SBA-15_PPG_50%_SBA-15_50%PPG__T100_TSA_10pctCO2_cycle,SBA-15_PPG_50%,10.1007/s10450-019-00171-w,051.pdf-id_comprehensive_extraction.json,SBA-15,Porous Silica Materials,PPG,Polymeric Amines,400.0,50.0,11.627906976744187,0,,0,,816.0,0.76,3.7254901960784315,16.0,0.07,17.5,0.0,10 vol%,10.0,,,,30.0,TGA,0.84 mmol/g,0.84,,,,,,,,,,,He,100.0,1.0,,,Cyclic CO2 profile,CO₂ adsorption capacity (mmol CO₂/g),"[[1, 0.87], [2, 0.86], [3, 0.85], [4, 0.85], [5, 0.84]]",mmol/g,5.0,Weight/mass profile,Normalized weight change (%),"[[0, 1.0], [10, 0.9], [30, 0.88], [60, 0.87], [100, 0.86], [150, 0.86], [200, 0.86], [250, 0.86], [300, 0.86], [350, 0.86]]","min, %",350.0,qwen3-max,DAC_prompt_SCaSE
Mesoporous_γ-Al2O3_PEI_30%_Mesoporous_γ-Al2O3_30%PEI_bare_T30_BTC_400ppm_50pctRH,Mesoporous_γ-Al2O3_PEI_30%,10.1021/ie500983g,052.pdf-id_comprehensive_extraction.json,Mesoporous γ-Al2O3,Porous Alumina (PA),PEI,Polymeric Amines,800.0,30.0,6.976744186046512,0,,0,,243.0,1.04,17.11934156378601,38.0,0.17,17.894736842105264,50.0,400 ppm,0.04,400 mL/min,400.0,,30.0,BTC,1.71 mmol/g,1.71,0.22 mol CO2/mol N,0.22,,,,,,,,,,,,,,,,,,,,,,,,qwen3-max,DAC_prompt_SCaSE
Mesoporous_γ-Al2O3_PEI_30%_Mesoporous_γ-Al2O3_30%PEI_5minSteam_T30_BTC_400ppm_50pctRH,Mesoporous_γ-Al2O3_PEI_30%,10.1021/ie500983g,052.pdf-id_comprehensive_extraction.json,Mesoporous γ-Al2O3,Porous Alumina (PA),PEI,Polymeric Amines,800.0,30.0,6.976744186046512,0,,0,,243.0,1.04,17.11934156378601,38.0,0.17,17.894736842105264,50.0,400 ppm,0.04,400 mL/min,400.0,,30.0,BTC,1.96 mmol/g,1.96,0.25 mol CO2/mol N,0.25,,,,,,,,,,,,,,,,,,,,,,,,qwen3-max,DAC_prompt_SCaSE
Mesoporous_γ-Al2O3_PEI_30%_Mesoporous_γ-Al2O3_30%PEI_90minSteam_T30_BTC_400ppm_50pctRH,Mesoporous_γ-Al2O3_PEI_30%,10.1021/ie500983g,052.pdf-id_comprehensive_extraction.json,Mesoporous γ-Al2O3,Porous Alumina (PA),PEI,Polymeric Amines,800.0,30.0,6.976744186046512,0,,0,,243.0,1.04,17.11934156378601,38.0,0.17,17.894736842105264,50.0,400 ppm,0.04,400 mL/min,400.0,,30.0,BTC,1.73 mmol/g,1.73,0.21 mol CO2/mol N,0.21,,,,,,,,,,,,,,,,,,,,,,,,qwen3-max,DAC_prompt_SCaSE
Mesoporous_γ-Al2O3_PEI_30%_Mesoporous_γ-Al2O3_30%PEI_90minCycledSteam_T30_BTC_400ppm_50pctRH,Mesoporous_γ-Al2O3_PEI_30%,10.1021/ie500983g,052.pdf-id_comprehensive_extraction.json,Mesoporous γ-Al2O3,Porous Alumina (PA),PEI,Polymeric Amines,800.0,30.0,6.976744186046512,0,,0,,243.0,1.04,17.11934156378601,38.0,0.17,17.894736842105264,50.0,400 ppm,0.04,400 mL/min,400.0,,30.0,BTC,1.79 mmol/g,1.79,0.25 mol CO2/mol N,0.25,,,,,,,,,,,,,,,,,,,,,,,,qwen3-max,DAC_prompt_SCaSE
Mesoporous_γ-Al2O3_PEI_30%_Mesoporous_γ-Al2O3_30%PEI_12hSteam_T30_BTC_400ppm_50pctRH,Mesoporous_γ-Al2O3_PEI_30%,10.1021/ie500983g,052.pdf-id_comprehensive_extraction.json,Mesoporous γ-Al2O3,Porous Alumina (PA),PEI,Polymeric Amines,800.0,30.0,6.976744186046512,0,,0,,243.0,1.04,17.11934156378601,38.0,0.17,17.894736842105264,50.0,400 ppm,0.04,400 mL/min,400.0,,30.0,BTC,1.5 mmol/g,1.5,0.20 mol CO2/mol N,0.2,,,,,,,,,,,,,,,,,,,,,,,,qwen3-max,DAC_prompt_SCaSE
Mesoporous_γ-Al2O3_PEI_30%_Mesoporous_γ-Al2O3_30%PEI_24hSteam_T30_BTC_400ppm_50pctRH,Mesoporous_γ-Al2O3_PEI_30%,10.1021/ie500983g,052.pdf-id_comprehensive_extraction.json,Mesoporous γ-Al2O3,Porous Alumina (PA),PEI,Polymeric Amines,800.0,30.0,6.976744186046512,0,,0,,243.0,1.04,17.11934156378601,38.0,0.17,17.894736842105264,50.0,400 ppm,0.04,400 mL/min,400.0,,30.0,BTC,0.66 mmol/g,0.66,0.28 mol CO2/mol N,0.28,,,,,,,,,,,,,,,,,,,,,,,,qwen3-max,DAC_prompt_SCaSE
Mesoporous_γ-Al2O3_bare_Mesoporous_γ-Al2O3_bare_T30_BTC_400ppm_50pctRH,Mesoporous_γ-Al2O3_bare,10.1021/ie500983g,052.pdf-id_comprehensive_extraction.json,Mesoporous γ-Al2O3,Porous Alumina (PA),0,,,,,0,,0,,243.0,1.04,17.11934156378601,243.0,1.04,17.11934156378601,50.0,400 ppm,0.04,400 mL/min,400.0,,30.0,BTC,,,,,,,,,,,,,,,,,,,,,,,,,,,,qwen3-max,DAC_prompt_SCaSE
Mesoporous_γ-Al2O3_PEI_10%_Mesoporous_γ-Al2O3_10%PEI_dry_T30_TGA_400ppm,Mesoporous_γ-Al2O3_PEI_10%,10.1021/ie500983g,052.pdf-id_comprehensive_extraction.json,Mesoporous γ-Al2O3,Porous Alumina (PA),PEI,Polymeric Amines,800.0,10.0,2.3255813953488373,0,,0,,243.0,1.04,17.11934156378601,131.0,0.39,11.908396946564885,0.0,400 ppm,0.04,,,,30.0,TGA,0.24 mmol/g,0.24,0.08 mol CO2/mol N,0.08,,,,,,,,,,,,,,,,,,,,,,,,qwen3-max,DAC_prompt_SCaSE
Mesoporous_γ-Al2O3_PEI_20%_Mesoporous_γ-Al2O3_20%PEI_dry_T30_TGA_400ppm,Mesoporous_γ-Al2O3_PEI_20%,10.1021/ie500983g,052.pdf-id_comprehensive_extraction.json,Mesoporous γ-Al2O3,Porous Alumina (PA),PEI,Polymeric Amines,800.0,20.0,4.651162790697675,0,,0,,243.0,1.04,17.11934156378601,73.0,0.27,14.794520547945206,0.0,400 ppm,0.04,,,,30.0,TGA,0.61 mmol/g,0.61,0.13 mol CO2/mol N,0.13,,,,,,,,,,,,,,,,,,,,,,,,qwen3-max,DAC_prompt_SCaSE
Mesoporous_γ-Al2O3_PEI_40%_Mesoporous_γ-Al2O3_40%PEI_dry_T30_TGA_400ppm,Mesoporous_γ-Al2O3_PEI_40%,10.1021/ie500983g,052.pdf-id_comprehensive_extraction.json,Mesoporous γ-Al2O3,Porous Alumina (PA),PEI,Polymeric Amines,800.0,40.0,9.30232558139535,0,,0,,243.0,1.04,17.11934156378601,4.7,0.04,34.04255319148936,0.0,400 ppm,0.04,,,,30.0,TGA,1.23 mmol/g,1.23,0.14 mol CO2/mol N,0.14,,,,,,,,,,,,,,,,,,,,,,,,qwen3-max,DAC_prompt_SCaSE
Boehmite_Mesoporous_γ-Al2O3_PEI_10%_Boehmite_Mesoporous_γ-Al2O3_10%PEI_dry_T30_TGA_400ppm,Boehmite_Mesoporous_γ-Al2O3_PEI_10%,10.1021/ie500983g,052.pdf-id_comprehensive_extraction.json,Boehmite/Mesoporous γ-Al2O3,Porous Alumina (PA),PEI,Polymeric Amines,800.0,10.0,2.3255813953488373,0,,0,,243.0,1.04,17.11934156378601,138.0,0.43,12.46376811594203,0.0,400 ppm,0.04,,,,30.0,TGA,0.26 mmol/g,0.26,0.11 mol CO2/mol N,0.11,,,,,,,,,,,,,,,,,,,,,,,,qwen3-max,DAC_prompt_SCaSE
Boehmite_Mesoporous_γ-Al2O3_PEI_20%_Boehmite_Mesoporous_γ-Al2O3_20%PEI_dry_T30_TGA_400ppm,Boehmite_Mesoporous_γ-Al2O3_PEI_20%,10.1021/ie500983g,052.pdf-id_comprehensive_extraction.json,Boehmite/Mesoporous γ-Al2O3,Porous Alumina (PA),PEI,Polymeric Amines,800.0,20.0,4.651162790697675,0,,0,,243.0,1.04,17.11934156378601,80.0,0.34,17.0,0.0,400 ppm,0.04,,,,30.0,TGA,0.47 mmol/g,0.47,0.11 mol CO2/mol N,0.11,,,,,,,,,,,,,,,,,,,,,,,,qwen3-max,DAC_prompt_SCaSE
Boehmite_Mesoporous_γ-Al2O3_PEI_30%_Boehmite_Mesoporous_γ-Al2O3_30%PEI_dry_T30_TGA_400ppm,Boehmite_Mesoporous_γ-Al2O3_PEI_30%,10.1021/ie500983g,052.pdf-id_comprehensive_extraction.json,Boehmite/Mesoporous γ-Al2O3,Porous Alumina (PA),PEI,Polymeric Amines,800.0,30.0,6.976744186046512,0,,0,,243.0,1.04,17.11934156378601,27.0,0.16,23.703703703703702,0.0,400 ppm,0.04,,,,30.0,TGA,0.89 mmol/g,0.89,0.14 mol CO2/mol N,0.14,,,,,,,,,,,,,,,,,,,,,,,,qwen3-max,DAC_prompt_SCaSE
Boehmite_Mesoporous_γ-Al2O3_PEI_40%_Boehmite_Mesoporous_γ-Al2O3_40%PEI_dry_T30_TGA_400ppm,Boehmite_Mesoporous_γ-Al2O3_PEI_40%,10.1021/ie500983g,052.pdf-id_comprehensive_extraction.json,Boehmite/Mesoporous γ-Al2O3,Porous Alumina (PA),PEI,Polymeric Amines,800.0,40.0,9.30232558139535,0,,0,,243.0,1.04,17.11934156378601,0.1,0.01,400.0,0.0,400 ppm,0.04,,,,30.0,TGA,1.12 mmol/g,1.12,0.12 mol CO2/mol N,0.12,,,,,,,,,,,,,,,,,,,,,,,,qwen3-max,DAC_prompt_SCaSE
CS-2129_PEI_33%_CS-2129_33%PEI__T25_TGA_95%CO2,CS-2129_PEI_33%,10.1016/j.jcou.2018.05.004,053.pdf-id_comprehensive_extraction.json,CS-2129,Porous Silica Materials,PEI,Polymeric Amines,25000.0,33.0,7.674418604651163,0,,0,,273.0,2.4,352.0,101.0,0.97,386.0,0.0,95% vol,95.0,60 mL/min,60.0,N2,25.0,TGA,2.19 mmol/g,2.19,0.29 mmol/mmol,0.29,,,,,,,,,N2,85.0,90.0,,,,,,,,,,,,,qwen3-max,DAC_prompt_SCaSE
CS-2129_PEI_33%_CS-2129_33%PEI__T55_TGA_95%CO2,CS-2129_PEI_33%,10.1016/j.jcou.2018.05.004,053.pdf-id_comprehensive_extraction.json,CS-2129,Porous Silica Materials,PEI,Polymeric Amines,25000.0,33.0,7.674418604651163,0,,0,,273.0,2.4,352.0,101.0,0.97,386.0,0.0,95% vol,95.0,60 mL/min,60.0,N2,55.0,TGA,2.25 mmol/g,2.25,0.29 mmol/mmol,0.29,,,,,,,,,N2,85.0,90.0,,,,,,,,,,,,,qwen3-max,DAC_prompt_SCaSE
CS-2129_PEI_33%_CS-2129_33%PEI__T85_TGA_95%CO2,CS-2129_PEI_33%,10.1016/j.jcou.2018.05.004,053.pdf-id_comprehensive_extraction.json,CS-2129,Porous Silica Materials,PEI,Polymeric Amines,25000.0,33.0,7.674418604651163,0,,0,,273.0,2.4,352.0,101.0,0.97,386.0,0.0,95% vol,95.0,60 mL/min,60.0,N2,85.0,TGA,2.06 mmol/g,2.06,0.27 mmol/mmol,0.27,,,,,,,,,N2,85.0,90.0,,,,,,,,,,,,,qwen3-max,DAC_prompt_SCaSE
CS-2129_PEI_50%_CS-2129_50%PEI__T25_TGA_95%CO2,CS-2129_PEI_50%,10.1016/j.jcou.2018.05.004,053.pdf-id_comprehensive_extraction.json,CS-2129,Porous Silica Materials,PEI,Polymeric Amines,25000.0,50.0,11.627906976744187,0,,0,,273.0,2.4,352.0,44.0,0.41,371.0,0.0,95% vol,95.0,60 mL/min,60.0,N2,25.0,TGA,2.44 mmol/g,2.44,0.21 mmol/mmol,0.21,,5.0,20.0,Fixed-Bed Breakthrough Testing,CO₂ adsorption (% of maximum),"[[0, 0], [10, 78], [20, 88], [30, 92], [40, 94], [60, 96], [80, 97], [100, 98], [150, 99], [200, 99]]","min, %","[5, 20]",N2,85.0,90.0,,,,,,,,,,,,,qwen3-max,DAC_prompt_SCaSE
CS-2129_PEI_50%_CS-2129_50%PEI__T55_TGA_95%CO2,CS-2129_PEI_50%,10.1016/j.jcou.2018.05.004,053.pdf-id_comprehensive_extraction.json,CS-2129,Porous Silica Materials,PEI,Polymeric Amines,25000.0,50.0,11.627906976744187,0,,0,,273.0,2.4,352.0,44.0,0.41,371.0,0.0,95% vol,95.0,60 mL/min,60.0,N2,55.0,TGA,3.16 mmol/g,3.16,0.27 mmol/mmol,0.27,,,,,,,,,N2,85.0,90.0,,,,,,,,,,,,,qwen3-max,DAC_prompt_SCaSE
CS-2129_PEI_50%_CS-2129_50%PEI__T85_TGA_95%CO2,CS-2129_PEI_50%,10.1016/j.jcou.2018.05.004,053.pdf-id_comprehensive_extraction.json,CS-2129,Porous Silica Materials,PEI,Polymeric Amines,25000.0,50.0,11.627906976744187,0,,0,,273.0,2.4,352.0,44.0,0.41,371.0,0.0,95% vol,95.0,60 mL/min,60.0,N2,85.0,TGA,3.09 mmol/g,3.09,0.27 mmol/mmol,0.27,,1.5,4.0,Fixed-Bed Breakthrough Testing,CO₂ adsorption (% of maximum),"[[0, 0], [1, 45], [2, 68], [4, 82], [10, 92], [30, 96], [60, 98], [90, 99], [120, 99.2], [180, 99.5]]","min, %","[1.5, 4]",N2,85.0,90.0,,,,,,,,,,,,,qwen3-max,DAC_prompt_SCaSE
CS-2129_PEI_67%_CS-2129_67%PEI__T25_TGA_95%CO2,CS-2129_PEI_67%,10.1016/j.jcou.2018.05.004,053.pdf-id_comprehensive_extraction.json,CS-2129,Porous Silica Materials,PEI,Polymeric Amines,25000.0,67.0,15.58139534883721,0,,0,,273.0,2.4,352.0,0.0,0.01,,0.0,95% vol,95.0,60 mL/min,60.0,N2,25.0,TGA,0.68 mmol/g,0.68,0.04 mmol/mmol,0.04,,,,,,,,,N2,85.0,90.0,,,,,,,,,,,,,qwen3-max,DAC_prompt_SCaSE
CS-2129_PEI_67%_CS-2129_67%PEI__T55_TGA_95%CO2,CS-2129_PEI_67%,10.1016/j.jcou.2018.05.004,053.pdf-id_comprehensive_extraction.json,CS-2129,Porous Silica Materials,PEI,Polymeric Amines,25000.0,67.0,15.58139534883721,0,,0,,273.0,2.4,352.0,0.0,0.01,,0.0,95% vol,95.0,60 mL/min,60.0,N2,55.0,TGA,1.68 mmol/g,1.68,0.11 mmol/mmol,0.11,,,,,,,,,N2,85.0,90.0,,,,,,,,,,,,,qwen3-max,DAC_prompt_SCaSE
CS-2129_PEI_67%_CS-2129_67%PEI__T85_TGA_95%CO2,CS-2129_PEI_67%,10.1016/j.jcou.2018.05.004,053.pdf-id_comprehensive_extraction.json,CS-2129,Porous Silica Materials,PEI,Polymeric Amines,25000.0,67.0,15.58139534883721,0,,0,,273.0,2.4,352.0,0.0,0.01,,0.0,95% vol,95.0,60 mL/min,60.0,N2,85.0,TGA,3.39 mmol/g,3.39,0.22 mmol/mmol,0.22,,,,,,,,,N2,85.0,90.0,,,,,,,,,,,,,qwen3-max,DAC_prompt_SCaSE
CS-2133_PEI_33%_CS-2133_33%PEI__T25_TGA_95%CO2,CS-2133_PEI_33%,10.1016/j.jcou.2018.05.004,053.pdf-id_comprehensive_extraction.json,CS-2133,Porous Silica Materials,PEI,Polymeric Amines,25000.0,33.0,7.674418604651163,0,,0,,320.0,2.37,297.0,111.0,0.84,305.0,0.0,95% vol,95.0,60 mL/min,60.0,N2,25.0,TGA,1.97 mmol/g,1.97,0.26 mmol/mmol,0.26,,,,,,,,,N2,85.0,90.0,,,,,,,,,,,,,qwen3-max,DAC_prompt_SCaSE
CS-2133_PEI_33%_CS-2133_33%PEI__T55_TGA_95%CO2,CS-2133_PEI_33%,10.1016/j.jcou.2018.05.004,053.pdf-id_comprehensive_extraction.json,CS-2133,Porous Silica Materials,PEI,Polymeric Amines,25000.0,33.0,7.674418604651163,0,,0,,320.0,2.37,297.0,111.0,0.84,305.0,0.0,95% vol,95.0,60 mL/min,60.0,N2,55.0,TGA,2.31 mmol/g,2.31,0.30 mmol/mmol,0.3,,,,,,,,,N2,85.0,90.0,,,,,,,,,,,,,qwen3-max,DAC_prompt_SCaSE
CS-2133_PEI_33%_CS-2133_33%PEI__T85_TGA_95%CO2,CS-2133_PEI_33%,10.1016/j.jcou.2018.05.004,053.pdf-id_comprehensive_extraction.json,CS-2133,Porous Silica Materials,PEI,Polymeric Amines,25000.0,33.0,7.674418604651163,0,,0,,320.0,2.37,297.0,111.0,0.84,305.0,0.0,95% vol,95.0,60 mL/min,60.0,N2,85.0,TGA,2.28 mmol/g,2.28,0.30 mmol/mmol,0.3,,,,,,,,,N2,85.0,90.0,,,,,,,,,,,,,qwen3-max,DAC_prompt_SCaSE
CS-2133_PEI_50%_CS-2133_50%PEI__T25_TGA_95%CO2,CS-2133_PEI_50%,10.1016/j.jcou.2018.05.004,053.pdf-id_comprehensive_extraction.json,CS-2133,Porous Silica Materials,PEI,Polymeric Amines,25000.0,50.0,11.627906976744187,0,,0,,320.0,2.37,297.0,44.0,0.36,327.0,0.0,95% vol,95.0,60 mL/min,60.0,N2,25.0,TGA,2.39 mmol/g,2.39,0.21 mmol/mmol,0.21,,6.0,22.0,Fixed-Bed Breakthrough Testing,CO₂ adsorption (% of maximum),"[[0, 0], [10, 75], [20, 85], [30, 90], [40, 93], [60, 95], [80, 96], [100, 97], [150, 98], [200, 98]]","min, %","[6, 22]",N2,85.0,90.0,,,,,,,,,,,,,qwen3-max,DAC_prompt_SCaSE
CS-2133_PEI_50%_CS-2133_50%PEI__T55_TGA_95%CO2,CS-2133_PEI_50%,10.1016/j.jcou.2018.05.004,053.pdf-id_comprehensive_extraction.json,CS-2133,Porous Silica Materials,PEI,Polymeric Amines,25000.0,50.0,11.627906976744187,0,,0,,320.0,2.37,297.0,44.0,0.36,327.0,0.0,95% vol,95.0,60 mL/min,60.0,N2,55.0,TGA,3.06 mmol/g,3.06,0.26 mmol/mmol,0.26,,,,,,,,,N2,85.0,90.0,,,,,,,,,,,,,qwen3-max,DAC_prompt_SCaSE
CS-2133_PEI_50%_CS-2133_50%PEI__T85_TGA_95%CO2,CS-2133_PEI_50%,10.1016/j.jcou.2018.05.004,053.pdf-id_comprehensive_extraction.json,CS-2133,Porous Silica Materials,PEI,Polymeric Amines,25000.0,50.0,11.627906976744187,0,,0,,320.0,2.37,297.0,44.0,0.36,327.0,0.0,95% vol,95.0,60 mL/min,60.0,N2,85.0,TGA,3.11 mmol/g,3.11,0.27 mmol/mmol,0.27,,,,,,,,,N2,85.0,90.0,,,,,,,,,,,,,qwen3-max,DAC_prompt_SCaSE
CS-2133_PEI_67%_CS-2133_67%PEI__T25_TGA_95%CO2,CS-2133_PEI_67%,10.1016/j.jcou.2018.05.004,053.pdf-id_comprehensive_extraction.json,CS-2133,Porous Silica Materials,PEI,Polymeric Amines,25000.0,67.0,15.58139534883721,0,,0,,320.0,2.37,297.0,0.0,0.08,,0.0,95% vol,95.0,60 mL/min,60.0,N2,25.0,TGA,0.69 mmol/g,0.69,0.04 mmol/mmol,0.04,,,,,,,,,N2,85.0,90.0,,,,,,,,,,,,,qwen3-max,DAC_prompt_SCaSE
CS-2133_PEI_67%_CS-2133_67%PEI__T55_TGA_95%CO2,CS-2133_PEI_67%,10.1016/j.jcou.2018.05.004,053.pdf-id_comprehensive_extraction.json,CS-2133,Porous Silica Materials,PEI,Polymeric Amines,25000.0,67.0,15.58139534883721,0,,0,,320.0,2.37,297.0,0.0,0.08,,0.0,95% vol,95.0,60 mL/min,60.0,N2,55.0,TGA,1.73 mmol/g,1.73,0.11 mmol/mmol,0.11,,,,,,,,,N2,85.0,90.0,,,,,,,,,,,,,qwen3-max,DAC_prompt_SCaSE
CS-2133_PEI_67%_CS-2133_67%PEI__T85_TGA_95%CO2,CS-2133_PEI_67%,10.1016/j.jcou.2018.05.004,053.pdf-id_comprehensive_extraction.json,CS-2133,Porous Silica Materials,PEI,Polymeric Amines,25000.0,67.0,15.58139534883721,0,,0,,320.0,2.37,297.0,0.0,0.08,,0.0,95% vol,95.0,60 mL/min,60.0,N2,85.0,TGA,3.62 mmol/g,3.62,0.23 mmol/mmol,0.23,,,,,,,,,N2,85.0,90.0,,,,,,,,,,,,,qwen3-max,DAC_prompt_SCaSE
CS-2040_PEI_33%_CS-2040_33%PEI__T25_TGA_95%CO2,CS-2040_PEI_33%,10.1016/j.jcou.2018.05.004,053.pdf-id_comprehensive_extraction.json,CS-2040,Porous Silica Materials,PEI,Polymeric Amines,25000.0,33.0,7.674418604651163,0,,0,,404.0,2.45,242.0,160.0,1.05,264.0,0.0,95% vol,95.0,60 mL/min,60.0,N2,25.0,TGA,2.01 mmol/g,2.01,0.26 mmol/mmol,0.26,,,,,,,,,N2,85.0,90.0,,,,,,,,,,,,,qwen3-max,DAC_prompt_SCaSE
CS-2040_PEI_33%_CS-2040_33%PEI__T55_TGA_95%CO2,CS-2040_PEI_33%,10.1016/j.jcou.2018.05.004,053.pdf-id_comprehensive_extraction.json,CS-2040,Porous Silica Materials,PEI,Polymeric Amines,25000.0,33.0,7.674418604651163,0,,0,,404.0,2.45,242.0,160.0,1.05,264.0,0.0,95% vol,95.0,60 mL/min,60.0,N2,55.0,TGA,1.97 mmol/g,1.97,0.26 mmol/mmol,0.26,,,,,,,,,N2,85.0,90.0,,,,,,,,,,,,,qwen3-max,DAC_prompt_SCaSE
CS-2040_PEI_33%_CS-2040_33%PEI__T85_TGA_95%CO2,CS-2040_PEI_33%,10.1016/j.jcou.2018.05.004,053.pdf-id_comprehensive_extraction.json,CS-2040,Porous Silica Materials,PEI,Polymeric Amines,25000.0,33.0,7.674418604651163,0,,0,,404.0,2.45,242.0,160.0,1.05,264.0,0.0,95% vol,95.0,60 mL/min,60.0,N2,85.0,TGA,1.81 mmol/g,1.81,0.24 mmol/mmol,0.24,,,,,,,,,N2,85.0,90.0,,,,,,,,,,,,,qwen3-max,DAC_prompt_SCaSE
CS-2040_PEI_50%_CS-2040_50%PEI__T25_TGA_95%CO2,CS-2040_PEI_50%,10.1016/j.jcou.2018.05.004,053.pdf-id_comprehensive_extraction.json,CS-2040,Porous Silica Materials,PEI,Polymeric Amines,25000.0,50.0,11.627906976744187,0,,0,,404.0,2.45,242.0,52.0,0.33,254.0,0.0,95% vol,95.0,60 mL/min,60.0,N2,25.0,TGA,2.34 mmol/g,2.34,0.20 mmol/mmol,0.2,,8.0,25.0,Fixed-Bed Breakthrough Testing,CO₂ adsorption (% of maximum),"[[0, 0], [10, 72], [20, 82], [30, 87], [40, 90], [60, 93], [80, 94], [100, 95], [150, 96], [200, 96]]","min, %","[8, 25]",N2,85.0,90.0,,,,,,,,,,,,,qwen3-max,DAC_prompt_SCaSE
CS-2040_PEI_50%_CS-2040_50%PEI__T55_TGA_95%CO2,CS-2040_PEI_50%,10.1016/j.jcou.2018.05.004,053.pdf-id_comprehensive_extraction.json,CS-2040,Porous Silica Materials,PEI,Polymeric Amines,25000.0,50.0,11.627906976744187,0,,0,,404.0,2.45,242.0,52.0,0.33,254.0,0.0,95% vol,95.0,60 mL/min,60.0,N2,55.0,TGA,2.96 mmol/g,2.96,0.25 mmol/mmol,0.25,,,,,,,,,N2,85.0,90.0,,,,,,,,,,,,,qwen3-max,DAC_prompt_SCaSE
CS-2040_PEI_50%_CS-2040_50%PEI__T85_TGA_95%CO2,CS-2040_PEI_50%,10.1016/j.jcou.2018.05.004,053.pdf-id_comprehensive_extraction.json,CS-2040,Porous Silica Materials,PEI,Polymeric Amines,25000.0,50.0,11.627906976744187,0,,0,,404.0,2.45,242.0,52.0,0.33,254.0,0.0,95% vol,95.0,60 mL/min,60.0,N2,85.0,TGA,3.00 mmol/g,3.0,0.26 mmol/mmol,0.26,,,,,,,,,N2,85.0,90.0,,,,,,,,,,,,,qwen3-max,DAC_prompt_SCaSE
CS-2040_PEI_67%_CS-2040_67%PEI__T25_TGA_95%CO2,CS-2040_PEI_67%,10.1016/j.jcou.2018.05.004,053.pdf-id_comprehensive_extraction.json,CS-2040,Porous Silica Materials,PEI,Polymeric Amines,25000.0,67.0,15.58139534883721,0,,0,,404.0,2.45,242.0,0.0,0.0,,0.0,95% vol,95.0,60 mL/min,60.0,N2,25.0,TGA,0.68 mmol/g,0.68,0.04 mmol/mmol,0.04,,,,,,,,,N2,85.0,90.0,,,,,,,,,,,,,qwen3-max,DAC_prompt_SCaSE
CS-2040_PEI_67%_CS-2040_67%PEI__T55_TGA_95%CO2,CS-2040_PEI_67%,10.1016/j.jcou.2018.05.004,053.pdf-id_comprehensive_extraction.json,CS-2040,Porous Silica Materials,PEI,Polymeric Amines,25000.0,67.0,15.58139534883721,0,,0,,404.0,2.45,242.0,0.0,0.0,,0.0,95% vol,95.0,60 mL/min,60.0,N2,55.0,TGA,1.78 mmol/g,1.78,0.11 mmol/mmol,0.11,,,,,,,,,N2,85.0,90.0,,,,,,,,,,,,,qwen3-max,DAC_prompt_SCaSE
CS-2040_PEI_67%_CS-2040_67%PEI__T85_TGA_95%CO2,CS-2040_PEI_67%,10.1016/j.jcou.2018.05.004,053.pdf-id_comprehensive_extraction.json,CS-2040,Porous Silica Materials,PEI,Polymeric Amines,25000.0,67.0,15.58139534883721,0,,0,,404.0,2.45,242.0,0.0,0.0,,0.0,95% vol,95.0,60 mL/min,60.0,N2,85.0,TGA,3.61 mmol/g,3.61,0.23 mmol/mmol,0.23,,,,,,,,,N2,85.0,90.0,,,,,,,,,,,,,qwen3-max,DAC_prompt_SCaSE
CS-2050_PEI_33%_CS-2050_33%PEI__T25_TGA_95%CO2,CS-2050_PEI_33%,10.1016/j.jcou.2018.05.004,053.pdf-id_comprehensive_extraction.json,CS-2050,Porous Silica Materials,PEI,Polymeric Amines,25000.0,33.0,7.674418604651163,0,,0,,540.0,2.53,187.0,160.0,0.9,225.0,0.0,95% vol,95.0,60 mL/min,60.0,N2,25.0,TGA,1.89 mmol/g,1.89,0.25 mmol/mmol,0.25,,,,,,,,,N2,85.0,90.0,,,,,,,,,,,,,qwen3-max,DAC_prompt_SCaSE
CS-2050_PEI_33%_CS-2050_33%PEI__T55_TGA_95%CO2,CS-2050_PEI_33%,10.1016/j.jcou.2018.05.004,053.pdf-id_comprehensive_extraction.json,CS-2050,Porous Silica Materials,PEI,Polymeric Amines,25000.0,33.0,7.674418604651163,0,,0,,540.0,2.53,187.0,160.0,0.9,225.0,0.0,95% vol,95.0,60 mL/min,60.0,N2,55.0,TGA,1.77 mmol/g,1.77,0.23 mmol/mmol,0.23,,,,,,,,,N2,85.0,90.0,,,,,,,,,,,,,qwen3-max,DAC_prompt_SCaSE
CS-2050_PEI_33%_CS-2050_33%PEI__T85_TGA_95%CO2,CS-2050_PEI_33%,10.1016/j.jcou.2018.05.004,053.pdf-id_comprehensive_extraction.json,CS-2050,Porous Silica Materials,PEI,Polymeric Amines,25000.0,33.0,7.674418604651163,0,,0,,540.0,2.53,187.0,160.0,0.9,225.0,0.0,95% vol,95.0,60 mL/min,60.0,N2,85.0,TGA,1.64 mmol/g,1.64,0.21 mmol/mmol,0.21,,,,,,,,,N2,85.0,90.0,,,,,,,,,,,,,qwen3-max,DAC_prompt_SCaSE
CS-2050_PEI_50%_CS-2050_50%PEI__T25_TGA_95%CO2,CS-2050_PEI_50%,10.1016/j.jcou.2018.05.004,053.pdf-id_comprehensive_extraction.json,CS-2050,Porous Silica Materials,PEI,Polymeric Amines,25000.0,50.0,11.627906976744187,0,,0,,540.0,2.53,187.0,57.0,0.29,203.0,0.0,95% vol,95.0,60 mL/min,60.0,N2,25.0,TGA,1.50 mmol/g,1.5,0.13 mmol/mmol,0.13,,12.0,40.0,Fixed-Bed Breakthrough Testing,CO₂ adsorption (% of maximum),"[[0, 0], [10, 68], [20, 78], [30, 84], [40, 88], [60, 91], [80, 92], [100, 93], [150, 94], [200, 94]]","min, %","[12, 40]",N2,85.0,90.0,,,,,,,,,,,,,qwen3-max,DAC_prompt_SCaSE
CS-2050_PEI_50%_CS-2050_50%PEI__T55_TGA_95%CO2,CS-2050_PEI_50%,10.1016/j.jcou.2018.05.004,053.pdf-id_comprehensive_extraction.json,CS-2050,Porous Silica Materials,PEI,Polymeric Amines,25000.0,50.0,11.627906976744187,0,,0,,540.0,2.53,187.0,57.0,0.29,203.0,0.0,95% vol,95.0,60 mL/min,60.0,N2,55.0,TGA,2.23 mmol/g,2.23,0.19 mmol/mmol,0.19,,,,,,,,,N2,85.0,90.0,,,,,,,,,,,,,qwen3-max,DAC_prompt_SCaSE
CS-2050_PEI_50%_CS-2050_50%PEI__T85_TGA_95%CO2,CS-2050_PEI_50%,10.1016/j.jcou.2018.05.004,053.pdf-id_comprehensive_extraction.json,CS-2050,Porous Silica Materials,PEI,Polymeric Amines,25000.0,50.0,11.627906976744187,0,,0,,540.0,2.53,187.0,57.0,0.29,203.0,0.0,95% vol,95.0,60 mL/min,60.0,N2,85.0,TGA,2.99 mmol/g,2.99,0.26 mmol/mmol,0.26,,14.0,45.0,Fixed-Bed Breakthrough Testing,CO₂ adsorption (% of maximum),"[[0, 0], [1, 35], [2, 55], [4, 70], [10, 84], [30, 91], [60, 94], [90, 96.5], [120, 97.0], [180, 97.8]]","min, %","[14, 45]",N2,85.0,90.0,,,,,,,,,,,,,qwen3-max,DAC_prompt_SCaSE
CS-2050_PEI_67%_CS-2050_67%PEI__T25_TGA_95%CO2,CS-2050_PEI_67%,10.1016/j.jcou.2018.05.004,053.pdf-id_comprehensive_extraction.json,CS-2050,Porous Silica Materials,PEI,Polymeric Amines,25000.0,67.0,15.58139534883721,0,,0,,540.0,2.53,187.0,0.0,0.0,,0.0,95% vol,95.0,60 mL/min,60.0,N2,25.0,TGA,0.46 mmol/g,0.46,0.03 mmol/mmol,0.03,,,,,,,,,N2,85.0,90.0,,,,,,,,,,,,,qwen3-max,DAC_prompt_SCaSE
CS-2050_PEI_67%_CS-2050_67%PEI__T55_TGA_95%CO2,CS-2050_PEI_67%,10.1016/j.jcou.2018.05.004,053.pdf-id_comprehensive_extraction.json,CS-2050,Porous Silica Materials,PEI,Polymeric Amines,25000.0,67.0,15.58139534883721,0,,0,,540.0,2.53,187.0,0.0,0.0,,0.0,95% vol,95.0,60 mL/min,60.0,N2,55.0,TGA,1.15 mmol/g,1.15,0.07 mmol/mmol,0.07,,,,,,,,,N2,85.0,90.0,,,,,,,,,,,,,qwen3-max,DAC_prompt_SCaSE
CS-2050_PEI_67%_CS-2050_67%PEI__T85_TGA_95%CO2,CS-2050_PEI_67%,10.1016/j.jcou.2018.05.004,053.pdf-id_comprehensive_extraction.json,CS-2050,Porous Silica Materials,PEI,Polymeric Amines,25000.0,67.0,15.58139534883721,0,,0,,540.0,2.53,187.0,0.0,0.0,,0.0,95% vol,95.0,60 mL/min,60.0,N2,85.0,TGA,2.50 mmol/g,2.5,0.16 mmol/mmol,0.16,,,,,,,,,N2,85.0,90.0,,,,,,,,,,,,,qwen3-max,DAC_prompt_SCaSE
EP10X_PEI_33%_EP10X_33%PEI__T25_TGA_95%CO2,EP10X_PEI_33%,10.1016/j.jcou.2018.05.004,053.pdf-id_comprehensive_extraction.json,EP10X,Porous Silica Materials,PEI,Polymeric Amines,25000.0,33.0,7.674418604651163,0,,0,,295.0,2.1,284.0,116.0,0.9,310.0,0.0,95% vol,95.0,60 mL/min,60.0,N2,25.0,TGA,2.02 mmol/g,2.02,0.26 mmol/mmol,0.26,,,,,,,,,N2,85.0,90.0,,,,,,,,,,,,,qwen3-max,DAC_prompt_SCaSE
EP10X_PEI_33%_EP10X_33%PEI__T55_TGA_95%CO2,EP10X_PEI_33%,10.1016/j.jcou.2018.05.004,053.pdf-id_comprehensive_extraction.json,EP10X,Porous Silica Materials,PEI,Polymeric Amines,25000.0,33.0,7.674418604651163,0,,0,,295.0,2.1,284.0,116.0,0.9,310.0,0.0,95% vol,95.0,60 mL/min,60.0,N2,55.0,TGA,2.30 mmol/g,2.3,0.30 mmol/mmol,0.3,,,,,,,,,N2,85.0,90.0,,,,,,,,,,,,,qwen3-max,DAC_prompt_SCaSE
EP10X_PEI_33%_EP10X_33%PEI__T85_TGA_95%CO2,EP10X_PEI_33%,10.1016/j.jcou.2018.05.004,053.pdf-id_comprehensive_extraction.json,EP10X,Porous Silica Materials,PEI,Polymeric Amines,25000.0,33.0,7.674418604651163,0,,0,,295.0,2.1,284.0,116.0,0.9,310.0,0.0,95% vol,95.0,60 mL/min,60.0,N2,85.0,TGA,2.21 mmol/g,2.21,0.29 mmol/mmol,0.29,,,,,,,,,N2,85.0,90.0,,,,,,,,,,,,,qwen3-max,DAC_prompt_SCaSE
EP10X_PEI_50%_EP10X_50%PEI__T25_TGA_95%CO2,EP10X_PEI_50%,10.1016/j.jcou.2018.05.004,053.pdf-id_comprehensive_extraction.json,EP10X,Porous Silica Materials,PEI,Polymeric Amines,25000.0,50.0,11.627906976744187,0,,0,,295.0,2.1,284.0,52.0,0.4,312.0,0.0,95% vol,95.0,60 mL/min,60.0,N2,25.0,TGA,2.50 mmol/g,2.5,0.22 mmol/mmol,0.22,,15.0,50.0,Fixed-Bed Breakthrough Testing,CO₂ adsorption (% of maximum),"[[0, 0], [10, 65], [20, 75], [30, 82], [40, 86], [60, 89], [80, 90], [100, 91], [150, 92], [200, 92]]","min, %","[15, 50]",N2,85.0,90.0,,,,,,,,,,,,,qwen3-max,DAC_prompt_SCaSE
EP10X_PEI_50%_EP10X_50%PEI__T55_TGA_95%CO2,EP10X_PEI_50%,10.1016/j.jcou.2018.05.004,053.pdf-id_comprehensive_extraction.json,EP10X,Porous Silica Materials,PEI,Polymeric Amines,25000.0,50.0,11.627906976744187,0,,0,,295.0,2.1,284.0,52.0,0.4,312.0,0.0,95% vol,95.0,60 mL/min,60.0,N2,55.0,TGA,3.25 mmol/g,3.25,0.28 mmol/mmol,0.28,,,,,,,,,N2,85.0,90.0,,,,,,,,,,,,,qwen3-max,DAC_prompt_SCaSE
EP10X_PEI_50%_EP10X_50%PEI__T85_TGA_95%CO2,EP10X_PEI_50%,10.1016/j.jcou.2018.05.004,053.pdf-id_comprehensive_extraction.json,EP10X,Porous Silica Materials,PEI,Polymeric Amines,25000.0,50.0,11.627906976744187,0,,0,,295.0,2.1,284.0,52.0,0.4,312.0,0.0,95% vol,95.0,60 mL/min,60.0,N2,85.0,TGA,3.11 mmol/g,3.11,0.27 mmol/mmol,0.27,,,,,,,,,N2,85.0,90.0,,,,,,,,,,,,,qwen3-max,DAC_prompt_SCaSE
EP10X_PEI_67%_EP10X_67%PEI__T25_TGA_95%CO2,EP10X_PEI_67%,10.1016/j.jcou.2018.05.004,053.pdf-id_comprehensive_extraction.json,EP10X,Porous Silica Materials,PEI,Polymeric Amines,25000.0,67.0,15.58139534883721,0,,0,,295.0,2.1,284.0,0.0,0.0,,0.0,95% vol,95.0,60 mL/min,60.0,N2,25.0,TGA,0.52 mmol/g,0.52,0.03 mmol/mmol,0.03,,,,,,,,,N2,85.0,90.0,,,,,,,,,,,,,qwen3-max,DAC_prompt_SCaSE
EP10X_PEI_67%_EP10X_67%PEI__T55_TGA_95%CO2,EP10X_PEI_67%,10.1016/j.jcou.2018.05.004,053.pdf-id_comprehensive_extraction.json,EP10X,Porous Silica Materials,PEI,Polymeric Amines,25000.0,67.0,15.58139534883721,0,,0,,295.0,2.1,284.0,0.0,0.0,,0.0,95% vol,95.0,60 mL/min,60.0,N2,55.0,TGA,1.39 mmol/g,1.39,0.09 mmol/mmol,0.09,,,,,,,,,N2,85.0,90.0,,,,,,,,,,,,,qwen3-max,DAC_prompt_SCaSE
EP10X_PEI_67%_EP10X_67%PEI__T85_TGA_95%CO2,EP10X_PEI_67%,10.1016/j.jcou.2018.05.004,053.pdf-id_comprehensive_extraction.json,EP10X,Porous Silica Materials,PEI,Polymeric Amines,25000.0,67.0,15.58139534883721,0,,0,,295.0,2.1,284.0,0.0,0.0,,0.0,95% vol,95.0,60 mL/min,60.0,N2,85.0,TGA,2.96 mmol/g,2.96,0.19 mmol/mmol,0.19,,,,,,,,,N2,85.0,90.0,,,,,,,,,,,,,qwen3-max,DAC_prompt_SCaSE
MS-3030_PEI_50%_MS-3030_50%PEI__T25_TGA_95%CO2,MS-3030_PEI_50%,10.1016/j.jcou.2018.05.004,053.pdf-id_comprehensive_extraction.json,MS-3030,Porous Silica Materials,PEI,Polymeric Amines,25000.0,50.0,11.627906976744187,0,,0,,282.0,2.69,381.0,40.0,0.43,424.0,0.0,95% vol,95.0,60 mL/min,60.0,N2,25.0,TGA,2.18 mmol/g,2.18,0.19 mmol/mmol,0.19,,3.0,15.0,Fixed-Bed Breakthrough Testing,CO₂ adsorption as percentage of maximum adsorption (%),"[[0, 0], [5, 78], [10, 85], [20, 90], [40, 94], [60, 96], [80, 97], [100, 98], [150, 99], [200, 99]]","min, %","[3, 15]",N2,85.0,90.0,,,,,,,,,,,,,qwen3-max,DAC_prompt_SCaSE
MS-3030_PEI_50%_MS-3030_50%PEI__T55_TGA_95%CO2,MS-3030_PEI_50%,10.1016/j.jcou.2018.05.004,053.pdf-id_comprehensive_extraction.json,MS-3030,Porous Silica Materials,PEI,Polymeric Amines,25000.0,50.0,11.627906976744187,0,,0,,282.0,2.69,381.0,40.0,0.43,424.0,0.0,95% vol,95.0,60 mL/min,60.0,N2,55.0,TGA,3.09 mmol/g,3.09,0.27 mmol/mmol,0.27,,,,,,,,,N2,85.0,90.0,,,,,,,,,,,,,qwen3-max,DAC_prompt_SCaSE
MS-3030_PEI_50%_MS-3030_50%PEI__T85_TGA_95%CO2,MS-3030_PEI_50%,10.1016/j.jcou.2018.05.004,053.pdf-id_comprehensive_extraction.json,MS-3030,Porous Silica Materials,PEI,Polymeric Amines,25000.0,50.0,11.627906976744187,0,,0,,282.0,2.69,381.0,40.0,0.43,424.0,0.0,95% vol,95.0,60 mL/min,60.0,N2,85.0,TGA,3.28 mmol/g,3.28,0.28 mmol/mmol,0.28,,,,,,,,,N2,85.0,90.0,,,,,,,,,,,,,qwen3-max,DAC_prompt_SCaSE
MS-3040_PEI_50%_MS-3040_50%PEI__T25_TGA_95%CO2,MS-3040_PEI_50%,10.1016/j.jcou.2018.05.004,053.pdf-id_comprehensive_extraction.json,MS-3040,Porous Silica Materials,PEI,Polymeric Amines,25000.0,50.0,11.627906976744187,0,,0,,379.0,3.09,325.0,29.0,0.22,308.0,0.0,95% vol,95.0,60 mL/min,60.0,N2,25.0,TGA,2.27 mmol/g,2.27,0.20 mmol/mmol,0.2,,4.0,18.0,Fixed-Bed Breakthrough Testing,CO₂ adsorption as percentage of maximum adsorption (%),"[[0, 0], [5, 75], [10, 82], [20, 88], [40, 92], [60, 94], [80, 95], [100, 96], [150, 97], [200, 97]]","min, %","[4, 18]",N2,85.0,90.0,,,,,,,,,,,,,qwen3-max,DAC_prompt_SCaSE
MS-3040_PEI_50%_MS-3040_50%PEI__T55_TGA_95%CO2,MS-3040_PEI_50%,10.1016/j.jcou.2018.05.004,053.pdf-id_comprehensive_extraction.json,MS-3040,Porous Silica Materials,PEI,Polymeric Amines,25000.0,50.0,11.627906976744187,0,,0,,379.0,3.09,325.0,29.0,0.22,308.0,0.0,95% vol,95.0,60 mL/min,60.0,N2,55.0,TGA,3.07 mmol/g,3.07,0.26 mmol/mmol,0.26,,,,,,,,,N2,85.0,90.0,,,,,,,,,,,,,qwen3-max,DAC_prompt_SCaSE
MS-3040_PEI_50%_MS-3040_50%PEI__T85_TGA_95%CO2,MS-3040_PEI_50%,10.1016/j.jcou.2018.05.004,053.pdf-id_comprehensive_extraction.json,MS-3040,Porous Silica Materials,PEI,Polymeric Amines,25000.0,50.0,11.627906976744187,0,,0,,379.0,3.09,325.0,29.0,0.22,308.0,0.0,95% vol,95.0,60 mL/min,60.0,N2,85.0,TGA,3.26 mmol/g,3.26,0.28 mmol/mmol,0.28,,,,,,,,,N2,85.0,90.0,,,,,,,,,,,,,qwen3-max,DAC_prompt_SCaSE
MS-3050_PEI_50%_MS-3050_50%PEI__T25_TGA_95%CO2,MS-3050_PEI_50%,10.1016/j.jcou.2018.05.004,053.pdf-id_comprehensive_extraction.json,MS-3050,Porous Silica Materials,PEI,Polymeric Amines,25000.0,50.0,11.627906976744187,0,,0,,517.0,3.15,244.0,46.0,0.31,271.0,0.0,95% vol,95.0,60 mL/min,60.0,N2,25.0,TGA,1.77 mmol/g,1.77,0.15 mmol/mmol,0.15,,6.0,25.0,Fixed-Bed Breakthrough Testing,CO₂ adsorption as percentage of maximum adsorption (%),"[[0, 0], [5, 72], [10, 79], [20, 85], [40, 90], [60, 92], [80, 93], [100, 94], [150, 95], [200, 95]]","min, %","[6, 25]",N2,85.0,90.0,,,,,,,,,,,,,qwen3-max,DAC_prompt_SCaSE
MS-3050_PEI_50%_MS-3050_50%PEI__T55_TGA_95%CO2,MS-3050_PEI_50%,10.1016/j.jcou.2018.05.004,053.pdf-id_comprehensive_extraction.json,MS-3050,Porous Silica Materials,PEI,Polymeric Amines,25000.0,50.0,11.627906976744187,0,,0,,517.0,3.15,244.0,46.0,0.31,271.0,0.0,95% vol,95.0,60 mL/min,60.0,N2,55.0,TGA,2.66 mmol/g,2.66,0.23 mmol/mmol,0.23,,,,,,,,,N2,85.0,90.0,,,,,,,,,,,,,qwen3-max,DAC_prompt_SCaSE
MS-3050_PEI_50%_MS-3050_50%PEI__T85_TGA_95%CO2,MS-3050_PEI_50%,10.1016/j.jcou.2018.05.004,053.pdf-id_comprehensive_extraction.json,MS-3050,Porous Silica Materials,PEI,Polymeric Amines,25000.0,50.0,11.627906976744187,0,,0,,517.0,3.15,244.0,46.0,0.31,271.0,0.0,95% vol,95.0,60 mL/min,60.0,N2,85.0,TGA,2.71 mmol/g,2.71,0.23 mmol/mmol,0.23,,,,,,,,,N2,85.0,90.0,,,,,,,,,,,,,qwen3-max,DAC_prompt_SCaSE
MS-3065_PEI_50%_MS-3065_50%PEI__T25_TGA_95%CO2,MS-3065_PEI_50%,10.1016/j.jcou.2018.05.004,053.pdf-id_comprehensive_extraction.json,MS-3065,Porous Silica Materials,PEI,Polymeric Amines,25000.0,50.0,11.627906976744187,0,,0,,646.0,2.96,184.0,33.0,0.18,217.0,0.0,95% vol,95.0,60 mL/min,60.0,N2,25.0,TGA,1.46 mmol/g,1.46,0.13 mmol/mmol,0.13,,8.0,35.0,Fixed-Bed Breakthrough Testing,CO₂ adsorption as percentage of maximum adsorption (%),"[[0, 0], [5, 68], [10, 75], [20, 82], [40, 87], [60, 90], [80, 91], [100, 92], [150, 93], [200, 93]]","min, %","[8, 35]",N2,85.0,90.0,,,,,,,,,,,,,qwen3-max,DAC_prompt_SCaSE
MS-3065_PEI_50%_MS-3065_50%PEI__T55_TGA_95%CO2,MS-3065_PEI_50%,10.1016/j.jcou.2018.05.004,053.pdf-id_comprehensive_extraction.json,MS-3065,Porous Silica Materials,PEI,Polymeric Amines,25000.0,50.0,11.627906976744187,0,,0,,646.0,2.96,184.0,33.0,0.18,217.0,0.0,95% vol,95.0,60 mL/min,60.0,N2,55.0,TGA,2.18 mmol/g,2.18,0.19 mmol/mmol,0.19,,,,,,,,,N2,85.0,90.0,,,,,,,,,,,,,qwen3-max,DAC_prompt_SCaSE
MS-3065_PEI_50%_MS-3065_50%PEI__T85_TGA_95%CO2,MS-3065_PEI_50%,10.1016/j.jcou.2018.05.004,053.pdf-id_comprehensive_extraction.json,MS-3065,Porous Silica Materials,PEI,Polymeric Amines,25000.0,50.0,11.627906976744187,0,,0,,646.0,2.96,184.0,33.0,0.18,217.0,0.0,95% vol,95.0,60 mL/min,60.0,N2,85.0,TGA,2.54 mmol/g,2.54,0.22 mmol/mmol,0.22,,,,,,,,,N2,85.0,90.0,,,,,,,,,,,,,qwen3-max,DAC_prompt_SCaSE
ES70Y_PEI_50%_ES70Y_50%PEI__T25_TGA_95%CO2,ES70Y_PEI_50%,10.1016/j.jcou.2018.05.004,053.pdf-id_comprehensive_extraction.json,ES70Y,Porous Silica Materials,PEI,Polymeric Amines,25000.0,50.0,11.627906976744187,0,,0,,265.0,1.57,237.0,35.0,0.27,308.0,0.0,95% vol,95.0,60 mL/min,60.0,N2,25.0,TGA,1.94 mmol/g,1.94,0.17 mmol/mmol,0.17,,10.0,50.0,Fixed-Bed Breakthrough Testing,CO₂ adsorption as percentage of maximum adsorption (%),"[[0, 0], [5, 65], [10, 72], [20, 78], [40, 84], [60, 87], [80, 89], [100, 90], [150, 91], [200, 91]]","min, %","[10, 50]",N2,85.0,90.0,,,,,,,,,,,,,qwen3-max,DAC_prompt_SCaSE
ES70Y_PEI_50%_ES70Y_50%PEI__T55_TGA_95%CO2,ES70Y_PEI_50%,10.1016/j.jcou.2018.05.004,053.pdf-id_comprehensive_extraction.json,ES70Y,Porous Silica Materials,PEI,Polymeric Amines,25000.0,50.0,11.627906976744187,0,,0,,265.0,1.57,237.0,35.0,0.27,308.0,0.0,95% vol,95.0,60 mL/min,60.0,N2,55.0,TGA,2.86 mmol/g,2.86,0.25 mmol/mmol,0.25,,,,,,,,,N2,85.0,90.0,,,,,,,,,,,,,qwen3-max,DAC_prompt_SCaSE
ES70Y_PEI_50%_ES70Y_50%PEI__T85_TGA_95%CO2,ES70Y_PEI_50%,10.1016/j.jcou.2018.05.004,053.pdf-id_comprehensive_extraction.json,ES70Y,Porous Silica Materials,PEI,Polymeric Amines,25000.0,50.0,11.627906976744187,0,,0,,265.0,1.57,237.0,35.0,0.27,308.0,0.0,95% vol,95.0,60 mL/min,60.0,N2,85.0,TGA,3.14 mmol/g,3.14,0.27 mmol/mmol,0.27,,,,,,,,,N2,85.0,90.0,,,,,,,,,,,,,qwen3-max,DAC_prompt_SCaSE
MIL-101(Cr)_bare_MIL-101(Cr)_bare_-20C_400ppmCO2_SAP_dry,MIL-101(Cr)_bare,10.1021/jacsau.1c00414,054.pdf-id_comprehensive_extraction.json,MIL-101(Cr),Metal-Organic Frameworks (MOFs),0,,,,,0,,0,,3493.0,2.2,2.9,,,,0.0,400 ppm,0.04,90 mL/min,90.0,,-20.0,TGA,0.01 mmol/g,0.01,,,,,,,,,,,,,,,,,,,,,,,,,,qwen3-max,DAC_prompt_SCaSE
MIL-101(Cr)_bare_MIL-101(Cr)_bare_25C_400ppmCO2_SAP_dry,MIL-101(Cr)_bare,10.1021/jacsau.1c00414,054.pdf-id_comprehensive_extraction.json,MIL-101(Cr),Metal-Organic Frameworks (MOFs),0,,,,,0,,0,,3493.0,2.2,2.9,,,,0.0,400 ppm,0.04,90 mL/min,90.0,,25.0,TGA,0.0008 mmol/g,0.0008,,,,,,,,,,,,,,,,,,,,,,,,,,qwen3-max,DAC_prompt_SCaSE
MIL-101(Cr)_PEI_10%_MIL-101(Cr)_10%PEI_-20C_400ppmCO2_SAP_dry,MIL-101(Cr)_PEI_10%,10.1021/jacsau.1c00414,054.pdf-id_comprehensive_extraction.json,MIL-101(Cr),Metal-Organic Frameworks (MOFs),PEI,Polymeric Amines,800.0,10.0,2.3255813953488373,0,,0,,3493.0,2.1,2.404809619238477,,,,0.0,400 ppm,0.04,90 mL/min,90.0,,-20.0,SAP,0.05 mmol/g,0.05,0.02 mmol/mmol,0.02,,,,,,,,,,,,,,,,,,,,,,,,qwen3-max,DAC_prompt_SCaSE
MIL-101(Cr)_PEI_10%_MIL-101(Cr)_10%PEI_25C_400ppmCO2_SAP_dry,MIL-101(Cr)_PEI_10%,10.1021/jacsau.1c00414,054.pdf-id_comprehensive_extraction.json,MIL-101(Cr),Metal-Organic Frameworks (MOFs),PEI,Polymeric Amines,800.0,10.0,2.3255813953488373,0,,0,,3493.0,2.1,2.404809619238477,,,,0.0,400 ppm,0.04,90 mL/min,90.0,,25.0,SAP,0.006 mmol/g,0.006,0.002 mmol/mmol,0.002,,,,,,,,,,,,,,,,,,,,,,,,qwen3-max,DAC_prompt_SCaSE
MIL-101(Cr)_PEI_30%_MIL-101(Cr)_30%PEI_-20C_400ppmCO2_SAP_dry,MIL-101(Cr)_PEI_30%,10.1021/jacsau.1c00414,054.pdf-id_comprehensive_extraction.json,MIL-101(Cr),Metal-Organic Frameworks (MOFs),PEI,Polymeric Amines,800.0,30.0,6.976744186046512,0,,0,,3493.0,1.75,2.004008016032064,,,,0.0,400 ppm,0.04,90 mL/min,90.0,,-20.0,SAP,0.78 mmol/g,0.78,0.11 mmol/mmol,0.11,-56.0,,,,,,,,,,,,,,,,,,,,,,,qwen3-max,DAC_prompt_SCaSE
MIL-101(Cr)_PEI_30%_MIL-101(Cr)_30%PEI_25C_400ppmCO2_SAP_dry,MIL-101(Cr)_PEI_30%,10.1021/jacsau.1c00414,054.pdf-id_comprehensive_extraction.json,MIL-101(Cr),Metal-Organic Frameworks (MOFs),PEI,Polymeric Amines,800.0,30.0,6.976744186046512,0,,0,,3493.0,1.75,2.004008016032064,,,,0.0,400 ppm,0.04,90 mL/min,90.0,,25.0,SAP,0.24 mmol/g,0.24,0.03 mmol/mmol,0.03,-56.0,,,,,,,,,,,,,,,,,,,,,,,qwen3-max,DAC_prompt_SCaSE
MIL-101(Cr)_PEI_50%_MIL-101(Cr)_50%PEI_-20C_400ppmCO2_SAP_dry,MIL-101(Cr)_PEI_50%,10.1021/jacsau.1c00414,054.pdf-id_comprehensive_extraction.json,MIL-101(Cr),Metal-Organic Frameworks (MOFs),PEI,Polymeric Amines,800.0,50.0,11.627906976744187,0,,0,,3493.0,1.2,1.3741769252791296,,,,0.0,400 ppm,0.04,90 mL/min,90.0,,-20.0,SAP,1.64 mmol/g,1.64,0.13 mmol/mmol,0.13,-99.0,,,,,,,,,,,,,,,,,,,,,,,qwen3-max,DAC_prompt_SCaSE
MIL-101(Cr)_PEI_50%_MIL-101(Cr)_50%PEI_25C_400ppmCO2_SAP_dry,MIL-101(Cr)_PEI_50%,10.1021/jacsau.1c00414,054.pdf-id_comprehensive_extraction.json,MIL-101(Cr),Metal-Organic Frameworks (MOFs),PEI,Polymeric Amines,800.0,50.0,11.627906976744187,0,,0,,3493.0,1.2,1.3741769252791296,,,,0.0,400 ppm,0.04,90 mL/min,90.0,,25.0,SAP,1.81 mmol/g,1.81,0.14 mmol/mmol,0.14,-99.0,,,,,,,,,,,,,,,,,,,,,,,qwen3-max,DAC_prompt_SCaSE
MIL-101(Cr)_PEI_50%_MIL-101(Cr)_50%PEI_-20Cto60C_TSA_15cycles_dry,MIL-101(Cr)_PEI_50%,10.1021/jacsau.1c00414,054.pdf-id_comprehensive_extraction.json,MIL-101(Cr),Metal-Organic Frameworks (MOFs),PEI,Polymeric Amines,800.0,50.0,11.627906976744187,0,,0,,3493.0,1.2,1.3741769252791296,,,,0.0,400 ppm,0.04,90 mL/min,90.0,,-20.0,TGA,1.11 mmol/g,1.11,,,,,,,,,,,He,60.0,2.0,,,Cyclic CO2 profile,CO2 adsorption (mmol/g),"[[1, 1.2], [2, 1.2], [3, 1.2], [4, 1.2], [5, 1.2], [6, 1.2], [7, 1.2], [8, 1.2], [9, 1.2], [10, 1.2], [11, 1.2], [12, 1.2], [13, 1.2], [14, 1.2], [15, 1.2]]","Cycle Number, mmol/g",15.0,,,,,,qwen3-max,DAC_prompt_SCaSE
MIL-101(Cr)_TEPA_10%_MIL-101(Cr)_10%TEPA_-20C_400ppmCO2_SAP_dry,MIL-101(Cr)_TEPA_10%,10.1021/jacsau.1c00414,054.pdf-id_comprehensive_extraction.json,MIL-101(Cr),Metal-Organic Frameworks (MOFs),TEPA,Small-Molecule Polyamines,189.3,10.0,2.3255813953488373,0,,0,,3493.0,2.1,2.404809619238477,,,,0.0,400 ppm,0.04,90 mL/min,90.0,,-20.0,SAP,0.02 mmol/g,0.02,0.01 mmol/mmol,0.01,,,,,,,,,,,,,,,,,,,,,,,,qwen3-max,DAC_prompt_SCaSE
MIL-101(Cr)_TEPA_10%_MIL-101(Cr)_10%TEPA_25C_400ppmCO2_SAP_dry,MIL-101(Cr)_TEPA_10%,10.1021/jacsau.1c00414,054.pdf-id_comprehensive_extraction.json,MIL-101(Cr),Metal-Organic Frameworks (MOFs),TEPA,Small-Molecule Polyamines,189.3,10.0,2.3255813953488373,0,,0,,3493.0,2.1,2.404809619238477,,,,0.0,400 ppm,0.04,90 mL/min,90.0,,25.0,SAP,0.002 mmol/g,0.002,0.0005 mmol/mmol,0.0005,,,,,,,,,,,,,,,,,,,,,,,,qwen3-max,DAC_prompt_SCaSE
MIL-101(Cr)_TEPA_30%_MIL-101(Cr)_30%TEPA_-20C_400ppmCO2_SAP_dry,MIL-101(Cr)_TEPA_30%,10.1021/jacsau.1c00414,054.pdf-id_comprehensive_extraction.json,MIL-101(Cr),Metal-Organic Frameworks (MOFs),TEPA,Small-Molecule Polyamines,189.3,30.0,6.976744186046512,0,,0,,3493.0,1.75,2.004008016032064,,,,0.0,400 ppm,0.04,90 mL/min,90.0,,-20.0,SAP,1.12 mmol/g,1.12,0.14 mmol/mmol,0.14,-62.0,,,,,,,,,,,,,,,,,,,,,,,qwen3-max,DAC_prompt_SCaSE
MIL-101(Cr)_TEPA_30%_MIL-101(Cr)_30%TEPA_25C_400ppmCO2_SAP_dry,MIL-101(Cr)_TEPA_30%,10.1021/jacsau.1c00414,054.pdf-id_comprehensive_extraction.json,MIL-101(Cr),Metal-Organic Frameworks (MOFs),TEPA,Small-Molecule Polyamines,189.3,30.0,6.976744186046512,0,,0,,3493.0,1.75,2.004008016032064,,,,0.0,400 ppm,0.04,90 mL/min,90.0,,25.0,SAP,0.39 mmol/g,0.39,0.05 mmol/mmol,0.05,-62.0,,,,,,,,,,,,,,,,,,,,,,,qwen3-max,DAC_prompt_SCaSE
MIL-101(Cr)_TEPA_30%_MIL-101(Cr)_30%TEPA_-20Cto25C_TSA_15cycles_dry,MIL-101(Cr)_TEPA_30%,10.1021/jacsau.1c00414,054.pdf-id_comprehensive_extraction.json,MIL-101(Cr),Metal-Organic Frameworks (MOFs),TEPA,Small-Molecule Polyamines,189.3,30.0,6.976744186046512,0,,0,,3493.0,1.75,2.004008016032064,,,,0.0,400 ppm,0.04,90 mL/min,90.0,,-20.0,TGA,0.73 mmol/g,0.73,,,,,,,,,,,He,25.0,2.0,,,Cyclic CO2 profile,CO2 adsorption (mmol/g),"[[1, 1.28], [2, 0.88], [3, 0.87], [4, 0.86], [5, 0.86], [6, 0.85], [7, 0.85], [8, 0.84], [9, 0.84], [10, 0.84], [11, 0.83], [12, 0.83], [13, 0.83], [14, 0.82], [15, 0.82]]","Cycle Number, mmol/g",15.0,,,,,,qwen3-max,DAC_prompt_SCaSE
MIL-101(Cr)_TEPA_30%_MIL-101(Cr)_30%TEPA_-20C_70%RH_BTC_humid,MIL-101(Cr)_TEPA_30%,10.1021/jacsau.1c00414,054.pdf-id_comprehensive_extraction.json,MIL-101(Cr),Metal-Organic Frameworks (MOFs),TEPA,Small-Molecule Polyamines,189.3,30.0,6.976744186046512,0,,0,,3493.0,1.75,2.004008016032064,,,,70.0,400 ppm,0.04,50 mL/min,50.0,,-20.0,BTC,0.95 mmol/g,0.95,,,,43.333333333333336,60.0,Fixed-Bed Breakthrough Testing,C/C₀ [-],"[[0, 0.0], [10, 0.0], [20, 0.0], [30, 0.1], [40, 0.4], [50, 0.7], [60, 0.9], [70, 1.0], [90, 1.0], [120, 1.0]]","Time [min], C/C₀ [-]","['-', '-']",,,,,,,,,,,,,,,,qwen3-max,DAC_prompt_SCaSE
MIL-101(Cr)_TEPA_30%_MIL-101(Cr)_30%TEPA_-20C_70%RH_BTC_5cycles_humid,MIL-101(Cr)_TEPA_30%,10.1021/jacsau.1c00414,054.pdf-id_comprehensive_extraction.json,MIL-101(Cr),Metal-Organic Frameworks (MOFs),TEPA,Small-Molecule Polyamines,189.3,30.0,6.976744186046512,0,,0,,3493.0,1.75,2.004008016032064,,,,70.0,400 ppm,0.04,50 mL/min,50.0,,-20.0,BTC,0.82 mmol/g,0.82,,,,,,,,,,,N₂,25.0,2.0,,,Cyclic CO2 profile,Pseudoequilibrium capacity at 95% C₀,"[[1, 0.87], [2, 0.86], [3, 0.85], [4, 0.85], [5, 0.84]]","Cycle Number, mmol/g",5.0,,,,,,qwen3-max,DAC_prompt_SCaSE
MIL-101(Cr)_TEPA_50%_MIL-101(Cr)_50%TEPA_-20C_400ppmCO2_SAP_dry,MIL-101(Cr)_TEPA_50%,10.1021/jacsau.1c00414,054.pdf-id_comprehensive_extraction.json,MIL-101(Cr),Metal-Organic Frameworks (MOFs),TEPA,Small-Molecule Polyamines,189.3,50.0,11.627906976744187,0,,0,,3493.0,1.2,1.3741769252791296,,,,0.0,400 ppm,0.04,90 mL/min,90.0,,-20.0,SAP,1.26 mmol/g,1.26,0.10 mmol/mmol,0.1,-101.0,,,,,,,,,,,,,,,,,,,,,,,qwen3-max,DAC_prompt_SCaSE
MIL-101(Cr)_TEPA_50%_MIL-101(Cr)_50%TEPA_25C_400ppmCO2_SAP_dry,MIL-101(Cr)_TEPA_50%,10.1021/jacsau.1c00414,054.pdf-id_comprehensive_extraction.json,MIL-101(Cr),Metal-Organic Frameworks (MOFs),TEPA,Small-Molecule Polyamines,189.3,50.0,11.627906976744187,0,,0,,3493.0,1.2,1.3741769252791296,,,,0.0,400 ppm,0.04,90 mL/min,90.0,,25.0,SAP,2.14 mmol/g,2.14,0.16 mmol/mmol,0.16,-101.0,,,,,,,,,,,,,,,,,,,,,,,qwen3-max,DAC_prompt_SCaSE
MIL-101(Cr)_TEPA_30%_MIL-101(Cr)_30%TEPA_DEA_T-20_BTC_Dry_400ppm_0%RH_40sccm,MIL-101(Cr)_TEPA_30%,10.1021/jacs.2c12707,055.pdf-id_comprehensive_extraction.json,MIL-101(Cr),Metal-Organic Frameworks (MOFs),TEPA,Small-Molecule Polyamines,189.3,30.0,6.976744186046512,Additive,,0,,3270.0,1.84,2.4,,,,0.0,400 ppm,0.04,40 sccm,40.0,,-20.0,BTC,1.11 mmol/g,1.11,,,,90.0,135.0,Fixed-Bed Breakthrough Testing,C/C0,"[[0, 0.0], [60, 0.2], [90, 0.5], [120, 0.8], [150, 1.0]]","min, -","['-', '-']",,,,,,,,,,,,,,,,qwen3-max,DAC_prompt_SCaSE
MIL-101(Cr)_TEPA_30%_MIL-101(Cr)_30%TEPA_DEA_T-20_BTC_Humid_400ppm_70%RH_40sccm,MIL-101(Cr)_TEPA_30%,10.1021/jacs.2c12707,055.pdf-id_comprehensive_extraction.json,MIL-101(Cr),Metal-Organic Frameworks (MOFs),TEPA,Small-Molecule Polyamines,189.3,30.0,6.976744186046512,Additive,,0,,3270.0,1.84,2.4,,,,70.0,400 ppm,0.04,40 sccm,40.0,,-20.0,BTC,1.87 mmol/g,1.87,,,,80.0,120.0,Fixed-Bed Breakthrough Testing,C/C0,"[[0, 0.0], [60, 0.3], [90, 0.6], [120, 0.9], [150, 1.0]]","min, -","['-', '-']",,,,,,,,,,,,,,,,qwen3-max,DAC_prompt_SCaSE
MIL-101(Cr)_TEPA_30%_MIL-101(Cr)_30%TEPA_DEA_T-5_BTC_Dry_400ppm_0%RH_40sccm,MIL-101(Cr)_TEPA_30%,10.1021/jacs.2c12707,055.pdf-id_comprehensive_extraction.json,MIL-101(Cr),Metal-Organic Frameworks (MOFs),TEPA,Small-Molecule Polyamines,189.3,30.0,6.976744186046512,Additive,,0,,3270.0,1.84,2.4,,,,0.0,400 ppm,0.04,40 sccm,40.0,,-5.0,BTC,0.78 mmol/g,0.78,,,,48.0,87.84,Fixed-Bed Breakthrough Testing,C/C0,"[[0, 0.0], [30, 0.25], [60, 0.65], [90, 0.9], [120, 0.98]]","min, -","['-', '-']",,,,,,,,,,,,,,,,qwen3-max,DAC_prompt_SCaSE
MIL-101(Cr)_TEPA_30%_MIL-101(Cr)_30%TEPA_DEA_T-5_BTC_Humid_400ppm_70%RH_40sccm,MIL-101(Cr)_TEPA_30%,10.1021/jacs.2c12707,055.pdf-id_comprehensive_extraction.json,MIL-101(Cr),Metal-Organic Frameworks (MOFs),TEPA,Small-Molecule Polyamines,189.3,30.0,6.976744186046512,Additive,,0,,3270.0,1.84,2.4,,,,70.0,400 ppm,0.04,40 sccm,40.0,,-5.0,BTC,0.92 mmol/g,0.92,,,,52.70270270270271,97.0,Fixed-Bed Breakthrough Testing,C/C0,"[[0, 0.0], [30, 0.18], [60, 0.55], [90, 0.8], [120, 0.92]]","min, -","['-', '-']",,,,,,,,,,,,,,,,qwen3-max,DAC_prompt_SCaSE
MIL-101(Cr)_TEPA_30%_MIL-101(Cr)_30%TEPA_DEA_T25_BTC_Dry_400ppm_0%RH_40sccm,MIL-101(Cr)_TEPA_30%,10.1021/jacs.2c12707,055.pdf-id_comprehensive_extraction.json,MIL-101(Cr),Metal-Organic Frameworks (MOFs),TEPA,Small-Molecule Polyamines,189.3,30.0,6.976744186046512,Additive,,0,,3270.0,1.84,2.4,,,,0.0,400 ppm,0.04,40 sccm,40.0,,25.0,BTC,0.11 mmol/g,0.11,,,,60.0,75.0,Fixed-Bed Breakthrough Testing,C/C0,"[[0, 0.0], [50, 0.2], [60, 0.5], [70, 0.8], [80, 1.0]]","min, -","['-', '-']",,,,,,,,,,,,,,,,qwen3-max,DAC_prompt_SCaSE
MIL-101(Cr)_TEPA_30%_MIL-101(Cr)_30%TEPA_DEA_T25_BTC_Humid_400ppm_70%RH_40sccm,MIL-101(Cr)_TEPA_30%,10.1021/jacs.2c12707,055.pdf-id_comprehensive_extraction.json,MIL-101(Cr),Metal-Organic Frameworks (MOFs),TEPA,Small-Molecule Polyamines,189.3,30.0,6.976744186046512,Additive,,0,,3270.0,1.84,2.4,,,,70.0,400 ppm,0.04,40 sccm,40.0,,25.0,BTC,0.38 mmol/g,0.38,,,,1.0,1.75,Fixed-Bed Breakthrough Testing,C/C0,"[[0, 0.0], [0.5, 0.2], [1.0, 0.5], [1.5, 0.8], [2.0, 1.0]]","min, -","['-', '-']",,,,,,,,,,,,,,,,qwen3-max,DAC_prompt_SCaSE
MIL-101(Cr)_TEPA_30%_MIL-101(Cr)_30%TEPA_DEA_T-20_TPD_Dry_400ppm_0%RH,MIL-101(Cr)_TEPA_30%,10.1021/jacs.2c12707,055.pdf-id_comprehensive_extraction.json,MIL-101(Cr),Metal-Organic Frameworks (MOFs),TEPA,Small-Molecule Polyamines,189.3,30.0,6.976744186046512,Additive,,0,,3270.0,1.84,2.4,,,,0.0,400 ppm,0.04,,,,-20.0,TGA,1.11 mmol/g,1.11,,,62.4,,,,,,,,,,,,,,,,,,,,,,,qwen3-max,DAC_prompt_SCaSE
MIL-101(Cr)_TEPA_30%_MIL-101(Cr)_30%TEPA_DEA_T-20_TPD_Humid_400ppm_70%RH,MIL-101(Cr)_TEPA_30%,10.1021/jacs.2c12707,055.pdf-id_comprehensive_extraction.json,MIL-101(Cr),Metal-Organic Frameworks (MOFs),TEPA,Small-Molecule Polyamines,189.3,30.0,6.976744186046512,Additive,,0,,3270.0,1.84,2.4,,,,70.0,400 ppm,0.04,,,,-20.0,TGA,1.87 mmol/g,1.87,,,91.7,,,,,,,,,,,,,,,,,,,,,,,qwen3-max,DAC_prompt_SCaSE
MIL-101(Cr)_TEPA_30%_MIL-101(Cr)_30%TEPA_DEA_T-5_TPD_Dry_400ppm_0%RH,MIL-101(Cr)_TEPA_30%,10.1021/jacs.2c12707,055.pdf-id_comprehensive_extraction.json,MIL-101(Cr),Metal-Organic Frameworks (MOFs),TEPA,Small-Molecule Polyamines,189.3,30.0,6.976744186046512,Additive,,0,,3270.0,1.84,2.4,,,,0.0,400 ppm,0.04,,,,-5.0,TGA,0.78 mmol/g,0.78,,,69.6,,,,,,,,,,,,,,,,,,,,,,,qwen3-max,DAC_prompt_SCaSE
MIL-101(Cr)_TEPA_30%_MIL-101(Cr)_30%TEPA_DEA_T-5_TPD_Humid_400ppm_70%RH,MIL-101(Cr)_TEPA_30%,10.1021/jacs.2c12707,055.pdf-id_comprehensive_extraction.json,MIL-101(Cr),Metal-Organic Frameworks (MOFs),TEPA,Small-Molecule Polyamines,189.3,30.0,6.976744186046512,Additive,,0,,3270.0,1.84,2.4,,,,70.0,400 ppm,0.04,,,,-5.0,TGA,0.92 mmol/g,0.92,,,68.3,,,,,,,,,,,,,,,,,,,,,,,qwen3-max,DAC_prompt_SCaSE
MIL-101(Cr)_TEPA_30%_MIL-101(Cr)_30%TEPA_DEA_T25_TPD_Dry_400ppm_0%RH,MIL-101(Cr)_TEPA_30%,10.1021/jacs.2c12707,055.pdf-id_comprehensive_extraction.json,MIL-101(Cr),Metal-Organic Frameworks (MOFs),TEPA,Small-Molecule Polyamines,189.3,30.0,6.976744186046512,Additive,,0,,3270.0,1.84,2.4,,,,0.0,400 ppm,0.04,,,,25.0,TGA,0.11 mmol/g,0.11,,,,,,,,,,,,,,,,,,,,,,,,,,qwen3-max,DAC_prompt_SCaSE
MIL-101(Cr)_TEPA_30%_MIL-101(Cr)_30%TEPA_DEA_T25_TPD_Humid_400ppm_70%RH,MIL-101(Cr)_TEPA_30%,10.1021/jacs.2c12707,055.pdf-id_comprehensive_extraction.json,MIL-101(Cr),Metal-Organic Frameworks (MOFs),TEPA,Small-Molecule Polyamines,189.3,30.0,6.976744186046512,Additive,,0,,3270.0,1.84,2.4,,,,70.0,400 ppm,0.04,,,,25.0,TGA,0.38 mmol/g,0.38,,,62.4,,,,,,,,,,,,,,,,,,,,,,,qwen3-max,DAC_prompt_SCaSE
Mesoporous_γ-Al2O3_TEPA_20%_Mesoporous_γ-Al2O3_20%TEPA_DEA_T-20_BTC_Dry_400ppm_0%RH_40sccm,Mesoporous_γ-Al2O3_TEPA_20%,10.1021/jacs.2c12707,055.pdf-id_comprehensive_extraction.json,Mesoporous γ-Al2O3,Porous Alumina (PA),TEPA,Small-Molecule Polyamines,189.3,20.0,4.651162790697675,Additive,,0,,153.0,0.95,16.1,,,,0.0,400 ppm,0.04,40 sccm,40.0,,-20.0,BTC,0.81 mmol/g,0.81,,,,5.5,7.916666666666668,Fixed-Bed Breakthrough Testing,C/C0,"[[0, 0.0], [4, 0.15], [5, 0.35], [6, 0.55], [7, 0.7], [8, 0.82], [9, 0.9]]","min, -","['-', '-']",,,,,,,,,,,,,,,,qwen3-max,DAC_prompt_SCaSE
Mesoporous_γ-Al2O3_TEPA_20%_Mesoporous_γ-Al2O3_20%TEPA_DEA_T-20_BTC_Humid_400ppm_70%RH_40sccm,Mesoporous_γ-Al2O3_TEPA_20%,10.1021/jacs.2c12707,055.pdf-id_comprehensive_extraction.json,Mesoporous γ-Al2O3,Porous Alumina (PA),TEPA,Small-Molecule Polyamines,189.3,20.0,4.651162790697675,Additive,,0,,153.0,0.95,16.1,,,,70.0,400 ppm,0.04,40 sccm,40.0,,-20.0,BTC,1.98 mmol/g,1.98,,,,5.0,7.500000000000001,Fixed-Bed Breakthrough Testing,C/C0,"[[0, 0.0], [4, 0.3], [5, 0.5], [6, 0.7], [7, 0.85], [8, 0.95], [9, 1.0]]","min, -","['-', '-']",,,,,,,,,,,,,,,,qwen3-max,DAC_prompt_SCaSE
Mesoporous_γ-Al2O3_TEPA_20%_Mesoporous_γ-Al2O3_20%TEPA_DEA_T-5_BTC_Dry_400ppm_0%RH_40sccm,Mesoporous_γ-Al2O3_TEPA_20%,10.1021/jacs.2c12707,055.pdf-id_comprehensive_extraction.json,Mesoporous γ-Al2O3,Porous Alumina (PA),TEPA,Small-Molecule Polyamines,189.3,20.0,4.651162790697675,Additive,,0,,153.0,0.95,16.1,,,,0.0,400 ppm,0.04,40 sccm,40.0,,-5.0,BTC,0.95 mmol/g,0.95,,,,119.1,155.75,Fixed-Bed Breakthrough Testing,C/C0,"[[0, 0.0], [90, 0.0], [120, 0.5], [150, 0.85], [180, 0.97]]","min, -","['-', '-']",,,,,,,,,,,,,,,,qwen3-max,DAC_prompt_SCaSE
Mesoporous_γ-Al2O3_TEPA_20%_Mesoporous_γ-Al2O3_20%TEPA_DEA_T-5_BTC_Humid_400ppm_70%RH_40sccm,Mesoporous_γ-Al2O3_TEPA_20%,10.1021/jacs.2c12707,055.pdf-id_comprehensive_extraction.json,Mesoporous γ-Al2O3,Porous Alumina (PA),TEPA,Small-Molecule Polyamines,189.3,20.0,4.651162790697675,Additive,,0,,153.0,0.95,16.1,,,,70.0,400 ppm,0.04,40 sccm,40.0,,-5.0,BTC,1.33 mmol/g,1.33,,,,114.5,146.4375,Fixed-Bed Breakthrough Testing,C/C0,"[[0, 0.0], [90, 0.0], [120, 0.6], [150, 0.92], [180, 0.98]]","min, -","['-', '-']",,,,,,,,,,,,,,,,qwen3-max,DAC_prompt_SCaSE
Mesoporous_γ-Al2O3_TEPA_20%_Mesoporous_γ-Al2O3_20%TEPA_DEA_T25_BTC_Dry_400ppm_0%RH_40sccm,Mesoporous_γ-Al2O3_TEPA_20%,10.1021/jacs.2c12707,055.pdf-id_comprehensive_extraction.json,Mesoporous γ-Al2O3,Porous Alumina (PA),TEPA,Small-Molecule Polyamines,189.3,20.0,4.651162790697675,Additive,,0,,153.0,0.95,16.1,,,,0.0,400 ppm,0.04,40 sccm,40.0,,25.0,BTC,1.10 mmol/g,1.1,,,,125.625,161.0,Fixed-Bed Breakthrough Testing,C/C0,"[[0, 0.0], [90, 0.0], [120, 0.4], [150, 0.8], [180, 0.95]]","min, -","['-', '-']",,,,,,,,,,,,,,,,qwen3-max,DAC_prompt_SCaSE
Mesoporous_γ-Al2O3_TEPA_20%_Mesoporous_γ-Al2O3_20%TEPA_DEA_T25_BTC_Humid_400ppm_70%RH_40sccm,Mesoporous_γ-Al2O3_TEPA_20%,10.1021/jacs.2c12707,055.pdf-id_comprehensive_extraction.json,Mesoporous γ-Al2O3,Porous Alumina (PA),TEPA,Small-Molecule Polyamines,189.3,20.0,4.651162790697675,Additive,,0,,153.0,0.95,16.1,,,,70.0,400 ppm,0.04,40 sccm,40.0,,25.0,BTC,1.33 mmol/g,1.33,,,,114.5,148.2,Fixed-Bed Breakthrough Testing,C/C0,"[[0, 0.0], [90, 0.0], [120, 0.6], [150, 0.9], [180, 0.98]]","min, -","['-', '-']",,,,,,,,,,,,,,,,qwen3-max,DAC_prompt_SCaSE
Mesoporous_γ-Al2O3_TEPA_20%_Mesoporous_γ-Al2O3_20%TEPA_DEA_T-20_TPD_Dry_400ppm_0%RH,Mesoporous_γ-Al2O3_TEPA_20%,10.1021/jacs.2c12707,055.pdf-id_comprehensive_extraction.json,Mesoporous γ-Al2O3,Porous Alumina (PA),TEPA,Small-Molecule Polyamines,189.3,20.0,4.651162790697675,Additive,,0,,153.0,0.95,16.1,,,,0.0,400 ppm,0.04,,,,-20.0,TGA,0.81 mmol/g,0.81,,,100.5,,,,,,,,,,,,,,,,,,,,,,,qwen3-max,DAC_prompt_SCaSE
Mesoporous_γ-Al2O3_TEPA_20%_Mesoporous_γ-Al2O3_20%TEPA_DEA_T-20_TPD_Humid_400ppm_70%RH,Mesoporous_γ-Al2O3_TEPA_20%,10.1021/jacs.2c12707,055.pdf-id_comprehensive_extraction.json,Mesoporous γ-Al2O3,Porous Alumina (PA),TEPA,Small-Molecule Polyamines,189.3,20.0,4.651162790697675,Additive,,0,,153.0,0.95,16.1,,,,70.0,400 ppm,0.04,,,,-20.0,TGA,1.98 mmol/g,1.98,,,121.1,,,,,,,,,,,,,,,,,,,,,,,qwen3-max,DAC_prompt_SCaSE
Mesoporous_γ-Al2O3_TEPA_20%_Mesoporous_γ-Al2O3_20%TEPA_DEA_T-5_TPD_Dry_400ppm_0%RH,Mesoporous_γ-Al2O3_TEPA_20%,10.1021/jacs.2c12707,055.pdf-id_comprehensive_extraction.json,Mesoporous γ-Al2O3,Porous Alumina (PA),TEPA,Small-Molecule Polyamines,189.3,20.0,4.651162790697675,Additive,,0,,153.0,0.95,16.1,,,,0.0,400 ppm,0.04,,,,-5.0,TGA,0.95 mmol/g,0.95,,,101.5,,,,,,,,,,,,,,,,,,,,,,,qwen3-max,DAC_prompt_SCaSE
Mesoporous_γ-Al2O3_TEPA_20%_Mesoporous_γ-Al2O3_20%TEPA_DEA_T-5_TPD_Humid_400ppm_70%RH,Mesoporous_γ-Al2O3_TEPA_20%,10.1021/jacs.2c12707,055.pdf-id_comprehensive_extraction.json,Mesoporous γ-Al2O3,Porous Alumina (PA),TEPA,Small-Molecule Polyamines,189.3,20.0,4.651162790697675,Additive,,0,,153.0,0.95,16.1,,,,70.0,400 ppm,0.04,,,,-5.0,TGA,1.33 mmol/g,1.33,,,124.8,,,,,,,,,,,,,,,,,,,,,,,qwen3-max,DAC_prompt_SCaSE
Mesoporous_γ-Al2O3_TEPA_20%_Mesoporous_γ-Al2O3_20%TEPA_DEA_T25_TPD_Dry_400ppm_0%RH,Mesoporous_γ-Al2O3_TEPA_20%,10.1021/jacs.2c12707,055.pdf-id_comprehensive_extraction.json,Mesoporous γ-Al2O3,Porous Alumina (PA),TEPA,Small-Molecule Polyamines,189.3,20.0,4.651162790697675,Additive,,0,,153.0,0.95,16.1,,,,0.0,400 ppm,0.04,,,,25.0,TGA,1.10 mmol/g,1.1,,,99.8,,,,,,,,,,,,,,,,,,,,,,,qwen3-max,DAC_prompt_SCaSE
Mesoporous_γ-Al2O3_TEPA_20%_Mesoporous_γ-Al2O3_20%TEPA_DEA_T25_TPD_Humid_400ppm_70%RH,Mesoporous_γ-Al2O3_TEPA_20%,10.1021/jacs.2c12707,055.pdf-id_comprehensive_extraction.json,Mesoporous γ-Al2O3,Porous Alumina (PA),TEPA,Small-Molecule Polyamines,189.3,20.0,4.651162790697675,Additive,,0,,153.0,0.95,16.1,,,,70.0,400 ppm,0.04,,,,25.0,TGA,1.33 mmol/g,1.33,,,104.0,,,,,,,,,,,,,,,,,,,,,,,qwen3-max,DAC_prompt_SCaSE
MIL-101(Cr)_MEA_20%_MIL-101(Cr)_20%MEA__T273K_TGA_400ppm,MIL-101(Cr)_MEA_20%,10.1016/j.micromoso.2023.112920,056.pdf-id_comprehensive_extraction.json,MIL-101(Cr),Metal-Organic Frameworks (MOFs),MEA,Small-Molecule Polyamines,61.08,20.0,2.2,0,,0,,4044.0,1.94,2.44,3215.0,1.62,2.51,0.0,400 ppm,0.04,,,,273.0,TGA,0.0034 mmol/g,0.0034,0.2%,0.002,,,,,,,,,,,,,,,,,,,,,,,,qwen3-max,DAC_prompt_SCaSE
MIL-101(Cr)_MEA_60%_MIL-101(Cr)_60%MEA__T273K_TGA_400ppm,MIL-101(Cr)_MEA_60%,10.1016/j.micromoso.2023.112920,056.pdf-id_comprehensive_extraction.json,MIL-101(Cr),Metal-Organic Frameworks (MOFs),MEA,Small-Molecule Polyamines,61.08,60.0,4.18,0,,0,,4044.0,1.94,2.44,2792.0,1.42,2.64,0.0,400 ppm,0.04,,,,273.0,TGA,0.44 mmol/g,0.44,10%,0.1,,,,,,,,,,,,,,,,,,,,,,,,qwen3-max,DAC_prompt_SCaSE
MIL-101(Cr)_MEA_100%_MIL-101(Cr)_100%MEA__T273K_TGA_400ppm,MIL-101(Cr)_MEA_100%,10.1016/j.micromoso.2023.112920,056.pdf-id_comprehensive_extraction.json,MIL-101(Cr),Metal-Organic Frameworks (MOFs),MEA,Small-Molecule Polyamines,61.08,100.0,5.19,0,,0,,4044.0,1.94,2.44,1226.0,0.66,2.67,0.0,400 ppm,0.04,,,,273.0,TGA,1.20 mmol/g,1.2,23%,0.23,,,,,,,,,,,,,,,,,,,,,,,,qwen3-max,DAC_prompt_SCaSE
MIL-101(Cr)_MEA_100%_MIL-101(Cr)_100%MEA__T298K_TGA_400ppm,MIL-101(Cr)_MEA_100%,10.1016/j.micromoso.2023.112920,056.pdf-id_comprehensive_extraction.json,MIL-101(Cr),Metal-Organic Frameworks (MOFs),MEA,Small-Molecule Polyamines,61.08,100.0,5.19,0,,0,,4044.0,1.94,2.44,1226.0,0.66,2.67,0.0,400 ppm,0.04,,,,298.0,TGA,1.20 mmol/g,1.2,21%,0.21,,,,,,,,,,,,,,,,,,,,,,,,qwen3-max,DAC_prompt_SCaSE
MIL-101(Cr)_MEA_100%_MIL-101(Cr)_100%MEA_particles_T298K_BTC_wet_150mLmin,MIL-101(Cr)_MEA_100%,10.1016/j.micromoso.2023.112920,056.pdf-id_comprehensive_extraction.json,MIL-101(Cr),Metal-Organic Frameworks (MOFs),MEA,Small-Molecule Polyamines,61.08,100.0,5.19,0,,0,,4044.0,1.94,2.44,1226.0,0.66,2.67,80.0,400–500 ppm,0.045,150 mL/min,150.0,,298.0,BTC,2.15 mmol/g,2.15,,,,1.0,1.8,Fixed-Bed Breakthrough Testing; Fixed-Bed Breakthrough Testing; Fixed-Bed Breakthrough Testing,CO₂ content (ppm); Gas out (ppm); Gas difference (ppm),"[[0, 400], [2, 680], [5, 420], [8, 650], [10, 410], [12, 640], [15, 400], [18, 630], [22, 405], [30, 400]]; [[0, 100], [2, 180], [5, 120], [8, 200], [10, 130], [12, 210], [15, 140], [18, 220], [22, 150], [30, 120]]; [[0, 300], [2, 500], [5, 300], [8, 450], [10, 280], [12, 430], [15, 260], [18, 410], [22, 255], [30, 280]]","hour, ppm; hour, ppm; hour, ppm","['-', '-']; ['-', '-']; ['-', '-']",AIR,100.0,30.0,,,,,,,,,,,,,qwen3-max,DAC_prompt_SCaSE
MIL-101(Cr)_MEA_100%_MIL-101(Cr)_100%MEA_particles_T298K_BTC_dry_150mLmin,MIL-101(Cr)_MEA_100%,10.1016/j.micromoso.2023.112920,056.pdf-id_comprehensive_extraction.json,MIL-101(Cr),Metal-Organic Frameworks (MOFs),MEA,Small-Molecule Polyamines,61.08,100.0,5.19,0,,0,,4044.0,1.94,2.44,1226.0,0.66,2.67,0.0,400–500 ppm,0.045,150 mL/min,150.0,,298.0,BTC,1.50 mmol/g,1.5,,,,,,Fixed-Bed Breakthrough Testing,CO₂ Adsorption (μL),"[[0.0, 4.0], [1.0, 3.6], [2.0, 3.2], [3.0, 2.9], [4.0, 2.6], [5.0, 2.3], [6.0, 2.0], [8.0, 1.6], [12.0, 1.1], [20.0, 0.4]]","hour, μL","['-', '-']",AIR,100.0,20.5,,,,,,,,,,,,,qwen3-max,DAC_prompt_SCaSE
MIL-101(Cr)_MEA_100%_MIL-101(Cr)_100%MEA_particles_T298K_BTC_wet_150mLmin_cycle2,MIL-101(Cr)_MEA_100%,10.1016/j.micromoso.2023.112920,056.pdf-id_comprehensive_extraction.json,MIL-101(Cr),Metal-Organic Frameworks (MOFs),MEA,Small-Molecule Polyamines,61.08,100.0,5.19,0,,0,,4044.0,1.94,2.44,1226.0,0.66,2.67,80.0,400–500 ppm,0.045,150 mL/min,150.0,,298.0,BTC,1.49 mmol/g,1.49,,,,,,,,,,,AIR,100.0,20.5,,,,,,,,,,,,,qwen3-max,DAC_prompt_SCaSE
MIL-101(Cr)_MEA_100%_MIL-101(Cr)_100%MEA_powder_T298K_BTC_cyclic,MIL-101(Cr)_MEA_100%,10.1016/j.micromoso.2023.112920,056.pdf-id_comprehensive_extraction.json,MIL-101(Cr),Metal-Organic Frameworks (MOFs),MEA,Small-Molecule Polyamines,61.08,100.0,5.19,0,,0,,4044.0,1.94,2.44,1226.0,0.66,2.67,0.0,400 ppm,0.04,,,,298.0,BTC,,,,,,,,,,,,,N2,100.0,1.0,,29.0,Cyclic CO2 profile,CO₂ uptake (mmol g⁻¹),"[[1, 1.22], [2, 1.12], [3, 1.08], [4, 0.96], [5, 0.86]]",,5.0,,,,,,qwen3-max,DAC_prompt_SCaSE
MIL-101(Cr)_MEA_120%_MIL-101(Cr)_120%MEA__T273K_TGA_400ppm,MIL-101(Cr)_MEA_120%,10.1016/j.micromoso.2023.112920,056.pdf-id_comprehensive_extraction.json,MIL-101(Cr),Metal-Organic Frameworks (MOFs),MEA,Small-Molecule Polyamines,61.08,120.0,5.36,0,,0,,4044.0,1.94,2.44,1190.0,0.38,2.79,0.0,400 ppm,0.04,,,,273.0,TGA,0.64 mmol/g,0.64,11%,0.11,,,,,,,,,,,,,,,,,,,,,,,,qwen3-max,DAC_prompt_SCaSE
SBA-15_PGA_25%_SBA-15_25%PGA_T35_BTC_10pctCO2,SBA-15_PGA_25%,10.1021/acsami.3c12345,057.pdf-id_comprehensive_extraction.json,SBA-15,Porous Silica Materials,PGA,Polymeric Amines,1813.0,25.0,3.3,0,,0,,700.0,0.96,3.5,389.0,0.68,3.0,0.0,10%,10.0,400 mL/min,400.0,,35.0,BTC,1.0 mmol/g,1.0,0.30 mmol/mmol,0.3,,15.0,45.0,Fixed-Bed Breakthrough Testing,Mt/M∞,"[[0, 0.0], [10, 0.72], [20, 0.84], [30, 0.88], [50, 0.91], [100, 0.94], [150, 0.95], [200, 0.96], [250, 0.97], [300, 0.97]]","min, dimensionless","[15, 45]",He,90.0,20.0,,,Cyclic CO2 profile,Capacity (mmol/g),"[[1, 1.0], [2, 0.99], [3, 0.99], [4, 0.99], [5, 0.99], [6, 0.99], [7, 0.99], [8, 0.99], [9, 0.99], [10, 0.99], [11, 0.99], [12, 0.99], [13, 0.99], [14, 0.99], [15, 0.99], [16, 0.99], [17, 0.99], [18, 0.99], [19, 0.99], [20, 0.99]]",mmol/g,20.0,,,,,,qwen3-max,DAC_prompt_SCaSE
SBA-15_PGA_35%_SBA-15_35%PGA_T35_BTC_400ppmCO2,SBA-15_PGA_35%,10.1021/acsami.3c12345,057.pdf-id_comprehensive_extraction.json,SBA-15,Porous Silica Materials,PGA,Polymeric Amines,6493.0,35.0,5.4,0,,0,,700.0,0.96,3.5,534.0,0.53,4.0,0.0,400 ppm,0.04,400 mL/min,400.0,,35.0,BTC,0.6 mmol/g,0.6,0.11 mmol/mmol,0.11,,12.0,35.0,Fixed-Bed Breakthrough Testing,Mt/M∞,"[[0, 0.0], [10, 0.68], [20, 0.82], [30, 0.88], [50, 0.93], [75, 0.95], [100, 0.96], [150, 0.97], [200, 0.98], [300, 0.99]]","min, dimensionless","[12, 35]",He,90.0,20.0,,,,,,,,,,,,,qwen3-max,DAC_prompt_SCaSE
SBA-15_PGA_55%_SBA-15_55%PGA_T35_BTC_10pctCO2_Oxidative,SBA-15_PGA_55%,10.1021/acsami.3c12345,057.pdf-id_comprehensive_extraction.json,SBA-15,Porous Silica Materials,PGA,Polymeric Amines,6493.0,55.0,10.2,0,,0,,700.0,0.96,3.5,145.0,0.14,4.0,0.0,10%,10.0,400 mL/min,400.0,21% O₂,35.0,BTC,0.25 mmol/g,0.25,,,,,,,,,,,N₂,110.0,24.0,,48.0,,,,,,,,,,,qwen3-max,DAC_prompt_SCaSE
SBA-15_45%PEI_SBA-15_45%PEI_N2_120_TGA_1atm,SBA-15_45%PEI,10.1016/j.seppur.2024.126735,058.pdf-id_comprehensive_extraction.json,SBA-15,Porous Silica Materials,PEI,Polymeric Amines,600.0,44.12,10.26046511627907,0,,0,,482.81,1.362,9.04,23.87,0.109,12.44,0.0,100 %,100.0,60 mL/min,60.0,,120.0,TGA,160.55 mg/g,3.637,0.360 mmol/mmol,0.36,,,,,,,,,,,,,1.7,,,,,,,,,,,qwen3-max,DAC_prompt_SCaSE
MCM-41_45%PEI_MCM-41_45%PEI_N2_100_TGA_1atm,MCM-41_45%PEI,10.1016/j.seppur.2024.126735,058.pdf-id_comprehensive_extraction.json,MCM-41,Porous Silica Materials,PEI,Polymeric Amines,600.0,44.1,10.255813953488373,0,,0,,1005.12,1.13,3.18,4.89,0.017,11.52,0.0,100 %,100.0,60 mL/min,60.0,,100.0,TGA,104.27 mg/g,2.364,0.234 mmol/mmol,0.234,,,,,,,,,,,,,,,,,,,,,,,,qwen3-max,DAC_prompt_SCaSE
MCM-48_45%PEI_MCM-48_45%PEI_N2_120_TGA_1atm,MCM-48_45%PEI,10.1016/j.seppur.2024.126735,058.pdf-id_comprehensive_extraction.json,MCM-48,Porous Silica Materials,PEI,Polymeric Amines,600.0,43.67,10.155813953488373,0,,0,,1362.38,0.932,2.74,0.72,0.001,6.98,0.0,100 %,100.0,60 mL/min,60.0,,120.0,TGA,113.00 mg/g,2.562,0.250 mmol/mmol,0.25,,,,,,,,,,,,,,,,,,,,,,,,qwen3-max,DAC_prompt_SCaSE
SBA-15_35%PEI_SBA-15_35%PEI_N2_80_TGA_1atm,SBA-15_35%PEI,10.1016/j.seppur.2024.126735,058.pdf-id_comprehensive_extraction.json,SBA-15,Porous Silica Materials,PEI,Polymeric Amines,600.0,36.99,8.60232558139535,0,,0,,482.81,1.362,9.04,97.48,0.354,9.47,0.0,100 %,100.0,60 mL/min,60.0,,80.0,TGA,114.83 mg/g,2.604,0.292 mmol/mmol,0.292,,,,,,,,,,,,,,,,,,,,,,,,qwen3-max,DAC_prompt_SCaSE
SBA-15_20%PEI_SBA-15_20%PEI_N2_40_TGA_1atm,SBA-15_20%PEI,10.1016/j.seppur.2024.126735,058.pdf-id_comprehensive_extraction.json,SBA-15,Porous Silica Materials,PEI,Polymeric Amines,600.0,19.77,4.597674418604651,0,,0,,482.81,1.362,9.04,242.75,0.86,9.21,0.0,100 %,100.0,60 mL/min,60.0,,40.0,TGA,45.90 mg/g,1.041,0.235 mmol/mmol,0.235,,,,,,,,,,,,,,,,,,,,,,,,qwen3-max,DAC_prompt_SCaSE
MCM-41_35%PEI_MCM-41_35%PEI_N2_100_TGA_1atm,MCM-41_35%PEI,10.1016/j.seppur.2024.126735,058.pdf-id_comprehensive_extraction.json,MCM-41,Porous Silica Materials,PEI,Polymeric Amines,600.0,34.22,7.958139534883721,0,,0,,1005.12,1.13,3.18,28.08,0.083,8.94,0.0,100 %,100.0,60 mL/min,60.0,,100.0,TGA,83.89 mg/g,1.902,0.239 mmol/mmol,0.239,,,,,,,,,,,,,,,,,,,,,,,,qwen3-max,DAC_prompt_SCaSE
MCM-41_20%PEI_MCM-41_20%PEI_N2_40_TGA_1atm,MCM-41_20%PEI,10.1016/j.seppur.2024.126735,058.pdf-id_comprehensive_extraction.json,MCM-41,Porous Silica Materials,PEI,Polymeric Amines,600.0,19.51,4.537209302325582,0,,0,,1005.12,1.13,3.18,395.83,0.469,3.77,0.0,100 %,100.0,60 mL/min,60.0,,40.0,TGA,42.04 mg/g,0.953,0.223 mmol/mmol,0.223,,,,,,,,,,,,,,,,,,,,,,,,qwen3-max,DAC_prompt_SCaSE
MCM-48_35%PEI_MCM-48_35%PEI_N2_110_TGA_1atm,MCM-48_35%PEI,10.1016/j.seppur.2024.126735,058.pdf-id_comprehensive_extraction.json,MCM-48,Porous Silica Materials,PEI,Polymeric Amines,600.0,35.23,8.193023255813953,0,,0,,1362.38,0.932,2.74,1.07,0.002,31.42,0.0,100 %,100.0,60 mL/min,60.0,,110.0,TGA,91.45 mg/g,2.074,0.252 mmol/mmol,0.252,,,,,,,,,,,,,,,,,,,,,,,,qwen3-max,DAC_prompt_SCaSE
MCM-48_20%PEI_MCM-48_20%PEI_N2_120_TGA_1atm,MCM-48_20%PEI,10.1016/j.seppur.2024.126735,058.pdf-id_comprehensive_extraction.json,MCM-48,Porous Silica Materials,PEI,Polymeric Amines,600.0,18.62,4.330232558139535,0,,0,,1362.38,0.932,2.74,24.76,0.102,10.85,0.0,100 %,100.0,60 mL/min,60.0,,120.0,TGA,20.93 mg/g,0.475,0.109 mmol/mmol,0.109,,,,,,,,,,,,,,,,,,,,,,,,qwen3-max,DAC_prompt_SCaSE
SBA-15_45%DETA_SBA-15_45%DETA_N2_100_TGA_1atm,SBA-15_45%DETA,10.1016/j.seppur.2024.126735,058.pdf-id_comprehensive_extraction.json,SBA-15,Porous Silica Materials,DETA,Small-Molecule Polyamines,103.0,47.1,10.953488372093023,0,,0,,482.81,1.362,9.04,10.86,0.055,15.69,0.0,100 %,100.0,60 mL/min,60.0,,100.0,TGA,39.35 mg/g,0.892,0.070 mmol/mmol,0.07,,,,,,,,,,,,,,,,,,,,,,,,qwen3-max,DAC_prompt_SCaSE
SBA-15_35%DETA_SBA-15_35%DETA_N2_40_TGA_1atm,SBA-15_35%DETA,10.1016/j.seppur.2024.126735,058.pdf-id_comprehensive_extraction.json,SBA-15,Porous Silica Materials,DETA,Small-Molecule Polyamines,103.0,34.65,8.05813953488372,0,,0,,482.81,1.362,9.04,54.47,0.26,13.7,0.0,100 %,100.0,60 mL/min,60.0,,40.0,TGA,36.25 mg/g,0.822,0.089 mmol/mmol,0.089,,,,,,,,,,,,,,,,,,,,,,,,qwen3-max,DAC_prompt_SCaSE
SBA-15_20%DETA_SBA-15_20%DETA_N2_40_TGA_1atm,SBA-15_20%DETA,10.1016/j.seppur.2024.126735,058.pdf-id_comprehensive_extraction.json,SBA-15,Porous Silica Materials,DETA,Small-Molecule Polyamines,103.0,19.69,4.579069767441861,0,,0,,482.81,1.362,9.04,194.96,0.781,10.74,0.0,100 %,100.0,60 mL/min,60.0,,40.0,TGA,43.96 mg/g,0.997,0.189 mmol/mmol,0.189,,,,,,,,,,,,,,,,,,,,,,,,qwen3-max,DAC_prompt_SCaSE
MCM-41_45%DETA_MCM-41_45%DETA_N2_80_TGA_1atm,MCM-41_45%DETA,10.1016/j.seppur.2024.126735,058.pdf-id_comprehensive_extraction.json,MCM-41,Porous Silica Materials,DETA,Small-Molecule Polyamines,103.0,45.94,10.683720930232559,0,,0,,1005.12,1.13,3.18,4.97,0.011,7.64,0.0,100 %,100.0,60 mL/min,60.0,,80.0,TGA,73.02 mg/g,1.656,0.132 mmol/mmol,0.132,,,,,,,,,,,,,,,,,,,,,,,,qwen3-max,DAC_prompt_SCaSE
MCM-41_35%DETA_MCM-41_35%DETA_N2_100_TGA_1atm,MCM-41_35%DETA,10.1016/j.seppur.2024.126735,058.pdf-id_comprehensive_extraction.json,MCM-41,Porous Silica Materials,DETA,Small-Molecule Polyamines,103.0,36.93,8.588372093023256,0,,0,,1005.12,1.13,3.18,14.9,0.062,12.92,0.0,100 %,100.0,60 mL/min,60.0,,100.0,TGA,88.91 mg/g,2.016,0.204 mmol/mmol,0.204,,,,,,,,,,,,,,,,,,,,,,,,qwen3-max,DAC_prompt_SCaSE
MCM-41_20%DETA_MCM-41_20%DETA_N2_80_TGA_1atm,MCM-41_20%DETA,10.1016/j.seppur.2024.126735,058.pdf-id_comprehensive_extraction.json,MCM-41,Porous Silica Materials,DETA,Small-Molecule Polyamines,103.0,19.12,4.446511627906977,0,,0,,1005.12,1.13,3.18,56.27,0.283,16.57,0.0,100 %,100.0,60 mL/min,60.0,,80.0,TGA,34.79 mg/g,0.789,0.166 mmol/mmol,0.166,,,,,,,,,,,,,,,,,,,,,,,,qwen3-max,DAC_prompt_SCaSE
MCM-48_45%DETA_MCM-48_45%DETA_N2_100_TGA_1atm,MCM-48_45%DETA,10.1016/j.seppur.2024.126735,058.pdf-id_comprehensive_extraction.json,MCM-48,Porous Silica Materials,DETA,Small-Molecule Polyamines,103.0,45.17,10.504651162790699,0,,0,,1362.38,0.932,2.74,2.99,0.004,5.61,0.0,100 %,100.0,60 mL/min,60.0,,100.0,TGA,15.94 mg/g,0.361,0.029 mmol/mmol,0.029,,,,,,,,,,,,,,,,,,,,,,,,qwen3-max,DAC_prompt_SCaSE
MCM-48_35%DETA_MCM-48_35%DETA_N2_100_TGA_1atm,MCM-48_35%DETA,10.1016/j.seppur.2024.126735,058.pdf-id_comprehensive_extraction.json,MCM-48,Porous Silica Materials,DETA,Small-Molecule Polyamines,103.0,34.82,8.097674418604651,0,,0,,1362.38,0.932,2.74,10.15,0.029,8.05,0.0,100 %,100.0,60 mL/min,60.0,,100.0,TGA,65.86 mg/g,1.493,0.164 mmol/mmol,0.164,,,,,,,,,,,,,,,,,,,,,,,,qwen3-max,DAC_prompt_SCaSE
MCM-48_20%DETA_MCM-48_20%DETA_N2_80_TGA_1atm,MCM-48_20%DETA,10.1016/j.seppur.2024.126735,058.pdf-id_comprehensive_extraction.json,MCM-48,Porous Silica Materials,DETA,Small-Molecule Polyamines,103.0,18.8,4.372093023255815,0,,0,,1362.38,0.932,2.74,11.85,0.095,26.54,0.0,100 %,100.0,60 mL/min,60.0,,80.0,TGA,30.73 mg/g,0.697,0.133 mmol/mmol,0.133,,,,,,,,,,,,,,,,,,,,,,,,qwen3-max,DAC_prompt_SCaSE
HMS-12_bare_HMS-12_bare_45C_1bar_pureCO2_TGA,HMS-12_bare,10.1016/j.micromeso.2017.10.038,059.pdf-id_comprehensive_extraction.json,HMS-12,Porous Silica Materials,0,,,,,0,,0,,1181.0,0.96,2.1,1181.0,0.96,2.1,0.0,100%,100.0,100 mL/min,100.0,,45.0,TGA,0.31 mmol/g,0.31,,,,,,,,,,,,,,,,,,,,,,,,,,qwen3-max,DAC_prompt_SCaSE
HMS-12_DT_6.9%_HMS-12_6.9%DETA__T45_pureCO2_TGA,HMS-12_DT_6.9%,10.1016/j.micromeso.2017.10.038,059.pdf-id_comprehensive_extraction.json,HMS-12,Porous Silica Materials,DETA,Small-Molecule Polyamines,103.17,6.9,1.6046511627906979,0,,0,,1181.0,0.96,2.1,39.0,0.1,10.256410256410257,0.0,100%,100.0,100 mL/min,100.0,,45.0,TGA,1.78 mmol/g,1.78,0.33 mol/mol,0.33,,,,,,,,,,,,,,,,,,,,,,,,qwen3-max,DAC_prompt_SCaSE
HMS-12_PEI_50%_HMS-12_50%PEI__T45_pureCO2_TGA,HMS-12_PEI_50%,10.1016/j.micromeso.2017.10.038,059.pdf-id_comprehensive_extraction.json,HMS-12,Porous Silica Materials,PEI,Polymeric Amines,800.0,50.0,11.627906976744187,0,,0,,1181.0,0.96,2.1,27.0,0.08,11.851851851851851,0.0,100%,100.0,100 mL/min,100.0,,45.0,TGA,1.91 mmol/g,1.91,0.19 mol/mol,0.19,,,,,,,,,,,,,,,,,,,,,,,,qwen3-max,DAC_prompt_SCaSE
HMS-12_PEI_50%_HMS-12_50%PEI__T90_pureCO2_TGA,HMS-12_PEI_50%,10.1016/j.micromeso.2017.10.038,059.pdf-id_comprehensive_extraction.json,HMS-12,Porous Silica Materials,PEI,Polymeric Amines,800.0,50.0,11.627906976744187,0,,0,,1181.0,0.96,2.1,27.0,0.08,11.851851851851851,0.0,100%,100.0,100 mL/min,100.0,,90.0,TGA,3.32 mmol/g,3.32,,,,60.0,195.8333333333333,TG Curve/ CO2 adsorption profile,q (mmol CO₂ / g ads),"[[0, 0.0], [50, 0.85], [100, 1.35], [150, 1.6], [200, 1.72], [250, 1.78], [300, 1.82], [400, 1.86], [500, 1.88], [600, 1.89], [700, 1.9]]","min, mmol/g","['-', '-']",,,,,,,,,,,,,,,,qwen3-max,DAC_prompt_SCaSE
HMS-12_PEI_50%_HMS-12_50%PEI__T45_400ppmCO2_TGA,HMS-12_PEI_50%,10.1016/j.micromeso.2017.10.038,059.pdf-id_comprehensive_extraction.json,HMS-12,Porous Silica Materials,PEI,Polymeric Amines,800.0,50.0,11.627906976744187,0,,0,,1181.0,0.96,2.1,27.0,0.08,11.851851851851851,45.0,400 ppm,0.04,100 mL/min,100.0,,45.0,TGA,1.49 mmol/g,1.49,,,,84.16666666666666,286.87500000000006,TG Curve/ CO2 adsorption profile,q (mmol CO₂/g ads.),"[[0, 0.0], [50, 0.55], [100, 0.85], [150, 1.05], [200, 1.2], [250, 1.3], [300, 1.38], [400, 1.45], [500, 1.48], [600, 1.5], [700, 1.51]]","min, mmol/g","['-', '-']",,,12.0,,,,,,,,,,,,,qwen3-max,DAC_prompt_SCaSE
HMS-10_PEI_50%_HMS-10_50%PEI__T45_pureCO2_TGA,HMS-10_PEI_50%,10.1016/j.micromeso.2017.10.038,059.pdf-id_comprehensive_extraction.json,HMS-10,Porous Silica Materials,PEI,Polymeric Amines,800.0,50.0,11.627906976744187,0,,0,,918.0,0.72,2.0,23.0,0.07,12.173913043478262,0.0,100%,100.0,100 mL/min,100.0,,45.0,TGA,2.04 mmol/g,2.04,0.22 mol/mol,0.22,,,,,,,,,,,,,,,,,,,,,,,,qwen3-max,DAC_prompt_SCaSE
HMS-10_PEI_50%_HMS-10_50%PEI__T90_pureCO2_TGA,HMS-10_PEI_50%,10.1016/j.micromeso.2017.10.038,059.pdf-id_comprehensive_extraction.json,HMS-10,Porous Silica Materials,PEI,Polymeric Amines,800.0,50.0,11.627906976744187,0,,0,,918.0,0.72,2.0,23.0,0.07,12.173913043478262,0.0,100%,100.0,100 mL/min,100.0,,90.0,TGA,4.19 mmol/g,4.19,,,,7.84,31.399999999999995,TG Curve/ CO2 adsorption profile,q (mmol CO₂ / g ads),"[[0, 0.0], [10, 2.5], [20, 3.3], [40, 3.7], [60, 3.8], [80, 3.85], [100, 3.88], [120, 3.9], [140, 3.91], [160, 3.92]]","min, mmol/g","['-', '-']",,,,,,,,,,,,,,,,qwen3-max,DAC_prompt_SCaSE
HMS-10_PEI_50%_HMS-10_50%PEI__T45_400ppmCO2_TGA,HMS-10_PEI_50%,10.1016/j.micromeso.2017.10.038,059.pdf-id_comprehensive_extraction.json,HMS-10,Porous Silica Materials,PEI,Polymeric Amines,800.0,50.0,11.627906976744187,0,,0,,918.0,0.72,2.0,23.0,0.07,12.173913043478262,45.0,400 ppm,0.04,100 mL/min,100.0,,45.0,TGA,1.80 mmol/g,1.8,,,,60.0,195.8333333333333,TG Curve/ CO2 adsorption profile,q (mmol CO₂/g ads.),"[[0, 0.0], [50, 0.85], [100, 1.35], [150, 1.6], [200, 1.72], [250, 1.78], [300, 1.82], [400, 1.86], [500, 1.88], [600, 1.89], [700, 1.9]]","min, mmol/g","['-', '-']",,,12.0,,,,,,,,,,,,,qwen3-max,DAC_prompt_SCaSE
